bnf_code,bnf_code_short,presentation_pack_level,vmp_vmpp_amp_ampp,bnf_name,snomed_code,term
0301011R0AABEBE,0301011R0,Presentation,VMP,Salbutamol 4mg modified-release tablets,39025011000001108,Salbutamol
0301011R0AABEBE,0301011R0,Pack,VMPP,Salbutamol 4mg modified-release tablets,968511000001104,Salbutamol
0301011R0AABEBE,0301011R0,Pack,VMPP,Salbutamol 4mg modified-release tablets,5410311000001109,Salbutamol
0301011R0BNULLABE,0301011R0,Presentation,AMP,Volmax 4mg modified-release tablets,196411000001104,Salbutamol
0301011R0BNULLABE,0301011R0,Pack,AMPP,Volmax 4mg modified-release tablets,1907211000001102,Salbutamol
0301011R0AABFBF,0301011R0,Presentation,VMP,Salbutamol 8mg modified-release tablets,35937111000001101,Salbutamol
0301011R0AABFBF,0301011R0,Pack,VMPP,Salbutamol 8mg modified-release tablets,1017511000001106,Salbutamol
0301011R0AABFBF,0301011R0,Pack,VMPP,Salbutamol 8mg modified-release tablets,5411011000001102,Salbutamol
0301011R0BNULLBBF,0301011R0,Presentation,AMP,Volmax 8mg modified-release tablets,831811000001109,Salbutamol
0301011R0BNULLBBF,0301011R0,Pack,AMPP,Volmax 8mg modified-release tablets,1907311000001105,Salbutamol
0301011R0AABPBP,0301011R0,Presentation,VMP,Salbutamol 8mg modified-release capsules,39025111000001109,Salbutamol
0301011R0AABPBP,0301011R0,Pack,VMPP,Salbutamol 8mg modified-release capsules,1009311000001108,Salbutamol
0301011R0BSABBP,0301011R0,Presentation,AMP,Ventmax SR 8mg capsules,281511000001105,Salbutamol
0301011R0BSABBP,0301011R0,Pack,AMPP,Ventmax SR 8mg capsules,1907411000001103,Salbutamol
0301011R0AABMBM,0301011R0,Presentation,VMP,Salbutamol 4mg modified-release capsules,39025211000001103,Salbutamol
0301011R0AABMBM,0301011R0,Pack,VMPP,Salbutamol 4mg modified-release capsules,968111000001108,Salbutamol
0301011R0BSAABM,0301011R0,Presentation,AMP,Ventmax SR 4mg capsules,626411000001107,Salbutamol
0301011R0BSAABM,0301011R0,Pack,AMPP,Ventmax SR 4mg capsules,1907511000001104,Salbutamol
0301011R0AABCBC,0301011R0,Presentation,VMP,Salbutamol 5mg/5ml solution for infusion ampoules,39025311000001106,Salbutamol
0301011R0AABCBC,0301011R0,Pack,VMPP,Salbutamol 5mg/5ml solution for infusion ampoules,1116211000001104,Salbutamol
0301011R0BEAUBC,0301011R0,Presentation,AMP,Ventolin 5mg/5ml solution for infusion ampoules,886111000001103,Salbutamol
0301011R0BEAUBC,0301011R0,Pack,AMPP,Ventolin 5mg/5ml solution for infusion ampoules,1907611000001100,Salbutamol
0301030S0AABFBF,0301030S0,Presentation,VMP,Theophylline 120mg/5ml oral liquid,16075511000001107,Theophylline
0301030S0AABFBF,0301030S0,Pack,VMPP,Theophylline 120mg/5ml oral liquid,16043211000001106,Theophylline
0301030S0AABFBF,0301030S0,Presentation,AMP,Theophylline 120mg/5ml oral liquid,16043311000001103,Theophylline
0301030S0AABFBF,0301030S0,Pack,AMPP,Theophylline 120mg/5ml oral liquid,16043511000001109,Theophylline
0301030S0AABFBF,0301030S0,Presentation,VMP,Theophylline 120mg/5ml oral liquid,16075611000001106,Theophylline
0301030S0AABFBF,0301030S0,Pack,VMPP,Theophylline 120mg/5ml oral liquid,16043811000001107,Theophylline
0301030S0AABFBF,0301030S0,Presentation,AMP,Theophylline 120mg/5ml oral liquid,16043911000001102,Theophylline
0301030S0AABFBF,0301030S0,Pack,AMPP,Theophylline 120mg/5ml oral liquid,16044011000001104,Theophylline
0301030S0AABGBG,0301030S0,Presentation,VMP,Theophylline 175mg/5ml oral liquid,16075811000001105,Theophylline
0301030S0AABGBG,0301030S0,Pack,VMPP,Theophylline 175mg/5ml oral liquid,16044411000001108,Theophylline
0301030S0AABGBG,0301030S0,Presentation,AMP,Theophylline 175mg/5ml oral liquid,16044511000001107,Theophylline
0301030S0AABGBG,0301030S0,Pack,AMPP,Theophylline 175mg/5ml oral liquid,16044611000001106,Theophylline
0301030S0AABGBG,0301030S0,Presentation,VMP,Theophylline 175mg/5ml oral liquid,16075711000001102,Theophylline
0301030S0AABGBG,0301030S0,Pack,VMPP,Theophylline 175mg/5ml oral liquid,16044911000001100,Theophylline
0301030S0AABGBG,0301030S0,Presentation,AMP,Theophylline 175mg/5ml oral liquid,16045011000001100,Theophylline
0301030S0AABGBG,0301030S0,Pack,AMPP,Theophylline 175mg/5ml oral liquid,16045211000001105,Theophylline
0301011R0AABZBZ,0301011R0,Presentation,VMP,Salbutamol 100micrograms/dose dry powder inhaler,9207411000001106,Salbutamol
0301011R0AABZBZ,0301011R0,Pack,VMPP,Salbutamol 100micrograms/dose dry powder inhaler,9205111000001105,Salbutamol
0301011R0BWAABZ,0301011R0,Presentation,AMP,Easyhaler Salbutamol sulfate 100micrograms/dose dry pdr inh,9205211000001104,Salbutamol
0301011R0BWAABZ,0301011R0,Pack,AMPP,Easyhaler Salbutamol sulfate 100micrograms/dose dry pdr inh,9205311000001107,Salbutamol
0302000C0AACACA,0302000C0,Presentation,VMP,Beclometasone 200microg/Formoterol 6microg/dose dry pdr inh,31087511000001105,Beclometasone dipropionate
0302000C0AACACA,0302000C0,Pack,VMPP,Beclometasone 200microg/Formoterol 6microg/dose dry pdr inh,31063011000001105,Beclometasone dipropionate
0302000C0BRABCA,0302000C0,Presentation,AMP,Fostair NEXThaler 200microg/dose / 6microg/dose dry pdr inh,31063111000001106,Beclometasone dipropionate
0302000C0BRABCA,0302000C0,Pack,AMPP,Fostair NEXThaler 200microg/dose / 6microg/dose dry pdr inh,31063211000001100,Beclometasone dipropionate
0302000C0AABZBZ,0302000C0,Presentation,VMP,Beclometasone 200microg/Formoterol 6microg/dose inh CFC free,31087411000001106,Beclometasone dipropionate
0302000C0AABZBZ,0302000C0,Pack,VMPP,Beclometasone 200microg/Formoterol 6microg/dose inh CFC free,31063311000001108,Beclometasone dipropionate
0302000C0BQABBZ,0302000C0,Presentation,AMP,Fostair 200micrograms/dose / 6micrograms/dose inhaler,31063411000001101,Beclometasone dipropionate
0302000C0BQABBZ,0302000C0,Pack,AMPP,Fostair 200micrograms/dose / 6micrograms/dose inhaler,31063511000001102,Beclometasone dipropionate
0302000C0BUABBZ,0302000C0,Presentation,AMP,Luforbec 200micrograms/dose / 6micrograms/dose inhaler,40852311000001103,Beclometasone dipropionate
0302000C0BUABBZ,0302000C0,Pack,AMPP,Luforbec 200micrograms/dose / 6micrograms/dose inhaler,40852411000001105,Beclometasone dipropionate
0302000C0BWABBZ,0302000C0,Presentation,AMP,Bibecfo 200micrograms/dose / 6micrograms/dose inhaler,41966111000001105,Beclometasone dipropionate
0302000C0BWABBZ,0302000C0,Pack,AMPP,Bibecfo 200micrograms/dose / 6micrograms/dose inhaler,41966211000001104,Beclometasone dipropionate
0302000K0AABBBB,0302000K0,Presentation,VMP,Budesonide 200microg / Formoterol 6microg/dose inh CFC free,32960711000001105,Budesonide
0302000K0AABBBB,0302000K0,Pack,VMPP,Budesonide 200microg / Formoterol 6microg/dose inh CFC free,32925511000001101,Budesonide
0302000K0BDADBB,0302000K0,Presentation,AMP,Symbicort 200microg/dose / 6microg/dose pressurised inh,32926011000001100,Budesonide
0302000K0BDADBB,0302000K0,Pack,AMPP,Symbicort 200microg/dose / 6microg/dose pressurised inh,32926711000001103,Budesonide
0301020T0AAAAAA,0301020T0,Presentation,VMP,Umeclidinium bromide 65micrograms/dose dry powder inhaler,27890611000001109,Umeclidinium bromide
0301020T0AAAAAA,0301020T0,Pack,VMPP,Umeclidinium bromide 65micrograms/dose dry powder inhaler,27567611000001107,Umeclidinium bromide
0301020T0BBAAAA,0301020T0,Presentation,AMP,Incruse Ellipta 55micrograms/dose dry powder inhaler,27567911000001101,Umeclidinium bromide
0301020T0BBAAAA,0301020T0,Pack,AMPP,Incruse Ellipta 55micrograms/dose dry powder inhaler,27568011000001104,Umeclidinium bromide
0301020I0AAANULLN,0301020I0,Presentation,VMP,Ipratropium bromide 20micrograms/dose inhaler CFC free,38894511000001107,Ipratropium bromide
0301020I0AAANULLN,0301020I0,Pack,VMPP,Ipratropium bromide 20micrograms/dose inhaler CFC free,7389811000001100,Ipratropium bromide
0301020I0BBAJAN,0301020I0,Presentation,AMP,Atrovent 20micrograms/dose inhaler CFC free,7389911000001105,Ipratropium bromide
0301020I0BBAJAN,0301020I0,Pack,AMPP,Atrovent 20micrograms/dose inhaler CFC free,7390011000001102,Ipratropium bromide
0301020I0AAANULLN,0301020I0,Presentation,AMP,Ipratropium bromide 20micrograms/dose inhaler CFC free,27872911000001109,Ipratropium bromide
0301020I0AAANULLN,0301020I0,Pack,AMPP,Ipratropium bromide 20micrograms/dose inhaler CFC free,27873111000001100,Ipratropium bromide
0301020I0BIAAAN,0301020I0,Presentation,AMP,Inhalvent 20micrograms/dose inhaler,34954811000001109,Ipratropium bromide
0301020I0BIAAAN,0301020I0,Pack,AMPP,Inhalvent 20micrograms/dose inhaler,34954911000001104,Ipratropium bromide
0301020I0BJAAAN,0301020I0,Presentation,AMP,Ipravent 20micrograms/dose inhaler CFC free,37842911000001109,Ipratropium bromide
0301020I0BJAAAN,0301020I0,Pack,AMPP,Ipravent 20micrograms/dose inhaler CFC free,37843011000001101,Ipratropium bromide
0302000C0AAASAS,0302000C0,Presentation,VMP,Beclometasone 50micrograms/dose breath actuated inhaler,35909211000001109,Beclometasone dipropionate
0302000C0AAASAS,0302000C0,Pack,VMPP,Beclometasone 50micrograms/dose breath actuated inhaler,3604511000001103,Beclometasone dipropionate
0302000C0BFADAS,0302000C0,Presentation,AMP,Beclazone 50 Easi-Breathe inhaler,3604611000001104,Beclometasone dipropionate
0302000C0BFADAS,0302000C0,Pack,AMPP,Beclazone 50 Easi-Breathe inhaler,3604711000001108,Beclometasone dipropionate
0302000C0BEAAAS,0302000C0,Presentation,AMP,AeroBec 50 Autohaler,3604911000001105,Beclometasone dipropionate
0302000C0BEAAAS,0302000C0,Pack,AMPP,AeroBec 50 Autohaler,3605011000001105,Beclometasone dipropionate
0302000C0BJAFBH,0302000C0,Presentation,AMP,Qvar 100micrograms/dose Easi-Breathe inhaler,8159711000001102,Beclometasone dipropionate
0301030B0AAABAB,0301030B0,Presentation,VMP,Aminophylline 250mg/10ml solution for injection ampoules,35900511000001104,Aminophylline
0301030B0AAABAB,0301030B0,Pack,VMPP,Aminophylline 250mg/10ml solution for injection ampoules,966611000001101,Aminophylline
0301030B0AAABAB,0301030B0,Presentation,AMP,Aminophylline 250mg/10ml solution for injection ampoules,585311000001107,Aminophylline
0301030B0AAABAB,0301030B0,Pack,AMPP,Aminophylline 250mg/10ml solution for injection ampoules,2773311000001100,Aminophylline
0301030B0AAABAB,0301030B0,Presentation,AMP,Aminophylline 250mg/10ml solution for injection ampoules,205711000001102,Aminophylline
0301030B0AAABAB,0301030B0,Pack,AMPP,Aminophylline 250mg/10ml solution for injection ampoules,2773811000001109,Aminophylline
0301030B0AAABAB,0301030B0,Presentation,AMP,Aminophylline 250mg/10ml solution for injection ampoules,870011000001105,Aminophylline
0301030B0AAABAB,0301030B0,Pack,AMPP,Aminophylline 250mg/10ml solution for injection ampoules,2774411000001105,Aminophylline
0301030B0AAABAB,0301030B0,Presentation,AMP,Aminophylline 250mg/10ml solution for injection ampoules,5081211000001104,Aminophylline
0301030B0AAABAB,0301030B0,Pack,AMPP,Aminophylline 250mg/10ml solution for injection ampoules,5081311000001107,Aminophylline
0301030B0AAABAB,0301030B0,Presentation,AMP,Aminophylline 250mg/10ml solution for injection ampoules,10681511000001104,Aminophylline
0301030B0AAABAB,0301030B0,Pack,AMPP,Aminophylline 250mg/10ml solution for injection ampoules,10681611000001100,Aminophylline
0302000K0AABCBC,0302000K0,Presentation,VMP,Budesonide 100microg / Formoterol 3microg/dose inh CFC free,39133611000001108,Budesonide
0302000K0AABCBC,0302000K0,Pack,VMPP,Budesonide 100microg / Formoterol 3microg/dose inh CFC free,39105711000001105,Budesonide
0302000K0BDAEBC,0302000K0,Presentation,AMP,Symbicort 100microg/dose / 3microg/dose pressurised inh,39105811000001102,Budesonide
0302000K0BDAEBC,0302000K0,Pack,AMPP,Symbicort 100microg/dose / 3microg/dose pressurised inh,39106111000001103,Budesonide
0302000X0AAAAAA,0302000X0,Presentation,VMP,Indacaterol 125microg/Mometasone 62.5microg/dose pdr caps,39116511000001109,Indacaterol/mometasone
0302000X0AAAAAA,0302000X0,Pack,VMPP,Indacaterol 125microg/Mometasone 62.5microg/dose pdr caps,39114411000001102,Indacaterol/mometasone
0302000X0BBAAAA,0302000X0,Presentation,AMP,Atectura Breezhaler 125microg/62.5microg inhalation pdr caps,39114511000001103,Indacaterol/mometasone
0302000X0BBAAAA,0302000X0,Pack,AMPP,Atectura Breezhaler 125microg/62.5microg inhalation pdr caps,39114611000001104,Indacaterol/mometasone
0302000X0AAABAB,0302000X0,Presentation,VMP,Indacaterol 125microg/Mometasone 127.5microg/dose pdr caps,39116311000001103,Indacaterol/mometasone
0302000X0AAABAB,0302000X0,Pack,VMPP,Indacaterol 125microg/Mometasone 127.5microg/dose pdr caps,39115211000001100,Indacaterol/mometasone
0302000X0BBABAB,0302000X0,Presentation,AMP,Atectura Breezhaler 125microg/127.5microg pdr caps,39115411000001101,Indacaterol/mometasone
0302000X0BBABAB,0302000X0,Pack,AMPP,Atectura Breezhaler 125microg/127.5microg pdr caps,39115511000001102,Indacaterol/mometasone
0302000X0AAACAC,0302000X0,Presentation,VMP,Indacaterol 125microg/Mometasone 260microg/dose pdr caps,39116411000001105,Indacaterol/mometasone
0302000X0AAACAC,0302000X0,Pack,VMPP,Indacaterol 125microg/Mometasone 260microg/dose pdr caps,39115811000001104,Indacaterol/mometasone
0302000X0BBACAC,0302000X0,Presentation,AMP,Atectura Breezhaler 125microg/260microg inhalation pdr caps,39115911000001109,Indacaterol/mometasone
0302000X0BBACAC,0302000X0,Pack,AMPP,Atectura Breezhaler 125microg/260microg inhalation pdr caps,39116011000001101,Indacaterol/mometasone
0302000W0AAAAAA,0302000W0,Presentation,VMP,Generic Enerzair Breezhaler 114/46/136microg inh caps + dev,39134511000001107,Mometasone/glycopyrronium/indacaterol
0302000W0AAAAAA,0302000W0,Pack,VMPP,Generic Enerzair Breezhaler 114/46/136microg inh caps + dev,39134611000001106,Mometasone/glycopyrronium/indacaterol
0302000W0BBAAAA,0302000W0,Presentation,AMP,Enerzair Breezhaler 114microg / 46microg / 136microg/dose,39134711000001102,Mometasone/glycopyrronium/indacaterol
0302000W0BBAAAA,0302000W0,Pack,AMPP,Enerzair Breezhaler 114microg / 46microg / 136microg/dose,39134811000001105,Mometasone/glycopyrronium/indacaterol
0302000W0BBAAAA,0302000W0,Pack,AMPP,Enerzair Breezhaler 114microg / 46microg / 136microg/dose,39134911000001100,Mometasone/glycopyrronium/indacaterol
0301030S0AAADAD,0301030S0,Presentation,VMP,Theophylline 250mg modified-release capsules,35917911000001105,Theophylline
0301030S0AAADAD,0301030S0,Pack,VMPP,Theophylline 250mg modified-release capsules,1264611000001109,Theophylline
0301030S0AAADAD,0301030S0,Pack,VMPP,Theophylline 250mg modified-release capsules,1002211000001108,Theophylline
0301030S0BHACAD,0301030S0,Presentation,AMP,Slo-Phyllin 250mg capsules,543711000001100,Theophylline
0301030S0BHACAD,0301030S0,Pack,AMPP,Slo-Phyllin 250mg capsules,2322311000001105,Theophylline
0301030S0BHACAD,0301030S0,Pack,AMPP,Slo-Phyllin 250mg capsules,2322611000001100,Theophylline
0301030S0AAACAC,0301030S0,Presentation,VMP,Theophylline 125mg modified-release capsules,35957711000001104,Theophylline
0301030S0AAACAC,0301030S0,Pack,VMPP,Theophylline 125mg modified-release capsules,1104211000001106,Theophylline
0301030S0BHABAC,0301030S0,Presentation,AMP,Slo-Phyllin 125mg capsules,176011000001103,Theophylline
0301030S0BHABAC,0301030S0,Pack,AMPP,Slo-Phyllin 125mg capsules,2322911000001106,Theophylline
0301030S0AAABAB,0301030S0,Presentation,VMP,Theophylline 60mg modified-release capsules,35918211000001102,Theophylline
0301030S0AAABAB,0301030S0,Pack,VMPP,Theophylline 60mg modified-release capsules,1319411000001102,Theophylline
0301030S0BHAAAB,0301030S0,Presentation,AMP,Slo-Phyllin 60mg capsules,792111000001103,Theophylline
0301030S0BHAAAB,0301030S0,Pack,AMPP,Slo-Phyllin 60mg capsules,2323311000001100,Theophylline
0301030S0AAAMAM,0301030S0,Presentation,VMP,Theophylline 200mg modified-release tablets,35917711000001108,Theophylline
0301030S0AAAMAM,0301030S0,Pack,VMPP,Theophylline 200mg modified-release tablets,944711000001107,Theophylline
0301030S0AAAMAM,0301030S0,Pack,VMPP,Theophylline 200mg modified-release tablets,1181311000001102,Theophylline
0301030S0BIAAAM,0301030S0,Presentation,AMP,Theo-Dur 200mg tablets,296711000001107,Theophylline
0301030S0BIAAAM,0301030S0,Pack,AMPP,Theo-Dur 200mg tablets,2327611000001102,Theophylline
0301030S0BKABAM,0301030S0,Presentation,AMP,Uniphyllin Continus 200mg tablets,454311000001109,Theophylline
0301030S0BKABAM,0301030S0,Pack,AMPP,Uniphyllin Continus 200mg tablets,2327911000001108,Theophylline
0301030S0AAAJAJ,0301030S0,Presentation,VMP,Theophylline 125mg tablets,42298611000001104,Theophylline
0301030S0AAAJAJ,0301030S0,Pack,VMPP,Theophylline 125mg tablets,1050011000001107,Theophylline
0301030S0BDAAAJ,0301030S0,Presentation,AMP,Nuelin 125mg tablets,468311000001108,Theophylline
0301030S0BDAAAJ,0301030S0,Pack,AMPP,Nuelin 125mg tablets,2323911000001104,Theophylline
0301030S0AAAGAG,0301030S0,Presentation,VMP,Theophylline 60mg/5ml oral liquid,42298711000001108,Theophylline
0301030S0AAAGAG,0301030S0,Pack,VMPP,Theophylline 60mg/5ml oral liquid,985011000001101,Theophylline
0301030S0AAAGAG,0301030S0,Pack,VMPP,Theophylline 60mg/5ml oral liquid,14789711000001104,Theophylline
0301030S0BDABAG,0301030S0,Presentation,AMP,Nuelin 60mg/5ml liquid,436811000001108,Theophylline
0301030S0BDABAG,0301030S0,Pack,AMPP,Nuelin 60mg/5ml liquid,2324611000001108,Theophylline
0301030S0AAAGAG,0301030S0,Presentation,AMP,Theophylline 60mg/5ml oral liquid,14789811000001107,Theophylline
0301030S0AAAGAG,0301030S0,Pack,AMPP,Theophylline 60mg/5ml oral liquid,14789911000001102,Theophylline
0301030S0AAALAL,0301030S0,Presentation,VMP,Theophylline 175mg modified-release tablets,35917611000001104,Theophylline
0301011R0AABBBB,0301011R0,Presentation,VMP,Salbutamol 5mg/ml nebuliser liquid,39709511000001105,Salbutamol
0301011R0AABBBB,0301011R0,Pack,VMPP,Salbutamol 5mg/ml nebuliser liquid,4843611000001101,Salbutamol
0301011R0BEARBB,0301011R0,Presentation,AMP,Ventolin 5mg/ml respirator solution,4843911000001107,Salbutamol
0301011R0BEARBB,0301011R0,Pack,AMPP,Ventolin 5mg/ml respirator solution,4844111000001106,Salbutamol
0301030S0AAAGAG,0301030S0,Presentation,VMP,Theophylline 60mg/5ml oral liquid,14797111000001107,Theophylline
0301030S0AAAGAG,0301030S0,Pack,VMPP,Theophylline 60mg/5ml oral liquid,14790011000001105,Theophylline
0301030S0AAAGAG,0301030S0,Pack,VMPP,Theophylline 60mg/5ml oral liquid,35053211000001108,Theophylline
0301030S0AAAGAG,0301030S0,Presentation,AMP,Theophylline 60mg/5ml oral liquid,14790111000001106,Theophylline
0301030S0AAAGAG,0301030S0,Pack,AMPP,Theophylline 60mg/5ml oral liquid,14790211000001100,Theophylline
0301030S0AAAGAG,0301030S0,Pack,AMPP,Theophylline 60mg/5ml oral liquid,35053311000001100,Theophylline
0302000N0AAABAB,0302000N0,Pack,VMPP,Fluticasone propionate 50microgram inhalation pdr blist,3100211000001108,Fluticasone propionate (Inhalation)
0302000N0AAABAB,0302000N0,Pack,VMPP,Fluticasone propionate 50microgram inhalation pdr blist,3100411000001107,Fluticasone propionate (Inhalation)
0302000N0BBABAB,0302000N0,Presentation,AMP,Flixotide 50microgram disks,3100811000001109,Fluticasone propionate (Inhalation)
0302000N0BBABAB,0302000N0,Pack,AMPP,Flixotide 50microgram disks,3101011000001107,Fluticasone propionate (Inhalation)
0302000N0BBABAB,0302000N0,Pack,AMPP,Flixotide 50microgram disks,3101611000001100,Fluticasone propionate (Inhalation)
0302000C0AAAJAJ,0302000C0,Presentation,VMP,Beclometasone 400microgram inhalation pdr blist with device,35909011000001104,Beclometasone dipropionate
0302000C0AAAJAJ,0302000C0,Pack,VMPP,Beclometasone 400microgram inhalation pdr blist with device,3101211000001102,Beclometasone dipropionate
0302000C0AAAJAJ,0302000C0,Pack,VMPP,Beclometasone 400microgram inhalation pdr blist with device,3101511000001104,Beclometasone dipropionate
0302000C0AAAJAJ,0302000C0,Pack,VMPP,Beclometasone 400microgram inhalation pdr blist with device,3101711000001109,Beclometasone dipropionate
0302000C0AAAJAJ,0302000C0,Pack,VMPP,Beclometasone 400microgram inhalation pdr blist with device,3101811000001101,Beclometasone dipropionate
0302000C0BHAEAJ,0302000C0,Presentation,AMP,Becodisks 400microgram with Diskhaler,3102211000001109,Beclometasone dipropionate
0302000C0BHAEAJ,0302000C0,Pack,AMPP,Becodisks 400microgram with Diskhaler,3102511000001107,Beclometasone dipropionate
0302000C0BHAEAJ,0302000C0,Pack,AMPP,Becodisks 400microgram with Diskhaler,3102611000001106,Beclometasone dipropionate
0302000C0BHAEAJ,0302000C0,Pack,AMPP,Becodisks 400microgram with Diskhaler,3102811000001105,Beclometasone dipropionate
0302000C0BBACAJ,0302000C0,Presentation,AMP,Becloforte 400microgram disks with Diskhaler,3103211000001103,Beclometasone dipropionate
0302000C0BBACAJ,0302000C0,Pack,AMPP,Becloforte 400microgram disks with Diskhaler,3103411000001104,Beclometasone dipropionate
0302000N0AAAFAF,0302000N0,Presentation,VMP,Fluticasone propionate 250microgram inhalation pdr blist,36059511000001106,Fluticasone propionate (Inhalation)
0302000N0AAAFAF,0302000N0,Pack,VMPP,Fluticasone propionate 250microgram inhalation pdr blist,3103011000001108,Fluticasone propionate (Inhalation)
0302000N0AAAFAF,0302000N0,Pack,VMPP,Fluticasone propionate 250microgram inhalation pdr blist,3103111000001109,Fluticasone propionate (Inhalation)
0302000N0BBAFAF,0302000N0,Presentation,AMP,Flixotide 250microgram disks,3103511000001100,Fluticasone propionate (Inhalation)
0302000N0BBAFAF,0302000N0,Pack,AMPP,Flixotide 250microgram disks,3103711000001105,Fluticasone propionate (Inhalation)
0302000N0BBAFAF,0302000N0,Pack,AMPP,Flixotide 250microgram disks,3104711000001107,Fluticasone propionate (Inhalation)
0302000C0AAAQAQ,0302000C0,Presentation,VMP,Beclometasone 400microgram inhalation powder blisters,35908911000001108,Beclometasone dipropionate
0302000C0AAAQAQ,0302000C0,Pack,VMPP,Beclometasone 400microgram inhalation powder blisters,3104311000001108,Beclometasone dipropionate
0302000C0AAAQAQ,0302000C0,Pack,VMPP,Beclometasone 400microgram inhalation powder blisters,3104411000001101,Beclometasone dipropionate
0302000C0AAAQAQ,0302000C0,Pack,VMPP,Beclometasone 400microgram inhalation powder blisters,3104511000001102,Beclometasone dipropionate
0302000C0BHAFAQ,0302000C0,Presentation,AMP,Becodisks 400microgram,3104911000001109,Beclometasone dipropionate
0302000C0BHAFAQ,0302000C0,Pack,AMPP,Becodisks 400microgram,3105011000001109,Beclometasone dipropionate
0302000C0BHAFAQ,0302000C0,Pack,AMPP,Becodisks 400microgram,3105111000001105,Beclometasone dipropionate
0302000C0BBADAQ,0302000C0,Presentation,AMP,Becloforte 400microgram disks,3105311000001107,Beclometasone dipropionate
0302000C0BBADAQ,0302000C0,Pack,AMPP,Becloforte 400microgram disks,3105611000001102,Beclometasone dipropionate
0302000N0AAAEAE,0302000N0,Presentation,VMP,Fluticasone propionate 250mcg inhalation pdr blist + dev,36059411000001107,Fluticasone propionate (Inhalation)
0302000N0AAAEAE,0302000N0,Pack,VMPP,Fluticasone propionate 250mcg inhalation pdr blist + dev,3105211000001104,Fluticasone propionate (Inhalation)
0302000N0AAAEAE,0302000N0,Pack,VMPP,Fluticasone propionate 250mcg inhalation pdr blist + dev,3105411000001100,Fluticasone propionate (Inhalation)
0302000N0AAAEAE,0302000N0,Pack,VMPP,Fluticasone propionate 250mcg inhalation pdr blist + dev,3105511000001101,Fluticasone propionate (Inhalation)
0302000N0BBAEAE,0302000N0,Presentation,AMP,Flixotide 250microgram disks with Diskhaler,3106311000001102,Fluticasone propionate (Inhalation)
0302000N0BBAEAE,0302000N0,Pack,AMPP,Flixotide 250microgram disks with Diskhaler,3106811000001106,Fluticasone propionate (Inhalation)
0302000N0BBAEAE,0302000N0,Pack,AMPP,Flixotide 250microgram disks with Diskhaler,3106511000001108,Fluticasone propionate (Inhalation)
0302000N0BBAEAE,0302000N0,Pack,AMPP,Flixotide 250microgram disks with Diskhaler,3107211000001107,Fluticasone propionate (Inhalation)
0302000N0AAAPAP,0302000N0,Presentation,VMP,Fluticasone propionate 500microg inhalation pdr blist,36059711000001101,Fluticasone propionate (Inhalation)
0302000N0AAAPAP,0302000N0,Pack,VMPP,Fluticasone propionate 500microg inhalation pdr blist,3107911000001103,Fluticasone propionate (Inhalation)
0302000N0AAAPAP,0302000N0,Pack,VMPP,Fluticasone propionate 500microg inhalation pdr blist,3108011000001101,Fluticasone propionate (Inhalation)
0302000N0AAAPAP,0302000N0,Pack,VMPP,Fluticasone propionate 500microg inhalation pdr blist,3108211000001106,Fluticasone propionate (Inhalation)
0302000N0BBAPAP,0302000N0,Presentation,AMP,Flixotide 500microgram disks with Diskhaler,3108411000001105,Fluticasone propionate (Inhalation)
0302000N0BBAPAP,0302000N0,Pack,AMPP,Flixotide 500microgram disks with Diskhaler,3108811000001107,Fluticasone propionate (Inhalation)
0302000N0BBAPAP,0302000N0,Pack,AMPP,Flixotide 500microgram disks with Diskhaler,3108911000001102,Fluticasone propionate (Inhalation)
0302000N0BBAPAP,0302000N0,Pack,AMPP,Flixotide 500microgram disks with Diskhaler,3109311000001109,Fluticasone propionate (Inhalation)
0302000N0AAAQAQ,0302000N0,Presentation,VMP,Fluticasone propionate 500microgram inhalation pdr blist,36059611000001105,Fluticasone propionate (Inhalation)
0302000N0AAAQAQ,0302000N0,Pack,VMPP,Fluticasone propionate 500microgram inhalation pdr blist,3110111000001104,Fluticasone propionate (Inhalation)
0302000N0AAAQAQ,0302000N0,Pack,VMPP,Fluticasone propionate 500microgram inhalation pdr blist,3110211000001105,Fluticasone propionate (Inhalation)
0302000N0BBAQAQ,0302000N0,Presentation,AMP,Flixotide 500microgram disks,3110511000001108,Fluticasone propionate (Inhalation)
0302000N0BBAQAQ,0302000N0,Pack,AMPP,Flixotide 500microgram disks,3110711000001103,Fluticasone propionate (Inhalation)
0302000N0BBAQAQ,0302000N0,Pack,AMPP,Flixotide 500microgram disks,3110811000001106,Fluticasone propionate (Inhalation)
0302000C0AABIBI,0302000C0,Presentation,VMP,Beclometasone 50micrograms/dose dry powder inhaler,35909411000001108,Beclometasone dipropionate
0302000C0AABIBI,0302000C0,Pack,VMPP,Beclometasone 50micrograms/dose dry powder inhaler,3111811000001103,Beclometasone dipropionate
0302000C0BIADBI,0302000C0,Presentation,AMP,Asmabec 50 Clickhaler,3111911000001108,Beclometasone dipropionate
0302000C0BIADBI,0302000C0,Pack,AMPP,Asmabec 50 Clickhaler,3112011000001101,Beclometasone dipropionate
0302000C0AABJBJ,0302000C0,Presentation,VMP,Beclometasone 100micrograms/dose dry powder inhaler,35908011000001109,Beclometasone dipropionate
0302000C0AABJBJ,0302000C0,Pack,VMPP,Beclometasone 100micrograms/dose dry powder inhaler,3112111000001100,Beclometasone dipropionate
0302000C0AABJBJ,0302000C0,Pack,VMPP,Beclometasone 100micrograms/dose dry powder inhaler,3112211000001106,Beclometasone dipropionate
0302000C0BIAEBJ,0302000C0,Presentation,AMP,Asmabec 100 Clickhaler,3112511000001109,Beclometasone dipropionate
0302000C0BIAEBJ,0302000C0,Pack,AMPP,Asmabec 100 Clickhaler,3112711000001104,Beclometasone dipropionate
0302000C0BLABBJ,0302000C0,Presentation,AMP,Pulvinal Beclometasone Diprop 100microg/dose dry pdr inh,3112911000001102,Beclometasone dipropionate
0302000C0BLABBJ,0302000C0,Pack,AMPP,Pulvinal Beclometasone Diprop 100microg/dose dry pdr inh,3113011000001105,Beclometasone dipropionate
0302000K0AAAGAG,0302000K0,Presentation,VMP,Budesonide 200micrograms/dose dry powder inhaler,35912411000001100,Budesonide
0302000K0AAAGAG,0302000K0,Pack,VMPP,Budesonide 200micrograms/dose dry powder inhaler,3112311000001103,Budesonide
0302000K0AAAGAG,0302000K0,Pack,VMPP,Budesonide 200micrograms/dose dry powder inhaler,10074711000001106,Budesonide
0302000K0BBAHAG,0302000K0,Presentation,AMP,Pulmicort 200 Turbohaler,3112411000001105,Budesonide
0302000K0BBAHAG,0302000K0,Pack,AMPP,Pulmicort 200 Turbohaler,3112611000001108,Budesonide
0302000K0BGABAG,0302000K0,Presentation,AMP,Easyhaler Budesonide 200micrograms/dose dry powder inhaler,10074611000001102,Budesonide
0302000K0BGABAG,0302000K0,Pack,AMPP,Easyhaler Budesonide 200micrograms/dose dry powder inhaler,10074811000001103,Budesonide
0302000K0AAAKAK,0302000K0,Presentation,VMP,Budesonide 100micrograms/dose dry powder inhaler,35912111000001105,Budesonide
0302000K0AAAKAK,0302000K0,Pack,VMPP,Budesonide 100micrograms/dose dry powder inhaler,3112811000001107,Budesonide
0302000K0BBAKAK,0302000K0,Presentation,AMP,Pulmicort 100 Turbohaler,3113111000001106,Budesonide
0302000K0BBAKAK,0302000K0,Pack,AMPP,Pulmicort 100 Turbohaler,3113211000001100,Budesonide
0302000K0BGAAAK,0302000K0,Presentation,AMP,Easyhaler Budesonide 100micrograms/dose dry powder inhaler,10073911000001106,Budesonide
0302000K0BGAAAK,0302000K0,Pack,AMPP,Easyhaler Budesonide 100micrograms/dose dry powder inhaler,10074011000001109,Budesonide
0302000C0AABUBU,0302000C0,Presentation,VMP,Beclometasone 200micrograms/dose dry powder inhaler,35908411000001100,Beclometasone dipropionate
0302000C0AABUBU,0302000C0,Pack,VMPP,Beclometasone 200micrograms/dose dry powder inhaler,3113311000001108,Beclometasone dipropionate
0302000C0AABUBU,0302000C0,Pack,VMPP,Beclometasone 200micrograms/dose dry powder inhaler,9525011000001109,Beclometasone dipropionate
0302000C0BLAABU,0302000C0,Presentation,AMP,Pulvinal Beclometasone Diprop 200microg/dose dry pdr inh,3113411000001101,Beclometasone dipropionate
0302000C0BLAABU,0302000C0,Pack,AMPP,Pulvinal Beclometasone Diprop 200microg/dose dry pdr inh,3113511000001102,Beclometasone dipropionate
0302000C0BNULLABU,0302000C0,Presentation,AMP,Easyhaler Beclometasone 200micrograms/dose dry pdr inhaler,9525111000001105,Beclometasone dipropionate
0302000C0BNULLABU,0302000C0,Pack,AMPP,Easyhaler Beclometasone 200micrograms/dose dry pdr inhaler,9525211000001104,Beclometasone dipropionate
0302000K0AABABA,0302000K0,Presentation,VMP,Budesonide 200micrograms/dose inhaler CFC free,15374611000001106,Budesonide
0302000K0AABABA,0302000K0,Pack,VMPP,Budesonide 200micrograms/dose inhaler CFC free,15358311000001109,Budesonide
0302000K0BBANBA,0302000K0,Presentation,AMP,Pulmicort 200micrograms/dose inhaler CFC free,15358411000001102,Budesonide
0302000K0BBANBA,0302000K0,Pack,AMPP,Pulmicort 200micrograms/dose inhaler CFC free,15358511000001103,Budesonide
0301011U0AAAHAH,0301011U0,Presentation,VMP,Salmeterol 25micrograms/dose inhaler CFC free,10075611000001101,Salmeterol
0301011U0AAAHAH,0301011U0,Pack,VMPP,Salmeterol 25micrograms/dose inhaler CFC free,10072811000001109,Salmeterol
0301011U0BBAFAH,0301011U0,Presentation,AMP,Serevent 25micrograms/dose Evohaler,10073011000001107,Salmeterol
0301011U0BBAFAH,0301011U0,Pack,AMPP,Serevent 25micrograms/dose Evohaler,10073111000001108,Salmeterol
0301011U0BDAAAH,0301011U0,Presentation,AMP,Neovent 25micrograms/dose inhaler CFC free (Teva),19562111000001107,Salmeterol
0301011U0BDAAAH,0301011U0,Pack,AMPP,Neovent 25micrograms/dose inhaler CFC free (Teva),19562211000001101,Salmeterol
0301011U0BEAAAH,0301011U0,Presentation,AMP,Neovent 25micrograms/dose inhaler CFC free (Kent Pharm),19568411000001100,Salmeterol
0301011U0BEAAAH,0301011U0,Pack,AMPP,Neovent 25micrograms/dose inhaler CFC free (Kent Pharm),19568511000001101,Salmeterol
0301011U0BFAAAH,0301011U0,Presentation,AMP,Vertine 25micrograms/dose inhaler CFC free,22650111000001100,Salmeterol
0301011U0BFAAAH,0301011U0,Pack,AMPP,Vertine 25micrograms/dose inhaler CFC free,22650211000001106,Salmeterol
0301011U0BGAAAH,0301011U0,Presentation,AMP,Soltel 25micrograms/dose inhaler CFC free,33561211000001109,Salmeterol
0301011U0BGAAAH,0301011U0,Pack,AMPP,Soltel 25micrograms/dose inhaler CFC free,33561311000001101,Salmeterol
0301040M0AAADAD,0301040M0,Presentation,VMP,Fenoterol 50microg/Ipratropium brom 20microg/dose CFC free,28422511000001101,Fenoterol hydrobromide
0301040M0AAADAD,0301040M0,Pack,VMPP,Fenoterol 50microg/Ipratropium brom 20microg/dose CFC free,28410711000001104,Fenoterol hydrobromide
0301040M0BCABAD,0301040M0,Presentation,AMP,Berodual N inhaler,28410811000001107,Fenoterol hydrobromide
0301040M0BCABAD,0301040M0,Pack,AMPP,Berodual N inhaler,28410911000001102,Fenoterol hydrobromide
0302000V0AAAAAA,0302000V0,Presentation,VMP,Fluticasone furoate 184microg/Vilanterol 22microg/dose,23661311000001105,Fluticasone furoate (Inhalation)
0302000V0AAAAAA,0302000V0,Pack,VMPP,Fluticasone furoate 184microg/Vilanterol 22microg/dose,23621611000001106,Fluticasone furoate (Inhalation)
0302000V0BBAAAA,0302000V0,Presentation,AMP,Relvar Ellipta 184microg/dose / 22microg/dose dry pdr inh,23621711000001102,Fluticasone furoate (Inhalation)
0302000V0BBAAAA,0302000V0,Pack,AMPP,Relvar Ellipta 184microg/dose / 22microg/dose dry pdr inh,23621811000001105,Fluticasone furoate (Inhalation)
0302000V0AAABAB,0302000V0,Presentation,VMP,Fluticasone furoate 92microg/Vilanterol 22microg/dose,23661411000001103,Fluticasone furoate (Inhalation)
0302000V0AAABAB,0302000V0,Pack,VMPP,Fluticasone furoate 92microg/Vilanterol 22microg/dose,23621911000001100,Fluticasone furoate (Inhalation)
0302000V0BBABAB,0302000V0,Presentation,AMP,Relvar Ellipta 92microg/dose / 22microg/dose dry pdr inh,23622011000001107,Fluticasone furoate (Inhalation)
0302000V0BBABAB,0302000V0,Pack,AMPP,Relvar Ellipta 92microg/dose / 22microg/dose dry pdr inh,23622111000001108,Fluticasone furoate (Inhalation)
0301030B0AAANULLN,0301030B0,Presentation,VMP,Aminophylline 100mg tablets,42290811000001103,Aminophylline
0301030B0AAANULLN,0301030B0,Pack,VMPP,Aminophylline 100mg tablets,1297611000001101,Aminophylline
0301030B0AAANULLN,0301030B0,Presentation,AMP,Aminophylline 100mg tablets,801111000001108,Aminophylline
0301030B0AAANULLN,0301030B0,Pack,AMPP,Aminophylline 100mg tablets,2079411000001106,Aminophylline
0301030C0AAADAD,0301030C0,Presentation,VMP,Aminophylline hydrate 100mg modified-release tablets,14608511000001107,Aminophylline hydrate
0301030C0AAADAD,0301030C0,Pack,VMPP,Aminophylline hydrate 100mg modified-release tablets,1285011000001100,Aminophylline hydrate
0301030C0BCACAD,0301030C0,Presentation,AMP,Phyllocontin Paediatric Continus 100mg tablets,515811000001101,Aminophylline hydrate
0301030C0BCACAD,0301030C0,Pack,AMPP,Phyllocontin Paediatric Continus 100mg tablets,2081011000001106,Aminophylline hydrate
0301030C0AAACAC,0301030C0,Presentation,VMP,Aminophylline hydrate 350mg modified-release tablets,14608611000001106,Aminophylline hydrate
0301030C0AAACAC,0301030C0,Pack,VMPP,Aminophylline hydrate 350mg modified-release tablets,1008511000001108,Aminophylline hydrate
0301030C0BCABAC,0301030C0,Presentation,AMP,Phyllocontin Forte Continus 350mg tablets,550511000001101,Aminophylline hydrate
0301030C0BCABAC,0301030C0,Pack,AMPP,Phyllocontin Forte Continus 350mg tablets,2081311000001109,Aminophylline hydrate
0301011X0AAABAB,0301011X0,Presentation,VMP,Indacaterol 300microgram inhalation pdr caps with device,17313811000001104,Indacaterol maleate
0301011X0AAABAB,0301011X0,Pack,VMPP,Indacaterol 300microgram inhalation pdr caps with device,17299811000001107,Indacaterol maleate
0301011X0BBABAB,0301011X0,Presentation,AMP,Onbrez Breezhaler 300microgram inhalation pdr caps with dev,17299911000001102,Indacaterol maleate
0301011X0BBABAB,0301011X0,Pack,AMPP,Onbrez Breezhaler 300microgram inhalation pdr caps with dev,17300011000001103,Indacaterol maleate
0301011X0AAAAAA,0301011X0,Presentation,VMP,Indacaterol 150microgram inhalation pdr caps with device,17313711000001107,Indacaterol maleate
0301011X0AAAAAA,0301011X0,Pack,VMPP,Indacaterol 150microgram inhalation pdr caps with device,17300711000001101,Indacaterol maleate
0301011X0BBAAAA,0301011X0,Presentation,AMP,Onbrez Breezhaler 150microgram inhalation pdr caps with dev,17300811000001109,Indacaterol maleate
0301011X0BBAAAA,0301011X0,Pack,AMPP,Onbrez Breezhaler 150microgram inhalation pdr caps with dev,17300911000001104,Indacaterol maleate
0302000N0AABPBP,0302000N0,Presentation,VMP,Fluticasone 125microg/Formoterol 5microg/dose BA inh CFCfree,35647511000001107,Fluticasone propionate (Inhalation)
0302000N0AABPBP,0302000N0,Pack,VMPP,Fluticasone 125microg/Formoterol 5microg/dose BA inh CFCfree,35647211000001109,Fluticasone propionate (Inhalation)
0302000N0BDADBP,0302000N0,Presentation,AMP,Flutiform K-haler 125microg/dose / 5microg/dose BA inhaler,35647311000001101,Fluticasone propionate (Inhalation)
0302000N0BDADBP,0302000N0,Pack,AMPP,Flutiform K-haler 125microg/dose / 5microg/dose BA inhaler,35647411000001108,Fluticasone propionate (Inhalation)
0302000N0AABQBQ,0302000N0,Presentation,VMP,Fluticasone 50microg/Formoterol 5microg/dose BA inh CFC free,35647611000001106,Fluticasone propionate (Inhalation)
0302000N0AABQBQ,0302000N0,Pack,VMPP,Fluticasone 50microg/Formoterol 5microg/dose BA inh CFC free,35650711000001101,Fluticasone propionate (Inhalation)
0302000N0BDAEBQ,0302000N0,Presentation,AMP,Flutiform K-haler 50microg/dose / 5microg/dose BA inh,35650811000001109,Fluticasone propionate (Inhalation)
0302000N0BDAEBQ,0302000N0,Pack,AMPP,Flutiform K-haler 50microg/dose / 5microg/dose BA inh,35650911000001104,Fluticasone propionate (Inhalation)
0301020R0AAAAAA,0301020R0,Presentation,VMP,Aclidinium bromide 375micrograms/dose dry powder inhaler,38893611000001108,Aclidinium bromide
0301020R0AAAAAA,0301020R0,Pack,VMPP,Aclidinium bromide 375micrograms/dose dry powder inhaler,20985011000001109,Aclidinium bromide
0301020R0BBAAAA,0301020R0,Presentation,AMP,Eklira 322micrograms/dose Genuair,20985511000001101,Aclidinium bromide
0301020R0BBAAAA,0301020R0,Pack,AMPP,Eklira 322micrograms/dose Genuair,20985611000001102,Aclidinium bromide
0302000N0AABJBJ,0302000N0,Presentation,VMP,Fluticasone 125microg / Formoterol 5microg/dose inh CFC free,21113711000001102,Fluticasone propionate (Inhalation)
0302000N0AABJBJ,0302000N0,Pack,VMPP,Fluticasone 125microg / Formoterol 5microg/dose inh CFC free,21019311000001108,Fluticasone propionate (Inhalation)
0302000N0BDAABJ,0302000N0,Presentation,AMP,Flutiform 125micrograms/dose / 5micrograms/dose inhaler,21019411000001101,Fluticasone propionate (Inhalation)
0302000N0BDAABJ,0302000N0,Pack,AMPP,Flutiform 125micrograms/dose / 5micrograms/dose inhaler,21019511000001102,Fluticasone propionate (Inhalation)
0302000N0AABKBK,0302000N0,Presentation,VMP,Fluticasone 250microg / Formoterol 10microg/dose inh CFCfree,21113811000001105,Fluticasone propionate (Inhalation)
0302000N0AABKBK,0302000N0,Pack,VMPP,Fluticasone 250microg / Formoterol 10microg/dose inh CFCfree,21019611000001103,Fluticasone propionate (Inhalation)
0302000N0BDABBK,0302000N0,Presentation,AMP,Flutiform 250micrograms/dose / 10micrograms/dose inhaler,21019711000001107,Fluticasone propionate (Inhalation)
0302000N0BDABBK,0302000N0,Pack,AMPP,Flutiform 250micrograms/dose / 10micrograms/dose inhaler,21019811000001104,Fluticasone propionate (Inhalation)
0302000N0AABLBL,0302000N0,Presentation,VMP,Fluticasone 50microg / Formoterol 5microg/dose inh CFC free,21113911000001100,Fluticasone propionate (Inhalation)
0302000N0AABLBL,0302000N0,Pack,VMPP,Fluticasone 50microg / Formoterol 5microg/dose inh CFC free,21020511000001103,Fluticasone propionate (Inhalation)
0302000N0BDACBL,0302000N0,Presentation,AMP,Flutiform 50micrograms/dose / 5micrograms/dose inhaler,21020611000001104,Fluticasone propionate (Inhalation)
0302000N0BDACBL,0302000N0,Pack,AMPP,Flutiform 50micrograms/dose / 5micrograms/dose inhaler,21020711000001108,Fluticasone propionate (Inhalation)
0301011R0AAAQAQ,0301011R0,Presentation,VMP,Salbutamol 200micrograms/dose dry powder inhaler,39113311000001107,Salbutamol
0301011R0AAAQAQ,0301011R0,Pack,VMPP,Salbutamol 200micrograms/dose dry powder inhaler,3382311000001108,Salbutamol
0301011R0AAAQAQ,0301011R0,Pack,VMPP,Salbutamol 200micrograms/dose dry powder inhaler,3382411000001101,Salbutamol
0301011R0AAAQAQ,0301011R0,Pack,VMPP,Salbutamol 200micrograms/dose dry powder inhaler,9204811000001104,Salbutamol
0301011R0BEAHAQ,0301011R0,Presentation,AMP,Ventolin 200micrograms/dose Accuhaler,3382711000001107,Salbutamol
0301011R0BEAHAQ,0301011R0,Pack,AMPP,Ventolin 200micrograms/dose Accuhaler,3383211000001106,Salbutamol
0301011R0BTAAAQ,0301011R0,Presentation,AMP,Pulvinal Salbutamol 200micrograms/dose dry powder inhaler,3384111000001103,Salbutamol
0301011R0BTAAAQ,0301011R0,Pack,AMPP,Pulvinal Salbutamol 200micrograms/dose dry powder inhaler,3384311000001101,Salbutamol
0301011R0BWABAQ,0301011R0,Presentation,AMP,Easyhaler Salbutamol sulfate 200micrograms/dose dry pdr inh,9204911000001109,Salbutamol
0302000C0AABFBF,0302000C0,Presentation,VMP,Beclometasone 100micrograms/dose inhaler CFC free,35908111000001105,Beclometasone dipropionate
0302000C0AABFBF,0302000C0,Pack,VMPP,Beclometasone 100micrograms/dose inhaler CFC free,3175511000001107,Beclometasone dipropionate
0302000C0BJABBF,0302000C0,Presentation,AMP,Qvar 100 inhaler,3175611000001106,Beclometasone dipropionate
0302000C0BJABBF,0302000C0,Pack,AMPP,Qvar 100 inhaler,3176111000001109,Beclometasone dipropionate
0302000C0BPABBF,0302000C0,Presentation,AMP,Clenil Modulite 100micrograms/dose inhaler,10618211000001109,Beclometasone dipropionate
0302000C0BPABBF,0302000C0,Pack,AMPP,Clenil Modulite 100micrograms/dose inhaler,10618411000001108,Beclometasone dipropionate
0302000C0BSABBF,0302000C0,Presentation,AMP,Kelhale 100micrograms/dose inhaler,35430311000001103,Beclometasone dipropionate
0302000C0BSABBF,0302000C0,Pack,AMPP,Kelhale 100micrograms/dose inhaler,35430411000001105,Beclometasone dipropionate
0302000C0BTACBF,0302000C0,Presentation,AMP,Soprobec 100micrograms/dose inhaler,36603611000001108,Beclometasone dipropionate
0302000C0BTACBF,0302000C0,Pack,AMPP,Soprobec 100micrograms/dose inhaler,36603711000001104,Beclometasone dipropionate
0302000C0BVAABF,0302000C0,Presentation,AMP,Beclu 100micrograms/dose inhaler,41475411000001100,Beclometasone dipropionate
0302000C0BVAABF,0302000C0,Pack,AMPP,Beclu 100micrograms/dose inhaler,41475711000001106,Beclometasone dipropionate
0302000C0AABEBE,0302000C0,Presentation,VMP,Beclometasone 50micrograms/dose inhaler CFC free,35909611000001106,Beclometasone dipropionate
0302000C0AABEBE,0302000C0,Pack,VMPP,Beclometasone 50micrograms/dose inhaler CFC free,3176611000001101,Beclometasone dipropionate
0302000C0BJAABE,0302000C0,Presentation,AMP,Qvar 50 inhaler,3176811000001102,Beclometasone dipropionate
0302000C0BJAABE,0302000C0,Pack,AMPP,Qvar 50 inhaler,3177011000001106,Beclometasone dipropionate
0302000C0BPAABE,0302000C0,Presentation,AMP,Clenil Modulite 50micrograms/dose inhaler,10617711000001103,Beclometasone dipropionate
0302000C0BPAABE,0302000C0,Pack,AMPP,Clenil Modulite 50micrograms/dose inhaler,10617911000001101,Beclometasone dipropionate
0302000C0BSAABE,0302000C0,Presentation,AMP,Kelhale 50micrograms/dose inhaler,35430111000001100,Beclometasone dipropionate
0302000C0BSAABE,0302000C0,Pack,AMPP,Kelhale 50micrograms/dose inhaler,35430211000001106,Beclometasone dipropionate
0302000C0BTAABE,0302000C0,Presentation,AMP,Soprobec 50micrograms/dose inhaler,36603211000001106,Beclometasone dipropionate
0302000C0BTAABE,0302000C0,Pack,AMPP,Soprobec 50micrograms/dose inhaler,36603311000001103,Beclometasone dipropionate
0302000C0AABGBG,0302000C0,Presentation,VMP,Beclometasone 50micrograms/dose breath actuated inh CFC free,35909311000001101,Beclometasone dipropionate
0302000C0AABGBG,0302000C0,Pack,VMPP,Beclometasone 50micrograms/dose breath actuated inh CFC free,3177311000001109,Beclometasone dipropionate
0302000C0BJACBG,0302000C0,Presentation,AMP,Qvar 50 Autohaler,3177411000001102,Beclometasone dipropionate
0302000C0BJACBG,0302000C0,Pack,AMPP,Qvar 50 Autohaler,3177511000001103,Beclometasone dipropionate
0302000C0BJAEBG,0302000C0,Presentation,AMP,Qvar 50micrograms/dose Easi-Breathe inhaler,8159511000001107,Beclometasone dipropionate
0302000C0BJAEBG,0302000C0,Pack,AMPP,Qvar 50micrograms/dose Easi-Breathe inhaler,8159611000001106,Beclometasone dipropionate
0302000C0AABHBH,0302000C0,Presentation,VMP,Beclometasone 100mcg/dose breath actuated inhaler CFC free,35907911000001107,Beclometasone dipropionate
0302000C0AABHBH,0302000C0,Pack,VMPP,Beclometasone 100mcg/dose breath actuated inhaler CFC free,3177611000001104,Beclometasone dipropionate
0302000C0BJADBH,0302000C0,Presentation,AMP,Qvar 100 Autohaler,3177711000001108,Beclometasone dipropionate
0302000C0BJADBH,0302000C0,Pack,AMPP,Qvar 100 Autohaler,3178011000001107,Beclometasone dipropionate
0301020Q0AAAAAA,0301020Q0,Presentation,VMP,Tiotropium bromide 18microgram inhalation pdr caps with dev,9479011000001103,Tiotropium bromide
0301020Q0AAAAAA,0301020Q0,Pack,VMPP,Tiotropium bromide 18microgram inhalation pdr caps with dev,3378011000001101,Tiotropium bromide
0301020Q0AAAAAA,0301020Q0,Pack,VMPP,Tiotropium bromide 18microgram inhalation pdr caps with dev,39666211000001106,Tiotropium bromide
0301020Q0BBAAAA,0301020Q0,Presentation,AMP,Spiriva 18microgram inhalation pdr caps with HandiHaler,3378211000001106,Tiotropium bromide
0301020Q0BBAAAA,0301020Q0,Pack,AMPP,Spiriva 18microgram inhalation pdr caps with HandiHaler,3378811000001107,Tiotropium bromide
0301020Q0BEAAAA,0301020Q0,Presentation,AMP,Tiogiva 18microgram inhalation powder capsules with device,39605711000001106,Tiotropium bromide
0301020Q0BEAAAA,0301020Q0,Pack,AMPP,Tiogiva 18microgram inhalation powder capsules with device,39605811000001103,Tiotropium bromide
0301020Q0BDAAAA,0301020Q0,Presentation,AMP,Acopair 18microgram inhalation pdr caps with NeumoHaler,39666311000001103,Tiotropium bromide
0301020Q0BDAAAA,0301020Q0,Pack,AMPP,Acopair 18microgram inhalation pdr caps with NeumoHaler,39666411000001105,Tiotropium bromide
0301020Q0BDAAAA,0301020Q0,Pack,AMPP,Acopair 18microgram inhalation pdr caps with NeumoHaler,39666511000001109,Tiotropium bromide
0301011R0AABDBD,0301011R0,Presentation,VMP,Salbutamol 5mg/2.5ml nebuliser liquid unit dose vials,39710011000001108,Salbutamol
0301011R0AABDBD,0301011R0,Pack,VMPP,Salbutamol 5mg/2.5ml nebuliser liquid unit dose vials,3379211000001101,Salbutamol
0301011R0AABDBD,0301011R0,Pack,VMPP,Salbutamol 5mg/2.5ml nebuliser liquid unit dose vials,4840511000001106,Salbutamol
0301011R0AABDBD,0301011R0,Presentation,AMP,Salbutamol 5mg/2.5ml nebuliser liquid unit dose vials,3379611000001104,Salbutamol
0301011R0AABDBD,0301011R0,Pack,AMPP,Salbutamol 5mg/2.5ml nebuliser liquid unit dose vials,3380411000001102,Salbutamol
0301011R0BGACBD,0301011R0,Presentation,AMP,Maxivent 5mg/2.5ml neb liq unit dose Steripoule vials,3380811000001100,Salbutamol
0301011R0BGACBD,0301011R0,Pack,AMPP,Maxivent 5mg/2.5ml neb liq unit dose Steripoule vials,3380911000001105,Salbutamol
0301011R0AABDBD,0301011R0,Presentation,AMP,Salbutamol 5mg/2.5ml nebuliser liquid unit dose vials,3381111000001101,Salbutamol
0301011R0AABDBD,0301011R0,Pack,AMPP,Salbutamol 5mg/2.5ml nebuliser liquid unit dose vials,3381211000001107,Salbutamol
0301011R0BEAXBD,0301011R0,Presentation,AMP,Ventolin 5mg Nebules,3381811000001108,Salbutamol
0301011R0BEAXBD,0301011R0,Pack,AMPP,Ventolin 5mg Nebules,3382011000001105,Salbutamol
0301011R0BEAXBD,0301011R0,Pack,AMPP,Ventolin 5mg Nebules,4840611000001105,Salbutamol
0301011R0BIAEBD,0301011R0,Presentation,AMP,Salamol 5mg/2.5ml nebuliser liquid Steri-Neb unit dose vials,3383511000001109,Salbutamol
0301011R0BIAEBD,0301011R0,Pack,AMPP,Salamol 5mg/2.5ml nebuliser liquid Steri-Neb unit dose vials,3383911000001102,Salbutamol
0301011R0BVABBD,0301011R0,Presentation,AMP,Salbutamol 5mg/2.5ml neb liq unit dose Steripoule vials,9040211000001108,Salbutamol
0301011R0BVABBD,0301011R0,Pack,AMPP,Salbutamol 5mg/2.5ml neb liq unit dose Steripoule vials,9040311000001100,Salbutamol
0301011R0AABDBD,0301011R0,Presentation,AMP,Salbutamol 5mg/2.5ml nebuliser liquid unit dose vials,9102511000001109,Salbutamol
0301011R0AABDBD,0301011R0,Pack,AMPP,Salbutamol 5mg/2.5ml nebuliser liquid unit dose vials,9102611000001108,Salbutamol
0301011R0AABDBD,0301011R0,Presentation,AMP,Salbutamol 5mg/2.5ml nebuliser liquid unit dose vials,10454011000001100,Salbutamol
0301011R0AABDBD,0301011R0,Pack,AMPP,Salbutamol 5mg/2.5ml nebuliser liquid unit dose vials,10454111000001104,Salbutamol
0301011R0AABDBD,0301011R0,Presentation,AMP,Salbutamol 5mg/2.5ml nebuliser liquid unit dose vials,11006711000001101,Salbutamol
0301011R0AABDBD,0301011R0,Pack,AMPP,Salbutamol 5mg/2.5ml nebuliser liquid unit dose vials,11006811000001109,Salbutamol
0301011R0AABDBD,0301011R0,Presentation,AMP,Salbutamol 5mg/2.5ml nebuliser liquid unit dose vials,12880811000001108,Salbutamol
0301011R0AABDBD,0301011R0,Pack,AMPP,Salbutamol 5mg/2.5ml nebuliser liquid unit dose vials,12880911000001103,Salbutamol
0301011R0AABDBD,0301011R0,Presentation,AMP,Salbutamol 5mg/2.5ml nebuliser liquid unit dose vials,17026711000001105,Salbutamol
0301011R0AABDBD,0301011R0,Pack,AMPP,Salbutamol 5mg/2.5ml nebuliser liquid unit dose vials,17026811000001102,Salbutamol
0301011R0AABDBD,0301011R0,Presentation,AMP,Salbutamol 5mg/2.5ml nebuliser liquid unit dose vials,17927411000001105,Salbutamol
0301011R0AABDBD,0301011R0,Pack,AMPP,Salbutamol 5mg/2.5ml nebuliser liquid unit dose vials,17927511000001109,Salbutamol
0301011R0AABDBD,0301011R0,Presentation,AMP,Salbutamol 5mg/2.5ml nebuliser liquid unit dose vials,18080911000001107,Salbutamol
0301011R0AABDBD,0301011R0,Pack,AMPP,Salbutamol 5mg/2.5ml nebuliser liquid unit dose vials,18081011000001104,Salbutamol
0301011R0AABDBD,0301011R0,Presentation,AMP,Salbutamol 5mg/2.5ml nebuliser liquid unit dose vials,30892111000001108,Salbutamol
0301011R0AABDBD,0301011R0,Pack,AMPP,Salbutamol 5mg/2.5ml nebuliser liquid unit dose vials,30892211000001102,Salbutamol
0301011R0AABDBD,0301011R0,Presentation,AMP,Salbutamol 5mg/2.5ml nebuliser liquid unit dose vials,41172211000001108,Salbutamol
0301011R0AABDBD,0301011R0,Pack,AMPP,Salbutamol 5mg/2.5ml nebuliser liquid unit dose vials,41172311000001100,Salbutamol
0301011R0CBABBD,0301011R0,Presentation,AMP,Brodilaten 5mg/2.5ml nebuliser solution unit dose ampoules,42019411000001100,Salbutamol
0301011R0CBABBD,0301011R0,Pack,AMPP,Brodilaten 5mg/2.5ml nebuliser solution unit dose ampoules,42019511000001101,Salbutamol
0301011R0AABDBD,0301011R0,Presentation,AMP,Salbutamol 5mg/2.5ml nebuliser liquid unit dose vials,42642211000001107,Salbutamol
0301011R0AABDBD,0301011R0,Pack,AMPP,Salbutamol 5mg/2.5ml nebuliser liquid unit dose vials,42642311000001104,Salbutamol
0301020Q0AAABAB,0301020Q0,Presentation,VMP,Tiotropium bromide 18microgram inhalation powder capsules,9478911000001107,Tiotropium bromide
0301020Q0AAABAB,0301020Q0,Pack,VMPP,Tiotropium bromide 18microgram inhalation powder capsules,3379411000001102,Tiotropium bromide
0301020Q0AAABAB,0301020Q0,Pack,VMPP,Tiotropium bromide 18microgram inhalation powder capsules,13204711000001109,Tiotropium bromide
0301020Q0BBABAB,0301020Q0,Presentation,AMP,Spiriva 18microgram inhalation powder capsules,3380011000001106,Tiotropium bromide
0301020Q0BBABAB,0301020Q0,Pack,AMPP,Spiriva 18microgram inhalation powder capsules,3380511000001103,Tiotropium bromide
0301020Q0BBABAB,0301020Q0,Pack,AMPP,Spiriva 18microgram inhalation powder capsules,30293711000001109,Tiotropium bromide
0301020Q0BEABAB,0301020Q0,Presentation,AMP,Tiogiva 18microgram inhalation powder capsules,39606211000001105,Tiotropium bromide
0301020Q0BEABAB,0301020Q0,Pack,AMPP,Tiogiva 18microgram inhalation powder capsules,39607311000001104,Tiotropium bromide
0301020Q0BEABAB,0301020Q0,Pack,AMPP,Tiogiva 18microgram inhalation powder capsules,39607511000001105,Tiotropium bromide
0301011U0AAAEAE,0301011U0,Presentation,VMP,Salmeterol 50micrograms/dose dry powder inhaler,39113211000001104,Salmeterol
0301011U0AAAEAE,0301011U0,Pack,VMPP,Salmeterol 50micrograms/dose dry powder inhaler,3379911000001105,Salmeterol
0301011U0BBAEAE,0301011U0,Presentation,AMP,Serevent 50micrograms/dose Accuhaler,3380111000001107,Salmeterol
0301011U0BBAEAE,0301011U0,Pack,AMPP,Serevent 50micrograms/dose Accuhaler,3381011000001102,Salmeterol
0302000K0AAAZAZ,0302000K0,Presentation,VMP,Budesonide 100micrograms/dose inhaler CFC free,14959511000001107,Budesonide
0302000K0AAAZAZ,0302000K0,Pack,VMPP,Budesonide 100micrograms/dose inhaler CFC free,14951011000001103,Budesonide
0302000K0BBAMAZ,0302000K0,Presentation,AMP,Pulmicort 100micrograms/dose inhaler CFC free,14951111000001102,Budesonide
0302000K0BBAMAZ,0302000K0,Pack,AMPP,Pulmicort 100micrograms/dose inhaler CFC free,14951211000001108,Budesonide
0301011R0BWABAQ,0301011R0,Pack,AMPP,Easyhaler Salbutamol sulfate 200micrograms/dose dry pdr inh,9205011000001109,Salbutamol
0301011R0AAAXAX,0301011R0,Presentation,VMP,Salbutamol 2.5mg/2.5ml nebuliser liquid unit dose vials,39709611000001109,Salbutamol
0301011R0AAAXAX,0301011R0,Pack,VMPP,Salbutamol 2.5mg/2.5ml nebuliser liquid unit dose vials,3385611000001107,Salbutamol
0301011R0AAAXAX,0301011R0,Pack,VMPP,Salbutamol 2.5mg/2.5ml nebuliser liquid unit dose vials,4840311000001100,Salbutamol
0301011R0AAAXAX,0301011R0,Presentation,AMP,Salbutamol 2.5mg/2.5ml nebuliser liquid unit dose vials,3385711000001103,Salbutamol
0301011R0AAAXAX,0301011R0,Pack,AMPP,Salbutamol 2.5mg/2.5ml nebuliser liquid unit dose vials,3386011000001109,Salbutamol
0301011R0BGABAX,0301011R0,Presentation,AMP,Maxivent 2.5mg/2.5ml neb liq unit dose Steripoule vials,3386411000001100,Salbutamol
0301011R0BGABAX,0301011R0,Pack,AMPP,Maxivent 2.5mg/2.5ml neb liq unit dose Steripoule vials,3386611000001102,Salbutamol
0301011R0AAAXAX,0301011R0,Presentation,AMP,Salbutamol 2.5mg/2.5ml nebuliser liquid unit dose vials,3386811000001103,Salbutamol
0301011R0AAAXAX,0301011R0,Pack,AMPP,Salbutamol 2.5mg/2.5ml nebuliser liquid unit dose vials,3386911000001108,Salbutamol
0301011R0BEANULLX,0301011R0,Presentation,AMP,Ventolin 2.5mg Nebules,3387011000001107,Salbutamol
0301011R0BEANULLX,0301011R0,Pack,AMPP,Ventolin 2.5mg Nebules,3387311000001105,Salbutamol
0301011R0BEANULLX,0301011R0,Pack,AMPP,Ventolin 2.5mg Nebules,4840411000001107,Salbutamol
0301011R0BIADAX,0301011R0,Presentation,AMP,Salamol 2.5mg/2.5ml neb liq Steri-Neb unit dose vials,3387511000001104,Salbutamol
0301011R0BIADAX,0301011R0,Pack,AMPP,Salamol 2.5mg/2.5ml neb liq Steri-Neb unit dose vials,3387711000001109,Salbutamol
0301011R0BVAAAX,0301011R0,Presentation,AMP,Salbutamol 2.5mg/2.5ml neb liq unit dose Steripoule vials,9040011000001103,Salbutamol
0301011R0BVAAAX,0301011R0,Pack,AMPP,Salbutamol 2.5mg/2.5ml neb liq unit dose Steripoule vials,9040111000001102,Salbutamol
0301011R0AAAXAX,0301011R0,Presentation,AMP,Salbutamol 2.5mg/2.5ml nebuliser liquid unit dose vials,9102311000001103,Salbutamol
0301011R0AAAXAX,0301011R0,Pack,AMPP,Salbutamol 2.5mg/2.5ml nebuliser liquid unit dose vials,9102411000001105,Salbutamol
0301011R0AAAXAX,0301011R0,Presentation,AMP,Salbutamol 2.5mg/2.5ml nebuliser liquid unit dose vials,10453811000001108,Salbutamol
0301011R0AAAXAX,0301011R0,Pack,AMPP,Salbutamol 2.5mg/2.5ml nebuliser liquid unit dose vials,10453911000001103,Salbutamol
0301011R0AAAXAX,0301011R0,Presentation,AMP,Salbutamol 2.5mg/2.5ml nebuliser liquid unit dose vials,11006511000001106,Salbutamol
0301011R0AAAXAX,0301011R0,Pack,AMPP,Salbutamol 2.5mg/2.5ml nebuliser liquid unit dose vials,11006611000001105,Salbutamol
0301011R0AAAXAX,0301011R0,Presentation,AMP,Salbutamol 2.5mg/2.5ml nebuliser liquid unit dose vials,12880611000001109,Salbutamol
0301011R0AAAXAX,0301011R0,Pack,AMPP,Salbutamol 2.5mg/2.5ml nebuliser liquid unit dose vials,12880711000001100,Salbutamol
0301011R0AAAXAX,0301011R0,Presentation,AMP,Salbutamol 2.5mg/2.5ml nebuliser liquid unit dose vials,17026511000001100,Salbutamol
0301011R0AAAXAX,0301011R0,Pack,AMPP,Salbutamol 2.5mg/2.5ml nebuliser liquid unit dose vials,17026611000001101,Salbutamol
0301011R0AAAXAX,0301011R0,Presentation,AMP,Salbutamol 2.5mg/2.5ml nebuliser liquid unit dose vials,17927211000001106,Salbutamol
0301011R0AAAXAX,0301011R0,Pack,AMPP,Salbutamol 2.5mg/2.5ml nebuliser liquid unit dose vials,17927311000001103,Salbutamol
0301011R0AAAXAX,0301011R0,Presentation,AMP,Salbutamol 2.5mg/2.5ml nebuliser liquid unit dose vials,18080711000001105,Salbutamol
0301011R0AAAXAX,0301011R0,Pack,AMPP,Salbutamol 2.5mg/2.5ml nebuliser liquid unit dose vials,18080811000001102,Salbutamol
0301011R0AAAXAX,0301011R0,Presentation,AMP,Salbutamol 2.5mg/2.5ml nebuliser liquid unit dose vials,30891911000001100,Salbutamol
0301011R0AAAXAX,0301011R0,Pack,AMPP,Salbutamol 2.5mg/2.5ml nebuliser liquid unit dose vials,30892011000001107,Salbutamol
0301011R0AAAXAX,0301011R0,Presentation,AMP,Salbutamol 2.5mg/2.5ml nebuliser liquid unit dose vials,41170711000001100,Salbutamol
0301011R0AAAXAX,0301011R0,Pack,AMPP,Salbutamol 2.5mg/2.5ml nebuliser liquid unit dose vials,41170811000001108,Salbutamol
0301011R0CBAAAX,0301011R0,Presentation,AMP,Brodilaten 2.5mg/2.5ml nebuliser solution unit dose ampoules,41346811000001102,Salbutamol
0301011R0CBAAAX,0301011R0,Pack,AMPP,Brodilaten 2.5mg/2.5ml nebuliser solution unit dose ampoules,41346911000001107,Salbutamol
0301011R0AAAXAX,0301011R0,Presentation,AMP,Salbutamol 2.5mg/2.5ml nebuliser liquid unit dose vials,42642011000001102,Salbutamol
0301011R0AAAXAX,0301011R0,Pack,AMPP,Salbutamol 2.5mg/2.5ml nebuliser liquid unit dose vials,42642111000001101,Salbutamol
0302000N0AAAVAV,0302000N0,Presentation,VMP,Fluticasone 500micrograms/2ml neb liq unit dose vials,39712311000001105,Fluticasone propionate (Inhalation)
0302000N0AAAVAV,0302000N0,Pack,VMPP,Fluticasone 500micrograms/2ml neb liq unit dose vials,3388711000001105,Fluticasone propionate (Inhalation)
0302000N0BBAVAV,0302000N0,Presentation,AMP,Flixotide 0.5mg/2ml Nebules,3389111000001102,Fluticasone propionate (Inhalation)
0302000N0BBAVAV,0302000N0,Pack,AMPP,Flixotide 0.5mg/2ml Nebules,3389611000001105,Fluticasone propionate (Inhalation)
0302000N0AAAVAV,0302000N0,Presentation,AMP,Fluticasone 500micrograms/2ml neb liq unit dose vials,38960111000001101,Fluticasone propionate (Inhalation)
0302000N0AAAVAV,0302000N0,Pack,AMPP,Fluticasone 500micrograms/2ml neb liq unit dose vials,38960311000001104,Fluticasone propionate (Inhalation)
0301011F0AAAAAA,0301011F0,Presentation,VMP,Fenoterol 200micrograms/dose inhaler,4558411000001107,Fenoterol hydrobromide
0301011F0AAAAAA,0301011F0,Pack,VMPP,Fenoterol 200micrograms/dose inhaler,4537211000001105,Fenoterol hydrobromide
0301011F0BBACAA,0301011F0,Presentation,AMP,Berotec 200micrograms/dose inhaler,4537611000001107,Fenoterol hydrobromide
0301011F0BBACAA,0301011F0,Pack,AMPP,Berotec 200micrograms/dose inhaler,4537711000001103,Fenoterol hydrobromide
0302000C0AABXBX,0302000C0,Presentation,VMP,Beclometasone 100microg/Formoterol 6microg/dose inh CFCfree,12911011000001100,Beclometasone dipropionate
0302000C0AABXBX,0302000C0,Pack,VMPP,Beclometasone 100microg/Formoterol 6microg/dose inh CFCfree,12906311000001107,Beclometasone dipropionate
0302000C0BQAABX,0302000C0,Presentation,AMP,Fostair 100micrograms/dose / 6micrograms/dose inhaler,12906411000001100,Beclometasone dipropionate
0302000C0BQAABX,0302000C0,Pack,AMPP,Fostair 100micrograms/dose / 6micrograms/dose inhaler,12906511000001101,Beclometasone dipropionate
0302000C0BUAABX,0302000C0,Presentation,AMP,Luforbec 100micrograms/dose / 6micrograms/dose inhaler,39817511000001103,Beclometasone dipropionate
0302000C0BUAABX,0302000C0,Pack,AMPP,Luforbec 100micrograms/dose / 6micrograms/dose inhaler,39817611000001104,Beclometasone dipropionate
0302000C0BWAABX,0302000C0,Presentation,AMP,Bibecfo 100micrograms/dose / 6micrograms/dose inhaler,41963811000001107,Beclometasone dipropionate
0302000C0BWAABX,0302000C0,Pack,AMPP,Bibecfo 100micrograms/dose / 6micrograms/dose inhaler,41964111000001103,Beclometasone dipropionate
0302000C0BXAABX,0302000C0,Presentation,AMP,Vivaire 100micrograms/dose / 6micrograms/dose inhaler,42606411000001103,Beclometasone dipropionate
0302000C0BXAABX,0302000C0,Pack,AMPP,Vivaire 100micrograms/dose / 6micrograms/dose inhaler,42606511000001104,Beclometasone dipropionate
0302000R0AAACAC,0302000R0,Presentation,VMP,Mometasone 400micrograms/dose dry powder inhaler,38895611000001107,Mometasone furoate
0302000R0AAACAC,0302000R0,Pack,VMPP,Mometasone 400micrograms/dose dry powder inhaler,4043211000001104,Mometasone furoate
0302000R0AAACAC,0302000R0,Pack,VMPP,Mometasone 400micrograms/dose dry powder inhaler,4043311000001107,Mometasone furoate
0302000R0BBACAC,0302000R0,Presentation,AMP,Asmanex 400micrograms/dose Twisthaler,4043811000001103,Mometasone furoate
0302000R0BBACAC,0302000R0,Pack,AMPP,Asmanex 400micrograms/dose Twisthaler,4043911000001108,Mometasone furoate
0302000R0BBACAC,0302000R0,Pack,AMPP,Asmanex 400micrograms/dose Twisthaler,4044411000001102,Mometasone furoate
0302000R0AAAAAA,0302000R0,Presentation,VMP,Mometasone 200micrograms/dose dry powder inhaler,38895411000001109,Mometasone furoate
0302000R0AAAAAA,0302000R0,Pack,VMPP,Mometasone 200micrograms/dose dry powder inhaler,4045111000001106,Mometasone furoate
0302000R0AAAAAA,0302000R0,Pack,VMPP,Mometasone 200micrograms/dose dry powder inhaler,4045211000001100,Mometasone furoate
0302000R0BBAAAA,0302000R0,Presentation,AMP,Asmanex 200micrograms/dose Twisthaler,4045711000001107,Mometasone furoate
0302000R0BBAAAA,0302000R0,Pack,AMPP,Asmanex 200micrograms/dose Twisthaler,4045911000001109,Mometasone furoate
0302000R0BBAAAA,0302000R0,Pack,AMPP,Asmanex 200micrograms/dose Twisthaler,4046111000001100,Mometasone furoate
0301020Q0AAAEAE,0301020Q0,Presentation,VMP,Tiotropium bromide 2.5micrograms/dose inhalation soln cart,37692711000001105,Tiotropium bromide
0301020Q0AAAEAE,0301020Q0,Pack,VMPP,Tiotropium bromide 2.5micrograms/dose inhalation soln cart,37677611000001106,Tiotropium bromide
0301020Q0BBADAE,0301020Q0,Presentation,AMP,Spiriva Respimat 2.5microg/dose inhalation soln refill cart,37677711000001102,Tiotropium bromide
0301020Q0BBADAE,0301020Q0,Pack,AMPP,Spiriva Respimat 2.5microg/dose inhalation soln refill cart,37677811000001105,Tiotropium bromide
0301011Z0AAABAB,0301011Z0,Presentation,VMP,Olodaterol 2.5micrograms/dose inhalation soln cart CFC free,37692311000001106,Olodaterol
0301011Z0AAABAB,0301011Z0,Pack,VMPP,Olodaterol 2.5micrograms/dose inhalation soln cart CFC free,37678211000001108,Olodaterol
0301011Z0BBABAB,0301011Z0,Presentation,AMP,Striverdi Respimat 2.5microg/dose inhalation soln refill,37678311000001100,Olodaterol
0301011Z0BBABAB,0301011Z0,Pack,AMPP,Striverdi Respimat 2.5microg/dose inhalation soln refill,37678411000001107,Olodaterol
0302000N0AABSBS,0302000N0,Presentation,VMP,Fluticasone propionate 202microg/Salmeterol 12.75microg/dose,40455811000001109,Fluticasone propionate (Inhalation)
0302000N0AABSBS,0302000N0,Pack,VMPP,Fluticasone propionate 202microg/Salmeterol 12.75microg/dose,40444711000001103,Fluticasone propionate (Inhalation)
0302000N0BQABBS,0302000N0,Presentation,AMP,Seffalair Spiromax 12.75microg / 202microg/dose dry pdr inh,40444911000001101,Fluticasone propionate (Inhalation)
0302000N0BQABBS,0302000N0,Pack,AMPP,Seffalair Spiromax 12.75microg / 202microg/dose dry pdr inh,40445011000001101,Fluticasone propionate (Inhalation)
0302000N0AABRBR,0302000N0,Presentation,VMP,Fluticasone propionate 100microg/Salmeterol 12.75microg/dose,40455711000001101,Fluticasone propionate (Inhalation)
0302000N0AABRBR,0302000N0,Pack,VMPP,Fluticasone propionate 100microg/Salmeterol 12.75microg/dose,40444811000001106,Fluticasone propionate (Inhalation)
0302000N0BQAABR,0302000N0,Presentation,AMP,Seffalair Spiromax 12.75microg / 100microg/dose dry pdr inh,40445111000001100,Fluticasone propionate (Inhalation)
0302000N0BQAABR,0302000N0,Pack,AMPP,Seffalair Spiromax 12.75microg / 100microg/dose dry pdr inh,40445211000001106,Fluticasone propionate (Inhalation)
0301011R0AAAPAP,0301011R0,Presentation,VMP,Salbutamol 100micrograms/dose inhaler CFC free,39113611000001102,Salbutamol
0301011R0AAAPAP,0301011R0,Pack,VMPP,Salbutamol 100micrograms/dose inhaler CFC free,1056811000001104,Salbutamol
0301011R0BMAAAP,0301011R0,Presentation,AMP,Airomir 100micrograms/dose inhaler,597011000001101,Salbutamol
0301011R0BMAAAP,0301011R0,Pack,AMPP,Airomir 100micrograms/dose inhaler,1478511000001108,Salbutamol
0301011R0BDAEAP,0301011R0,Presentation,AMP,Salbulin 100micrograms/dose inhaler,840111000001107,Salbutamol
0301011R0BDAEAP,0301011R0,Pack,AMPP,Salbulin 100micrograms/dose inhaler,1478611000001107,Salbutamol
0301011R0AAAPAP,0301011R0,Presentation,AMP,Salbutamol 100micrograms/dose inhaler CFC free,7511000001105,Salbutamol
0301011R0AAAPAP,0301011R0,Pack,AMPP,Salbutamol 100micrograms/dose inhaler CFC free,1479011000001105,Salbutamol
0301011R0AAAPAP,0301011R0,Presentation,AMP,Salbutamol 100micrograms/dose inhaler CFC free,757611000001104,Salbutamol
0301011R0AAAPAP,0301011R0,Pack,AMPP,Salbutamol 100micrograms/dose inhaler CFC free,1479311000001108,Salbutamol
0301011R0BEAIAP,0301011R0,Presentation,AMP,Ventolin 100micrograms/dose Evohaler,222311000001102,Salbutamol
0301011R0BEAIAP,0301011R0,Pack,AMPP,Ventolin 100micrograms/dose Evohaler,1479411000001101,Salbutamol
0301011R0BIAFAP,0301011R0,Presentation,AMP,Salamol 100micrograms/dose inhaler CFC free (Teva),106511000001103,Salbutamol
0301011R0BIAFAP,0301011R0,Pack,AMPP,Salamol 100micrograms/dose inhaler CFC free (Teva),1481411000001105,Salbutamol
0301011R0AAAPAP,0301011R0,Presentation,AMP,Salbutamol 100micrograms/dose inhaler CFC free,45111000001100,Salbutamol
0301011R0AAAPAP,0301011R0,Pack,AMPP,Salbutamol 100micrograms/dose inhaler CFC free,1756011000001108,Salbutamol
0301011R0AAAPAP,0301011R0,Presentation,AMP,Salbutamol 100micrograms/dose inhaler CFC free,18041311000001106,Salbutamol
0301011R0AAAPAP,0301011R0,Pack,AMPP,Salbutamol 100micrograms/dose inhaler CFC free,18041411000001104,Salbutamol
0301011R0BYAAAP,0301011R0,Presentation,AMP,Asmavent 100micrograms/dose inhaler CFC free,18148111000001107,Salbutamol
0301011R0BYAAAP,0301011R0,Pack,AMPP,Asmavent 100micrograms/dose inhaler CFC free,18148211000001101,Salbutamol
0301011R0BIAHAP,0301011R0,Presentation,AMP,Salamol 100micrograms/dose inhaler CFC free (Arrow),20434411000001107,Salbutamol
0301011R0BIAHAP,0301011R0,Pack,AMPP,Salamol 100micrograms/dose inhaler CFC free (Arrow),20434611000001105,Salbutamol
0301011R0BZAAAP,0301011R0,Presentation,AMP,AirSalb 100micrograms/dose inhaler CFC free,22503111000001109,Salbutamol
0301011R0BZAAAP,0301011R0,Pack,AMPP,AirSalb 100micrograms/dose inhaler CFC free,22503211000001103,Salbutamol
0301030S0AAARAR,0301030S0,Presentation,VMP,Theophylline 400mg modified-release tablets,35918111000001108,Theophylline
0301030S0AAARAR,0301030S0,Pack,VMPP,Theophylline 400mg modified-release tablets,2892111000001102,Theophylline
0301030S0BKAAAR,0301030S0,Presentation,AMP,Uniphyllin Continus 400mg tablets,2892211000001108,Theophylline
0301030S0BKAAAR,0301030S0,Pack,AMPP,Uniphyllin Continus 400mg tablets,2892611000001105,Theophylline
0302000N0AAABAB,0302000N0,Presentation,VMP,Fluticasone propionate 50microgram inhalation pdr blist,36059811000001109,Fluticasone propionate (Inhalation)
0302000N0AAAWAW,0302000N0,Presentation,VMP,Fluticasone 2mg/2ml nebuliser liquid unit dose vials,39712511000001104,Fluticasone propionate (Inhalation)
0302000N0AAAWAW,0302000N0,Pack,VMPP,Fluticasone 2mg/2ml nebuliser liquid unit dose vials,3396711000001107,Fluticasone propionate (Inhalation)
0302000N0BBAWAW,0302000N0,Presentation,AMP,Flixotide 2mg/2ml Nebules,3397211000001103,Fluticasone propionate (Inhalation)
0302000N0BBAWAW,0302000N0,Pack,AMPP,Flixotide 2mg/2ml Nebules,3399411000001108,Fluticasone propionate (Inhalation)
0302000N0AAAWAW,0302000N0,Presentation,AMP,Fluticasone 2mg/2ml nebuliser liquid unit dose vials,38960511000001105,Fluticasone propionate (Inhalation)
0302000N0AAAWAW,0302000N0,Pack,AMPP,Fluticasone 2mg/2ml nebuliser liquid unit dose vials,38960611000001109,Fluticasone propionate (Inhalation)
0301040R0AAABAB,0301040R0,Presentation,VMP,Salbutamol 2.5mg/Ipratropium brom 500mcg/2.5ml neb liq vials,39710511000001100,Salbutamol
0301040R0AAABAB,0301040R0,Pack,VMPP,Salbutamol 2.5mg/Ipratropium brom 500mcg/2.5ml neb liq vials,3405811000001102,Salbutamol
0301040R0BBABAB,0301040R0,Presentation,AMP,Combivent nebuliser liquid 2.5ml UDVs,3406011000001104,Salbutamol
0301040R0BBABAB,0301040R0,Pack,AMPP,Combivent nebuliser liquid 2.5ml UDVs,3406411000001108,Salbutamol
0301040R0BCAAAB,0301040R0,Presentation,AMP,Ipramol nebuliser solution 2.5ml Steri-Neb unit dose vials,10927511000001104,Salbutamol
0301040R0BCAAAB,0301040R0,Pack,AMPP,Ipramol nebuliser solution 2.5ml Steri-Neb unit dose vials,10927611000001100,Salbutamol
0301040R0BFAAAB,0301040R0,Presentation,AMP,Combiprasal 0.5mg/2.5mg neb soln 2.5ml unit dose vials,38617811000001107,Salbutamol
0301040R0BFAAAB,0301040R0,Pack,AMPP,Combiprasal 0.5mg/2.5mg neb soln 2.5ml unit dose vials,38618111000001104,Salbutamol
0302000K0AAAUAU,0302000K0,Presentation,VMP,Budesonide 400mcg/dose /Formoterol 12mcg/dose dry powder inh,4378111000001103,Budesonide
0302000K0AAAUAU,0302000K0,Pack,VMPP,Budesonide 400mcg/dose /Formoterol 12mcg/dose dry powder inh,4373411000001102,Budesonide
0302000K0AAAUAU,0302000K0,Pack,VMPP,Budesonide 400mcg/dose /Formoterol 12mcg/dose dry powder inh,42007611000001105,Budesonide
0302000K0BDACAU,0302000K0,Presentation,AMP,Symbicort 400/12 Turbohaler,4373811000001100,Budesonide
0302000K0BDACAU,0302000K0,Pack,AMPP,Symbicort 400/12 Turbohaler,4374111000001109,Budesonide
0302000K0BHABAU,0302000K0,Presentation,AMP,DuoResp Spiromax 320microg/dose / 9microg/dose dry pdr inh,25254711000001106,Budesonide
0302000K0BHABAU,0302000K0,Pack,AMPP,DuoResp Spiromax 320microg/dose / 9microg/dose dry pdr inh,25254911000001108,Budesonide
0302000K0BIAAAU,0302000K0,Presentation,AMP,Fobumix Easyhaler 320microg/dose / 9microg/dose dry pdr inh,34812111000001106,Budesonide
0302000K0BIAAAU,0302000K0,Pack,AMPP,Fobumix Easyhaler 320microg/dose / 9microg/dose dry pdr inh,34812311000001108,Budesonide
0302000K0BJABAU,0302000K0,Presentation,AMP,WockAIR 320micrograms/dose / 9micrograms/dose dry pdr inh,40106211000001107,Budesonide
0302000K0BJABAU,0302000K0,Pack,AMPP,WockAIR 320micrograms/dose / 9micrograms/dose dry pdr inh,40106311000001104,Budesonide
0302000K0BKABAU,0302000K0,Presentation,AMP,GoResp Digihaler 320microg/dose / 9microg/dose dry pdr inh,42007511000001106,Budesonide
0302000K0BKABAU,0302000K0,Pack,AMPP,GoResp Digihaler 320microg/dose / 9microg/dose dry pdr inh,42007711000001101,Budesonide
0302000U0AAAAAA,0302000U0,Presentation,VMP,Ciclesonide 80micrograms/dose inhaler CFC free,9004511000001107,Ciclesonide
0302000U0AAAAAA,0302000U0,Pack,VMPP,Ciclesonide 80micrograms/dose inhaler CFC free,9003811000001107,Ciclesonide
0302000U0AAAAAA,0302000U0,Pack,VMPP,Ciclesonide 80micrograms/dose inhaler CFC free,23438711000001108,Ciclesonide
0302000U0BBAAAA,0302000U0,Presentation,AMP,Alvesco 80 inhaler,9003911000001102,Ciclesonide
0302000U0BBAAAA,0302000U0,Pack,AMPP,Alvesco 80 inhaler,9004011000001104,Ciclesonide
0302000U0AAABAB,0302000U0,Presentation,VMP,Ciclesonide 160micrograms/dose inhaler CFC free,9004411000001108,Ciclesonide
0302000U0AAABAB,0302000U0,Pack,VMPP,Ciclesonide 160micrograms/dose inhaler CFC free,9004111000001103,Ciclesonide
0302000U0AAABAB,0302000U0,Pack,VMPP,Ciclesonide 160micrograms/dose inhaler CFC free,9342411000001109,Ciclesonide
0302000U0BBABAB,0302000U0,Presentation,AMP,Alvesco 160 inhaler,9004211000001109,Ciclesonide
0302000U0BBABAB,0302000U0,Pack,AMPP,Alvesco 160 inhaler,9004311000001101,Ciclesonide
0302000U0BBABAB,0302000U0,Pack,AMPP,Alvesco 160 inhaler,9342511000001108,Ciclesonide
0301011R0AAAZAZ,0301011R0,Presentation,AMP,Salbutamol 2mg tablets,921311000001107,Salbutamol
0301011R0AAAZAZ,0301011R0,Pack,AMPP,Salbutamol 2mg tablets,1906511000001101,Salbutamol
0301011R0AAAZAZ,0301011R0,Presentation,AMP,Salbutamol 2mg tablets,21895211000001100,Salbutamol
0301011R0AAAZAZ,0301011R0,Pack,AMPP,Salbutamol 2mg tablets,21895311000001108,Salbutamol
0301011R0AAAZAZ,0301011R0,Presentation,AMP,Salbutamol 2mg tablets,30094911000001103,Salbutamol
0301011R0AAAZAZ,0301011R0,Pack,AMPP,Salbutamol 2mg tablets,30095011000001103,Salbutamol
0301011R0AAAZAZ,0301011R0,Presentation,AMP,Salbutamol 2mg tablets,39241911000001100,Salbutamol
0301011R0AAAZAZ,0301011R0,Pack,AMPP,Salbutamol 2mg tablets,39242011000001107,Salbutamol
0301011R0AABABA,0301011R0,Presentation,VMP,Salbutamol 4mg tablets,39703611000001107,Salbutamol
0301011R0AABABA,0301011R0,Pack,VMPP,Salbutamol 4mg tablets,949411000001102,Salbutamol
0301011R0AABABA,0301011R0,Presentation,AMP,Salbutamol 4mg tablets,262711000001105,Salbutamol
0301011R0AABABA,0301011R0,Pack,AMPP,Salbutamol 4mg tablets,1906611000001102,Salbutamol
0301011R0AABABA,0301011R0,Presentation,AMP,Salbutamol 4mg tablets,194411000001107,Salbutamol
0301011R0AABABA,0301011R0,Pack,AMPP,Salbutamol 4mg tablets,1906711000001106,Salbutamol
0301011R0AABABA,0301011R0,Presentation,AMP,Salbutamol 4mg tablets,273911000001107,Salbutamol
0301011R0AABABA,0301011R0,Pack,AMPP,Salbutamol 4mg tablets,1906811000001103,Salbutamol
0301011R0AABABA,0301011R0,Presentation,AMP,Salbutamol 4mg tablets,258311000001100,Salbutamol
0301011R0AABABA,0301011R0,Pack,AMPP,Salbutamol 4mg tablets,1906911000001108,Salbutamol
0301011R0AABABA,0301011R0,Presentation,AMP,Salbutamol 4mg tablets,52811000001102,Salbutamol
0301011R0AABABA,0301011R0,Pack,AMPP,Salbutamol 4mg tablets,1907011000001107,Salbutamol
0301011R0AABABA,0301011R0,Presentation,AMP,Salbutamol 4mg tablets,21895411000001101,Salbutamol
0301011R0AABABA,0301011R0,Pack,AMPP,Salbutamol 4mg tablets,21895511000001102,Salbutamol
0301011R0AABABA,0301011R0,Presentation,AMP,Salbutamol 4mg tablets,30095111000001102,Salbutamol
0301011R0AABABA,0301011R0,Pack,AMPP,Salbutamol 4mg tablets,30095211000001108,Salbutamol
0301011R0AABABA,0301011R0,Presentation,AMP,Salbutamol 4mg tablets,39242111000001108,Salbutamol
0301011R0AABABA,0301011R0,Pack,AMPP,Salbutamol 4mg tablets,39242311000001105,Salbutamol
0301030S0AAA3A3,0301030S0,Presentation,VMP,Theophylline 300mg suppositories,15775211000001109,Theophylline
0301030S0AAA3A3,0301030S0,Pack,VMPP,Theophylline 300mg suppositories,15704111000001106,Theophylline
0301030S0AAA3A3,0301030S0,Presentation,AMP,Theophylline 300mg suppositories,15704211000001100,Theophylline
0301030S0AAA3A3,0301030S0,Pack,AMPP,Theophylline 300mg suppositories,15704311000001108,Theophylline
0301020Q0AAACAC,0301020Q0,Presentation,VMP,Tiotropium brom 2.5microg/dose soln for inhalation CFCfree,12197411000001102,Tiotropium bromide
0301020Q0AAACAC,0301020Q0,Pack,VMPP,Tiotropium brom 2.5microg/dose soln for inhalation CFCfree,12146811000001108,Tiotropium bromide
0301020Q0BBACAC,0301020Q0,Presentation,AMP,Spiriva Respimat 2.5microg/dose inhalation soln,12146911000001103,Tiotropium bromide
0301020Q0BBACAC,0301020Q0,Pack,AMPP,Spiriva Respimat 2.5microg/dose inhalation soln,12147011000001104,Tiotropium bromide
0302000N0AAAGAG,0302000N0,Presentation,VMP,Fluticasone 25micrograms/dose inhaler,36059111000001102,Fluticasone propionate (Inhalation)
0302000N0AAAGAG,0302000N0,Pack,VMPP,Fluticasone 25micrograms/dose inhaler,4855911000001106,Fluticasone propionate (Inhalation)
0302000N0BBAGAG,0302000N0,Presentation,AMP,Flixotide 25micrograms/dose inhaler,4856011000001103,Fluticasone propionate (Inhalation)
0302000N0BBAGAG,0302000N0,Pack,AMPP,Flixotide 25micrograms/dose inhaler,4856111000001102,Fluticasone propionate (Inhalation)
0302000K0AAATAT,0302000K0,Presentation,VMP,Budesonide 200micrograms/dose inhaler with spacer,4864911000001104,Budesonide
0302000K0AAATAT,0302000K0,Pack,VMPP,Budesonide 200micrograms/dose inhaler with spacer,4860711000001107,Budesonide
0302000K0BBALAT,0302000K0,Presentation,AMP,Pulmicort 200micrograms/dose inhaler with Nebuchamber,4860811000001104,Budesonide
0302000K0BBALAT,0302000K0,Pack,AMPP,Pulmicort 200micrograms/dose inhaler with Nebuchamber,4860911000001109,Budesonide
0301030S0AAALAL,0301030S0,Pack,VMPP,Theophylline 175mg modified-release tablets,1140411000001109,Theophylline
0301030S0BDAEAL,0301030S0,Presentation,AMP,Nuelin SA 175mg tablets,184211000001107,Theophylline
0301030S0BDAEAL,0301030S0,Pack,AMPP,Nuelin SA 175mg tablets,2329911000001101,Theophylline
0301030S0AAANULLN,0301030S0,Presentation,VMP,Theophylline 250mg modified-release tablets,35917811000001100,Theophylline
0301030S0AAANULLN,0301030S0,Pack,VMPP,Theophylline 250mg modified-release tablets,974511000001103,Theophylline
0301030S0BDAFAN,0301030S0,Presentation,AMP,Nuelin SA 250 tablets,456911000001102,Theophylline
0301030S0BDAFAN,0301030S0,Pack,AMPP,Nuelin SA 250 tablets,2330511000001103,Theophylline
0301030S0AAAPAP,0301030S0,Presentation,VMP,Theophylline 300mg modified-release tablets,35918011000001107,Theophylline
0301030S0AAAPAP,0301030S0,Pack,VMPP,Theophylline 300mg modified-release tablets,1015911000001109,Theophylline
0301030S0AAAPAP,0301030S0,Pack,VMPP,Theophylline 300mg modified-release tablets,1255811000001100,Theophylline
0301030S0BIABAP,0301030S0,Presentation,AMP,Theo-Dur 300mg tablets,727211000001102,Theophylline
0301030S0BIABAP,0301030S0,Pack,AMPP,Theo-Dur 300mg tablets,2331211000001107,Theophylline
0301030S0BKACAP,0301030S0,Presentation,AMP,Uniphyllin Continus 300mg tablets,2891811000001100,Theophylline
0301030S0BKACAP,0301030S0,Pack,AMPP,Uniphyllin Continus 300mg tablets,2892011000001103,Theophylline
0301040M0AAACAC,0301040M0,Presentation,VMP,Fenoterol 100microg/Ipratropium bromide 40microg/dose BA inh,36066711000001102,Fenoterol hydrobromide
0301040M0AAACAC,0301040M0,Pack,VMPP,Fenoterol 100microg/Ipratropium bromide 40microg/dose BA inh,2963311000001103,Fenoterol hydrobromide
0301040M0BBACAC,0301040M0,Presentation,AMP,Duovent Autohaler,2964011000001104,Fenoterol hydrobromide
0301040M0BBACAC,0301040M0,Pack,AMPP,Duovent Autohaler,2964311000001101,Fenoterol hydrobromide
0301030S0AABKBK,0301030S0,Pack,AMPP,Theophylline 50mg/5ml oral solution,24588311000001109,Theophylline
0301030S0AABKBK,0301030S0,Pack,AMPP,Theophylline 50mg/5ml oral solution,35049811000001109,Theophylline
0301011Z0AAAAAA,0301011Z0,Presentation,VMP,Olodaterol 2.5microg/dose soln for inhalation CFCfree,24670111000001108,Olodaterol
0301011Z0AAAAAA,0301011Z0,Pack,VMPP,Olodaterol 2.5microg/dose soln for inhalation CFCfree,24607911000001100,Olodaterol
0301011Z0BBAAAA,0301011Z0,Presentation,AMP,Striverdi Respimat 2.5microg/dose inhalation soln,24608011000001103,Olodaterol
0301011Z0BBAAAA,0301011Z0,Pack,AMPP,Striverdi Respimat 2.5microg/dose inhalation soln,24608111000001102,Olodaterol
0301011V0AAAGAG,0301011V0,Presentation,VMP,Terbutaline 1.5mg/5ml oral solution sugar free,35915911000001100,Terbutaline sulphate
0301011V0AAAGAG,0301011V0,Pack,VMPP,Terbutaline 1.5mg/5ml oral solution sugar free,1075211000001108,Terbutaline sulphate
0301011V0AAAGAG,0301011V0,Pack,VMPP,Terbutaline 1.5mg/5ml oral solution sugar free,12865611000001103,Terbutaline sulphate
0301011V0BBABAG,0301011V0,Presentation,AMP,Bricanyl 1.5mg/5ml syrup,726111000001105,Terbutaline sulphate
0301011V0BBABAG,0301011V0,Pack,AMPP,Bricanyl 1.5mg/5ml syrup,2432811000001108,Terbutaline sulphate
0301011V0BBABAG,0301011V0,Pack,AMPP,Bricanyl 1.5mg/5ml syrup,12865711000001107,Terbutaline sulphate
0301011V0BDABAG,0301011V0,Presentation,AMP,Monovent 1.5mg/5ml syrup,28011000001107,Terbutaline sulphate
0301011V0BDABAG,0301011V0,Pack,AMPP,Monovent 1.5mg/5ml syrup,2433711000001108,Terbutaline sulphate
0301011V0AAAGAG,0301011V0,Presentation,AMP,Terbutaline 1.5mg/5ml oral solution sugar free,248411000001109,Terbutaline sulphate
0301011V0AAAGAG,0301011V0,Pack,AMPP,Terbutaline 1.5mg/5ml oral solution sugar free,2434311000001106,Terbutaline sulphate
0301011V0AAAGAG,0301011V0,Presentation,AMP,Terbutaline 1.5mg/5ml oral solution sugar free,225511000001102,Terbutaline sulphate
0301011V0AAAGAG,0301011V0,Pack,AMPP,Terbutaline 1.5mg/5ml oral solution sugar free,2434611000001101,Terbutaline sulphate
0301011V0AAAGAG,0301011V0,Presentation,AMP,Terbutaline 1.5mg/5ml oral solution sugar free,9239411000001108,Terbutaline sulphate
0301011V0AAAGAG,0301011V0,Pack,AMPP,Terbutaline 1.5mg/5ml oral solution sugar free,9239511000001107,Terbutaline sulphate
0301020I0AAAIAI,0301020I0,Presentation,VMP,Ipratropium bromide 40microgram inhalation powder capsules,39717411000001100,Ipratropium bromide
0301020I0AAAIAI,0301020I0,Pack,VMPP,Ipratropium bromide 40microgram inhalation powder capsules,3235611000001106,Ipratropium bromide
0301020I0BBAIAI,0301020I0,Presentation,AMP,Atrovent 40microgram Aerocaps,3235911000001100,Ipratropium bromide
0301020I0BBAIAI,0301020I0,Pack,AMPP,Atrovent 40microgram Aerocaps,3236311000001106,Ipratropium bromide
0301020I0AAAHAH,0301020I0,Presentation,VMP,Ipratropium bromide 40microgram inhalation pdr caps with dev,39717311000001107,Ipratropium bromide
0301020I0AAAHAH,0301020I0,Pack,VMPP,Ipratropium bromide 40microgram inhalation pdr caps with dev,3236811000001102,Ipratropium bromide
0301040M0AAABAB,0301040M0,Presentation,VMP,Fenoterol 1.25mg/Ipratropium 500microg/4ml neb liq ud vials,39711511000001107,Fenoterol hydrobromide
0301040M0AAABAB,0301040M0,Pack,VMPP,Fenoterol 1.25mg/Ipratropium 500microg/4ml neb liq ud vials,4192211000001105,Fenoterol hydrobromide
0301040M0BBABAB,0301040M0,Presentation,AMP,Duovent UDVs nebuliser liquid 4ml,4192411000001109,Fenoterol hydrobromide
0301040M0BBABAB,0301040M0,Pack,AMPP,Duovent UDVs nebuliser liquid 4ml,4192511000001108,Fenoterol hydrobromide
0301030S0AABBBB,0301030S0,Presentation,VMP,Theophylline 125mg/5ml oral suspension,23676311000001105,Theophylline
0301030S0AABBBB,0301030S0,Pack,VMPP,Theophylline 125mg/5ml oral suspension,23671011000001100,Theophylline
0301030S0AABBBB,0301030S0,Presentation,AMP,Theophylline 125mg/5ml oral suspension,23671111000001104,Theophylline
0301030S0AABBBB,0301030S0,Pack,AMPP,Theophylline 125mg/5ml oral suspension,23671211000001105,Theophylline
0301011V0AAAKAK,0301011V0,Presentation,VMP,Terbutaline 2.5mg/5ml solution for injection ampoules,35916011000001108,Terbutaline sulphate
0301011V0AAAKAK,0301011V0,Pack,VMPP,Terbutaline 2.5mg/5ml solution for injection ampoules,1107511000001101,Terbutaline sulphate
0301011V0BBAJAK,0301011V0,Presentation,AMP,Bricanyl 2.5mg/5ml solution for injection ampoules,101011000001104,Terbutaline sulphate
0301011V0BBAJAK,0301011V0,Pack,AMPP,Bricanyl 2.5mg/5ml solution for injection ampoules,2685111000001102,Terbutaline sulphate
0301011V0AAABAB,0301011V0,Presentation,VMP,Terbutaline 500micrograms/1ml inj ampoules,35916211000001103,Terbutaline sulphate
0301011V0AAABAB,0301011V0,Pack,VMPP,Terbutaline 500micrograms/1ml inj ampoules,1190811000001104,Terbutaline sulphate
0301011V0BBACAB,0301011V0,Presentation,AMP,Bricanyl 500micrograms/1ml solution for injection ampoules,691211000001105,Terbutaline sulphate
0301011V0BBACAB,0301011V0,Pack,AMPP,Bricanyl 500micrograms/1ml solution for injection ampoules,2685811000001109,Terbutaline sulphate
0301011E0BEAAAC,0301011E0,Pack,AMPP,Formoterol Easyhaler 12micrograms/dose dry powder inhaler,11176511000001105,Formoterol fumarate
0301011V0AAAAAA,0301011V0,Presentation,VMP,Terbutaline 250micrograms/dose inhaler,39113111000001105,Terbutaline sulphate
0301011V0AAAAAA,0301011V0,Pack,VMPP,Terbutaline 250micrograms/dose inhaler,3246811000001101,Terbutaline sulphate
0301011V0BBADAA,0301011V0,Presentation,AMP,Bricanyl 250micrograms/dose inhaler,3248011000001106,Terbutaline sulphate
0301011V0BBADAA,0301011V0,Pack,AMPP,Bricanyl 250micrograms/dose inhaler,3248211000001101,Terbutaline sulphate
0301011V0AAAFAF,0301011V0,Presentation,VMP,Terbutaline 250micrograms/dose inhaler with spacer,35916111000001109,Terbutaline sulphate
0301011V0AAAFAF,0301011V0,Pack,VMPP,Terbutaline 250micrograms/dose inhaler with spacer,3248611000001104,Terbutaline sulphate
0301011V0BBAFAF,0301011V0,Presentation,AMP,Bricanyl 250micrograms/dose spacer inhaler,3248711000001108,Terbutaline sulphate
0301011V0BBAFAF,0301011V0,Pack,AMPP,Bricanyl 250micrograms/dose spacer inhaler,3248811000001100,Terbutaline sulphate
0302000C0AABKBK,0302000C0,Presentation,VMP,Beclometasone 250micrograms/dose dry powder inhaler,35908711000001106,Beclometasone dipropionate
0302000C0AABKBK,0302000C0,Pack,VMPP,Beclometasone 250micrograms/dose dry powder inhaler,3174011000001103,Beclometasone dipropionate
0302000C0BIAFBK,0302000C0,Presentation,AMP,Asmabec 250 Clickhaler,3174111000001102,Beclometasone dipropionate
0302000C0BIAFBK,0302000C0,Pack,AMPP,Asmabec 250 Clickhaler,3174211000001108,Beclometasone dipropionate
0302000C0AABSBS,0302000C0,Presentation,VMP,Beclometasone 400micrograms/dose dry powder inhaler,35909111000001103,Beclometasone dipropionate
0302000C0AABSBS,0302000C0,Pack,VMPP,Beclometasone 400micrograms/dose dry powder inhaler,3174711000001101,Beclometasone dipropionate
0302000C0BLACBS,0302000C0,Presentation,AMP,Pulvinal Beclometasone Diprop 400microg/dose dry pdr inh,3175111000001103,Beclometasone dipropionate
0302000C0BLACBS,0302000C0,Pack,AMPP,Pulvinal Beclometasone Diprop 400microg/dose dry pdr inh,3175311000001101,Beclometasone dipropionate
0302000C0AAAAAA,0302000C0,Presentation,VMP,Beclometasone 50micrograms/dose inhaler,35909511000001107,Beclometasone dipropionate
0302000C0AAAAAA,0302000C0,Pack,VMPP,Beclometasone 50micrograms/dose inhaler,3175011000001104,Beclometasone dipropionate
0302000C0AAAAAA,0302000C0,Pack,VMPP,Beclometasone 50micrograms/dose inhaler,4841211000001102,Beclometasone dipropionate
0302000C0BGAAAA,0302000C0,Presentation,AMP,Filair 50 inhaler,3175211000001109,Beclometasone dipropionate
0302000C0BGAAAA,0302000C0,Pack,AMPP,Filair 50 inhaler,3175411000001108,Beclometasone dipropionate
0302000C0AAAAAA,0302000C0,Presentation,AMP,Beclometasone 50micrograms/dose inhaler,3175711000001102,Beclometasone dipropionate
0302000C0AAAAAA,0302000C0,Pack,AMPP,Beclometasone 50micrograms/dose inhaler,3175811000001105,Beclometasone dipropionate
0302000C0AAAAAA,0302000C0,Presentation,AMP,Beclometasone 50micrograms/dose inhaler,3175911000001100,Beclometasone dipropionate
0302000C0AAAAAA,0302000C0,Pack,AMPP,Beclometasone 50micrograms/dose inhaler,3176011000001108,Beclometasone dipropionate
0302000C0BCAIAA,0302000C0,Presentation,AMP,Becotide 50 inhaler,3176211000001103,Beclometasone dipropionate
0302000C0BCAIAA,0302000C0,Pack,AMPP,Becotide 50 inhaler,3176311000001106,Beclometasone dipropionate
0302000C0BCAIAA,0302000C0,Pack,AMPP,Becotide 50 inhaler,4841511000001104,Beclometasone dipropionate
0302000C0BFAAAA,0302000C0,Presentation,AMP,Beclazone 50 inhaler,3176411000001104,Beclometasone dipropionate
0302000C0BFAAAA,0302000C0,Pack,AMPP,Beclazone 50 inhaler,3176511000001100,Beclometasone dipropionate
0302000C0AAAAAA,0302000C0,Presentation,AMP,Beclometasone 50micrograms/dose inhaler,3176711000001105,Beclometasone dipropionate
0302000C0AAAAAA,0302000C0,Pack,AMPP,Beclometasone 50micrograms/dose inhaler,3176911000001107,Beclometasone dipropionate
0302000C0AAAAAA,0302000C0,Presentation,AMP,Beclometasone 50micrograms/dose inhaler,3177111000001107,Beclometasone dipropionate
0302000C0AAAAAA,0302000C0,Pack,AMPP,Beclometasone 50micrograms/dose inhaler,3177211000001101,Beclometasone dipropionate
0302000C0AAAAAA,0302000C0,Presentation,AMP,Beclometasone 50micrograms/dose inhaler,4773611000001100,Beclometasone dipropionate
0302000C0AAAAAA,0302000C0,Pack,AMPP,Beclometasone 50micrograms/dose inhaler,4773711000001109,Beclometasone dipropionate
0302000C0AAAAAA,0302000C0,Presentation,AMP,Beclometasone 50micrograms/dose inhaler,11400011000001108,Beclometasone dipropionate
0302000C0AAAAAA,0302000C0,Pack,AMPP,Beclometasone 50micrograms/dose inhaler,11400111000001109,Beclometasone dipropionate
0302000C0AAAAAA,0302000C0,Presentation,AMP,Beclometasone 50micrograms/dose inhaler,17793411000001101,Beclometasone dipropionate
0302000C0AAAAAA,0302000C0,Pack,AMPP,Beclometasone 50micrograms/dose inhaler,17793811000001104,Beclometasone dipropionate
0301011R0AABGBG,0301011R0,Presentation,VMP,Salbutamol 2mg/5ml oral solution sugar free,39109411000001101,Salbutamol
0301011R0AABGBG,0301011R0,Pack,VMPP,Salbutamol 2mg/5ml oral solution sugar free,1182211000001103,Salbutamol
0301011R0AABGBG,0301011R0,Presentation,AMP,Salbutamol 2mg/5ml oral solution sugar free,161111000001102,Salbutamol
0301011R0AABGBG,0301011R0,Pack,AMPP,Salbutamol 2mg/5ml oral solution sugar free,2469811000001107,Salbutamol
0301011R0BEAMBG,0301011R0,Presentation,AMP,Ventolin 2mg/5ml syrup,892011000001102,Salbutamol
0301011R0BEAMBG,0301011R0,Pack,AMPP,Ventolin 2mg/5ml syrup,2471211000001102,Salbutamol
0301011R0AABGBG,0301011R0,Presentation,AMP,Salbutamol 2mg/5ml oral solution sugar free,896511000001106,Salbutamol
0301011R0AABGBG,0301011R0,Pack,AMPP,Salbutamol 2mg/5ml oral solution sugar free,2471311000001105,Salbutamol
0301011R0AABGBG,0301011R0,Presentation,AMP,Salbutamol 2mg/5ml oral solution sugar free,221511000001100,Salbutamol
0301011R0AABGBG,0301011R0,Pack,AMPP,Salbutamol 2mg/5ml oral solution sugar free,2471711000001109,Salbutamol
0301011R0AABGBG,0301011R0,Presentation,AMP,Salbutamol 2mg/5ml oral solution sugar free,803911000001107,Salbutamol
0301011R0AABGBG,0301011R0,Pack,AMPP,Salbutamol 2mg/5ml oral solution sugar free,2472411000001108,Salbutamol
0301011R0BUAABG,0301011R0,Presentation,AMP,Salapin 2mg/5ml syrup,650211000001107,Salbutamol
0301011R0BUAABG,0301011R0,Pack,AMPP,Salapin 2mg/5ml syrup,2474811000001104,Salbutamol
0301011R0AABGBG,0301011R0,Presentation,AMP,Salbutamol 2mg/5ml oral solution sugar free,13626311000001105,Salbutamol
0301011R0AABGBG,0301011R0,Pack,AMPP,Salbutamol 2mg/5ml oral solution sugar free,13626411000001103,Salbutamol
0301030B0AAA9A9,0301030B0,Presentation,VMP,Aminophylline 250mg/10ml inj pre-filled syringes,35900711000001109,Aminophylline
0301030B0AAA9A9,0301030B0,Pack,VMPP,Aminophylline 250mg/10ml inj pre-filled syringes,4707011000001105,Aminophylline
0301030B0BCAAA9,0301030B0,Presentation,AMP,Aminophylline 250mg/10ml inj Minijet pre-filled syringes,4707111000001106,Aminophylline
0301030B0BCAAA9,0301030B0,Pack,AMPP,Aminophylline 250mg/10ml inj Minijet pre-filled syringes,4707211000001100,Aminophylline
0301040R0AAACAC,0301040R0,Presentation,VMP,Salbutamol 2.5mg/Ipratropium brom 500mcg/2.5ml neb liq amp,15534911000001100,Salbutamol
0301040R0AAACAC,0301040R0,Pack,VMPP,Salbutamol 2.5mg/Ipratropium brom 500mcg/2.5ml neb liq amp,15522311000001105,Salbutamol
0301040R0BDAAAC,0301040R0,Presentation,AMP,Salipraneb 0.5mg/2.5mg nebuliser soln 2.5ml ampoules (Arrow),15522411000001103,Salbutamol
0301040R0BDAAAC,0301040R0,Pack,AMPP,Salipraneb 0.5mg/2.5mg nebuliser soln 2.5ml ampoules (Arrow),15522511000001104,Salbutamol
0301040R0BEAAAC,0301040R0,Presentation,AMP,Salipraneb 0.5mg/2.5mg nebuliser soln 2.5ml amp (Actavis),32898611000001109,Salbutamol
0301040R0BEAAAC,0301040R0,Pack,AMPP,Salipraneb 0.5mg/2.5mg nebuliser soln 2.5ml amp (Actavis),32898911000001103,Salbutamol
0301011E0AAADAD,0301011E0,Presentation,VMP,Formoterol 12micrograms/dose inhaler CFC free,9652711000001107,Formoterol fumarate
0301011E0AAADAD,0301011E0,Pack,VMPP,Formoterol 12micrograms/dose inhaler CFC free,9628611000001102,Formoterol fumarate
0301011E0BDAAAD,0301011E0,Presentation,AMP,Atimos Modulite 12micrograms/dose inhaler,9628711000001106,Formoterol fumarate
0301011E0BDAAAD,0301011E0,Pack,AMPP,Atimos Modulite 12micrograms/dose inhaler,9628811000001103,Formoterol fumarate
0301011R0AAAVAV,0301011R0,Presentation,VMP,Salbutamol 200microgram inhalation powder capsules,39709711000001100,Salbutamol
0301011R0AAAVAV,0301011R0,Pack,VMPP,Salbutamol 200microgram inhalation powder capsules,3213211000001103,Salbutamol
0301011R0AAAVAV,0301011R0,Pack,VMPP,Salbutamol 200microgram inhalation powder capsules,3213711000001105,Salbutamol
0301011R0AAAVAV,0301011R0,Pack,VMPP,Salbutamol 200microgram inhalation powder capsules,5324611000001106,Salbutamol
0301011R0BEAPAV,0301011R0,Presentation,AMP,Ventolin 200microgram Rotacaps,3214211000001100,Salbutamol
0301011R0BEAPAV,0301011R0,Pack,AMPP,Ventolin 200microgram Rotacaps,3214411000001101,Salbutamol
0301011R0BPACAV,0301011R0,Presentation,AMP,Salbutamol 200 Cyclocaps,3214611000001103,Salbutamol
0301011R0BPACAV,0301011R0,Pack,AMPP,Salbutamol 200 Cyclocaps,3214911000001109,Salbutamol
0301011R0AABUBU,0301011R0,Presentation,VMP,Salbutamol 100micrograms/dose breath actuated inh CFC free,39112711000001103,Salbutamol
0301011R0AABUBU,0301011R0,Pack,VMPP,Salbutamol 100micrograms/dose breath actuated inh CFC free,3213411000001104,Salbutamol
0301011R0BMABBU,0301011R0,Presentation,AMP,Airomir 100micrograms/dose Autohaler,3214311000001108,Salbutamol
0301011R0BMABBU,0301011R0,Pack,AMPP,Airomir 100micrograms/dose Autohaler,3214511000001102,Salbutamol
0301011R0BIAGBU,0301011R0,Presentation,AMP,Salamol 100micrograms/dose Easi-Breathe inhaler,3215311000001107,Salbutamol
0301011R0BIAGBU,0301011R0,Pack,AMPP,Salamol 100micrograms/dose Easi-Breathe inhaler,3215611000001102,Salbutamol
0301011R0AAAWAW,0301011R0,Presentation,VMP,Salbutamol 400microgram inhalation powder capsules,39709811000001108,Salbutamol
0301011R0AAAWAW,0301011R0,Pack,VMPP,Salbutamol 400microgram inhalation powder capsules,3217011000001102,Salbutamol
0301011R0AAAWAW,0301011R0,Pack,VMPP,Salbutamol 400microgram inhalation powder capsules,3217111000001101,Salbutamol
0301011R0AAAWAW,0301011R0,Pack,VMPP,Salbutamol 400microgram inhalation powder capsules,5582111000001102,Salbutamol
0301011R0BPADAW,0301011R0,Presentation,AMP,Salbutamol 400 Cyclocaps,3217611000001109,Salbutamol
0301011R0BPADAW,0301011R0,Pack,AMPP,Salbutamol 400 Cyclocaps,3217811000001108,Salbutamol
0301011R0BEAQAW,0301011R0,Presentation,AMP,Ventolin 400microgram Rotacaps,3218011000001101,Salbutamol
0301011R0BEAQAW,0301011R0,Pack,AMPP,Ventolin 400microgram Rotacaps,3218111000001100,Salbutamol
0301011V0AABBBB,0301011V0,Presentation,VMP,Terbutaline 500micrograms/dose dry powder inhaler,35916311000001106,Terbutaline sulphate
0301011V0AABBBB,0301011V0,Pack,VMPP,Terbutaline 500micrograms/dose dry powder inhaler,3218211000001106,Terbutaline sulphate
0301011V0AABBBB,0301011V0,Pack,VMPP,Terbutaline 500micrograms/dose dry powder inhaler,5257811000001109,Terbutaline sulphate
0301011V0AABBBB,0301011V0,Pack,VMPP,Terbutaline 500micrograms/dose dry powder inhaler,36506811000001106,Terbutaline sulphate
0301011V0BBARBB,0301011V0,Presentation,AMP,Bricanyl 500micrograms/dose Turbohaler,3218311000001103,Terbutaline sulphate
0301011V0BBARBB,0301011V0,Pack,AMPP,Bricanyl 500micrograms/dose Turbohaler,3218411000001105,Terbutaline sulphate
0301011V0BBARBB,0301011V0,Pack,AMPP,Bricanyl 500micrograms/dose Turbohaler,36506911000001101,Terbutaline sulphate
0301020I0AAACAC,0301020I0,Presentation,VMP,Ipratropium bromide 500micrograms/2ml neb liq ud vials,39717511000001101,Ipratropium bromide
0301020I0AAACAC,0301020I0,Pack,VMPP,Ipratropium bromide 500micrograms/2ml neb liq ud vials,3220511000001104,Ipratropium bromide
0301020I0AAAGAG,0301020I0,Presentation,VMP,Ipratropium bromide 20micrograms/dose BA inhaler,36049211000001106,Ipratropium bromide
0301020I0AAAGAG,0301020I0,Pack,VMPP,Ipratropium bromide 20micrograms/dose BA inhaler,1264411000001106,Ipratropium bromide
0301020I0BBAGAG,0301020I0,Presentation,AMP,Atrovent 20micrograms/dose Autohaler,351411000001106,Ipratropium bromide
0301020I0BBAGAG,0301020I0,Pack,AMPP,Atrovent 20micrograms/dose Autohaler,2825611000001106,Ipratropium bromide
0301020I0AAAAAA,0301020I0,Presentation,VMP,Ipratropium bromide 20micrograms/dose inhaler,36049311000001103,Ipratropium bromide
0301020I0AAAAAA,0301020I0,Pack,VMPP,Ipratropium bromide 20micrograms/dose inhaler,1151011000001107,Ipratropium bromide
0301020I0BBAAAA,0301020I0,Presentation,AMP,Atrovent 20micrograms/dose inhaler,24011000001103,Ipratropium bromide
0301020I0BBAAAA,0301020I0,Pack,AMPP,Atrovent 20micrograms/dose inhaler,2826911000001107,Ipratropium bromide
0301011U0AAACAC,0301011U0,Presentation,VMP,Salmeterol 25micrograms/dose inhaler,39110811000001105,Salmeterol
0301011U0AAACAC,0301011U0,Pack,VMPP,Salmeterol 25micrograms/dose inhaler,1048111000001108,Salmeterol
0301011U0AAACAC,0301011U0,Pack,VMPP,Salmeterol 25micrograms/dose inhaler,4840011000001103,Salmeterol
0301011U0BBACAC,0301011U0,Presentation,AMP,Serevent 25micrograms/dose inhaler,408911000001105,Salmeterol
0301011U0BBACAC,0301011U0,Pack,AMPP,Serevent 25micrograms/dose inhaler,2826211000001103,Salmeterol
0301011U0BBACAC,0301011U0,Pack,AMPP,Serevent 25micrograms/dose inhaler,4840111000001102,Salmeterol
0301020I0AAADAD,0301020I0,Presentation,VMP,Ipratropium bromide 40micrograms/dose inhaler,36049411000001105,Ipratropium bromide
0301020I0AAADAD,0301020I0,Pack,VMPP,Ipratropium bromide 40micrograms/dose inhaler,1314811000001104,Ipratropium bromide
0301020I0BBADAD,0301020I0,Presentation,AMP,Atrovent Forte 40micrograms/dose inhaler,347611000001103,Ipratropium bromide
0301020I0BBADAD,0301020I0,Pack,AMPP,Atrovent Forte 40micrograms/dose inhaler,2827511000001103,Ipratropium bromide
0302000N0AABHBH,0302000N0,Presentation,VMP,Fluticasone 50micrograms/dose inhaler CFC free,39110911000001100,Fluticasone propionate (Inhalation)
0302000N0AABHBH,0302000N0,Pack,VMPP,Fluticasone 50micrograms/dose inhaler CFC free,1226011000001101,Fluticasone propionate (Inhalation)
0302000N0BBBBBH,0302000N0,Presentation,AMP,Flixotide 50micrograms/dose Evohaler,726611000001102,Fluticasone propionate (Inhalation)
0302000N0BBBBBH,0302000N0,Pack,AMPP,Flixotide 50micrograms/dose Evohaler,2829311000001104,Fluticasone propionate (Inhalation)
0301011V0AAAHAH,0301011V0,Presentation,VMP,Terbutaline 5mg tablets,42298311000001109,Terbutaline sulphate
0301011V0AAAHAH,0301011V0,Pack,VMPP,Terbutaline 5mg tablets,965811000001105,Terbutaline sulphate
0301011V0BBAAAH,0301011V0,Presentation,AMP,Bricanyl 5mg tablets,738811000001100,Terbutaline sulphate
0301011V0BBAAAH,0301011V0,Pack,AMPP,Bricanyl 5mg tablets,2829411000001106,Terbutaline sulphate
0302000N0AABEBE,0302000N0,Presentation,VMP,Fluticasone 50microg / Salmeterol 25microg/dose inh CFC free,39111011000001108,Fluticasone propionate (Inhalation)
0302000N0AABEBE,0302000N0,Pack,VMPP,Fluticasone 50microg / Salmeterol 25microg/dose inh CFC free,1094711000001109,Fluticasone propionate (Inhalation)
0302000N0BCADBE,0302000N0,Presentation,AMP,Seretide 50 Evohaler,453611000001102,Fluticasone propionate (Inhalation)
0302000N0BCADBE,0302000N0,Pack,AMPP,Seretide 50 Evohaler,2830011000001108,Fluticasone propionate (Inhalation)
0302000N0BLAABE,0302000N0,Presentation,AMP,Combisal 25micrograms/dose / 50micrograms/dose inhaler,35594011000001105,Fluticasone propionate (Inhalation)
0302000N0BLAABE,0302000N0,Pack,AMPP,Combisal 25micrograms/dose / 50micrograms/dose inhaler,35594111000001106,Fluticasone propionate (Inhalation)
0302000N0BPAABE,0302000N0,Presentation,AMP,Avenor 25micrograms/dose / 50micrograms/dose inhaler,40034211000001104,Fluticasone propionate (Inhalation)
0302000N0BPAABE,0302000N0,Pack,AMPP,Avenor 25micrograms/dose / 50micrograms/dose inhaler,40034311000001107,Fluticasone propionate (Inhalation)
0301011V0AAAIAI,0301011V0,Presentation,VMP,Terbutaline 7.5mg modified-release tablets,35916411000001104,Terbutaline sulphate
0301011V0AAAIAI,0301011V0,Pack,VMPP,Terbutaline 7.5mg modified-release tablets,1223011000001109,Terbutaline sulphate
0301011V0BBANULLI,0301011V0,Presentation,AMP,Bricanyl SA 7.5mg tablets,364811000001103,Terbutaline sulphate
0301011V0BBANULLI,0301011V0,Pack,AMPP,Bricanyl SA 7.5mg tablets,2830111000001109,Terbutaline sulphate
0302000N0AABFBF,0302000N0,Presentation,VMP,Fluticasone 125mcg/dose / Salmeterol 25mcg/dose inh CFC free,39111111000001109,Fluticasone propionate (Inhalation)
0302000N0AABFBF,0302000N0,Pack,VMPP,Fluticasone 125mcg/dose / Salmeterol 25mcg/dose inh CFC free,1282011000001105,Fluticasone propionate (Inhalation)
0302000N0BCAEBF,0302000N0,Presentation,AMP,Seretide 125 Evohaler,810211000001105,Fluticasone propionate (Inhalation)
0302000N0BCAEBF,0302000N0,Pack,AMPP,Seretide 125 Evohaler,2830811000001102,Fluticasone propionate (Inhalation)
0302000N0BFAABF,0302000N0,Presentation,AMP,Sirdupla 25micrograms/dose / 125micrograms/dose inhaler,29782111000001107,Fluticasone propionate (Inhalation)
0302000N0BFAABF,0302000N0,Pack,AMPP,Sirdupla 25micrograms/dose / 125micrograms/dose inhaler,29782211000001101,Fluticasone propionate (Inhalation)
0302000N0BIAABF,0302000N0,Presentation,AMP,Sereflo 25micrograms/dose / 125micrograms/dose inhaler,34023611000001101,Fluticasone propionate (Inhalation)
0302000N0BIAABF,0302000N0,Pack,AMPP,Sereflo 25micrograms/dose / 125micrograms/dose inhaler,34023711000001105,Fluticasone propionate (Inhalation)
0302000N0BGABBF,0302000N0,Presentation,AMP,AirFluSal 25micrograms/dose / 125micrograms/dose inhaler,34215311000001107,Fluticasone propionate (Inhalation)
0302000N0BGABBF,0302000N0,Pack,AMPP,AirFluSal 25micrograms/dose / 125micrograms/dose inhaler,34215411000001100,Fluticasone propionate (Inhalation)
0302000N0BJAABF,0302000N0,Presentation,AMP,Aloflute 25micrograms/dose / 125micrograms/dose inhaler,34677011000001107,Fluticasone propionate (Inhalation)
0302000N0BJAABF,0302000N0,Pack,AMPP,Aloflute 25micrograms/dose / 125micrograms/dose inhaler,34677111000001108,Fluticasone propionate (Inhalation)
0302000N0BLABBF,0302000N0,Presentation,AMP,Combisal 25micrograms/dose / 125micrograms/dose inhaler,35594211000001100,Fluticasone propionate (Inhalation)
0302000N0BLABBF,0302000N0,Pack,AMPP,Combisal 25micrograms/dose / 125micrograms/dose inhaler,35594311000001108,Fluticasone propionate (Inhalation)
0302000N0BPABBF,0302000N0,Presentation,AMP,Avenor 25micrograms/dose / 125micrograms/dose inhaler,40040711000001101,Fluticasone propionate (Inhalation)
0302000N0BPABBF,0302000N0,Pack,AMPP,Avenor 25micrograms/dose / 125micrograms/dose inhaler,40040811000001109,Fluticasone propionate (Inhalation)
0301011V0AAAXAX,0301011V0,Presentation,VMP,Terbutaline 10mg/ml nebuliser liquid,39714711000001104,Terbutaline sulphate
0301020S0AAAAAA,0301020S0,Presentation,VMP,Glycopyrronium bromide 55microg inhalation pdr caps with dev,21496211000001102,Glycopyrronium bromide
0301020S0AAAAAA,0301020S0,Pack,VMPP,Glycopyrronium bromide 55microg inhalation pdr caps with dev,21495211000001108,Glycopyrronium bromide
0301020S0AAAAAA,0301020S0,Pack,VMPP,Glycopyrronium bromide 55microg inhalation pdr caps with dev,21495311000001100,Glycopyrronium bromide
0301020S0AAAAAA,0301020S0,Pack,VMPP,Glycopyrronium bromide 55microg inhalation pdr caps with dev,31550911000001105,Glycopyrronium bromide
0301020S0BBAAAA,0301020S0,Presentation,AMP,Seebri Breezhaler 44microgram inhalation pdr caps with dev,21495411000001107,Glycopyrronium bromide
0301020S0BBAAAA,0301020S0,Pack,AMPP,Seebri Breezhaler 44microgram inhalation pdr caps with dev,21495511000001106,Glycopyrronium bromide
0301020S0BBAAAA,0301020S0,Pack,AMPP,Seebri Breezhaler 44microgram inhalation pdr caps with dev,21495711000001101,Glycopyrronium bromide
0301020S0BBAAAA,0301020S0,Pack,AMPP,Seebri Breezhaler 44microgram inhalation pdr caps with dev,31551311000001104,Glycopyrronium bromide
0301030S0AAAHAH,0301030S0,Presentation,VMP,Theophylline 10mg/5ml oral liquid,8725311000001108,Theophylline
0301030S0AAAHAH,0301030S0,Pack,VMPP,Theophylline 10mg/5ml oral liquid,8709511000001105,Theophylline
0301030S0AAAHAH,0301030S0,Presentation,AMP,Theophylline 10mg/5ml oral liquid,8709611000001109,Theophylline
0301030S0AAAHAH,0301030S0,Pack,AMPP,Theophylline 10mg/5ml oral liquid,8709711000001100,Theophylline
0301030S0AAAHAH,0301030S0,Presentation,VMP,Theophylline 10mg/5ml oral liquid,8725211000001100,Theophylline
0301030S0AAAHAH,0301030S0,Pack,VMPP,Theophylline 10mg/5ml oral liquid,8710011000001108,Theophylline
0301030S0AAAHAH,0301030S0,Presentation,AMP,Theophylline 10mg/5ml oral liquid,8710111000001109,Theophylline
0301030S0AAAHAH,0301030S0,Pack,AMPP,Theophylline 10mg/5ml oral liquid,8710211000001103,Theophylline
0301011R0AAAUAU,0301011R0,Presentation,VMP,Salbutamol 500micrograms/1ml solution for injection ampoules,38895911000001101,Salbutamol
0301011R0AAAUAU,0301011R0,Pack,VMPP,Salbutamol 500micrograms/1ml solution for injection ampoules,3926811000001103,Salbutamol
0301011R0BEATAU,0301011R0,Presentation,AMP,Ventolin 500micrograms/1ml solution for injection ampoules,3926911000001108,Salbutamol
0301011R0BEATAU,0301011R0,Pack,AMPP,Ventolin 500micrograms/1ml solution for injection ampoules,3927011000001107,Salbutamol
0301030S0AABLBL,0301030S0,Presentation,VMP,Theophylline 50mg/5ml oral suspension,35101211000001105,Theophylline
0301030S0AABLBL,0301030S0,Pack,VMPP,Theophylline 50mg/5ml oral suspension,35049911000001104,Theophylline
0301030S0AABLBL,0301030S0,Pack,VMPP,Theophylline 50mg/5ml oral suspension,35050011000001108,Theophylline
0301030S0AABLBL,0301030S0,Presentation,AMP,Theophylline 50mg/5ml oral suspension,35050111000001109,Theophylline
0301030S0AABLBL,0301030S0,Pack,AMPP,Theophylline 50mg/5ml oral suspension,35050211000001103,Theophylline
0301030S0AABLBL,0301030S0,Pack,AMPP,Theophylline 50mg/5ml oral suspension,35050311000001106,Theophylline
0302000C0AABVBV,0302000C0,Presentation,VMP,Beclometasone 200micrograms/dose inhaler CFC free,10621011000001101,Beclometasone dipropionate
0302000C0AABVBV,0302000C0,Pack,VMPP,Beclometasone 200micrograms/dose inhaler CFC free,10619211000001104,Beclometasone dipropionate
0302000C0BPACBV,0302000C0,Presentation,AMP,Clenil Modulite 200micrograms/dose inhaler,10619311000001107,Beclometasone dipropionate
0302000C0BPACBV,0302000C0,Pack,AMPP,Clenil Modulite 200micrograms/dose inhaler,10619411000001100,Beclometasone dipropionate
0302000C0BTABBV,0302000C0,Presentation,AMP,Soprobec 200micrograms/dose inhaler,36603411000001105,Beclometasone dipropionate
0302000C0BTABBV,0302000C0,Pack,AMPP,Soprobec 200micrograms/dose inhaler,36603511000001109,Beclometasone dipropionate
0302000C0BVABBV,0302000C0,Presentation,AMP,Beclu 200micrograms/dose inhaler,41476211000001105,Beclometasone dipropionate
0302000C0BVABBV,0302000C0,Pack,AMPP,Beclu 200micrograms/dose inhaler,41476411000001109,Beclometasone dipropionate
0302000C0AABWBW,0302000C0,Presentation,VMP,Beclometasone 250micrograms/dose inhaler CFC free,10621111000001100,Beclometasone dipropionate
0302000C0AABWBW,0302000C0,Pack,VMPP,Beclometasone 250micrograms/dose inhaler CFC free,10619511000001101,Beclometasone dipropionate
0302000C0BPADBW,0302000C0,Presentation,AMP,Clenil Modulite 250micrograms/dose inhaler,10619611000001102,Beclometasone dipropionate
0302000C0BPADBW,0302000C0,Pack,AMPP,Clenil Modulite 250micrograms/dose inhaler,10619711000001106,Beclometasone dipropionate
0302000C0BTADBW,0302000C0,Presentation,AMP,Soprobec 250micrograms/dose inhaler,36603811000001107,Beclometasone dipropionate
0302000C0BTADBW,0302000C0,Pack,AMPP,Soprobec 250micrograms/dose inhaler,36603911000001102,Beclometasone dipropionate
0301020I0AAACAC,0301020I0,Pack,VMPP,Ipratropium bromide 500micrograms/2ml neb liq ud vials,3220811000001101,Ipratropium bromide
0301020I0AAACAC,0301020I0,Pack,VMPP,Ipratropium bromide 500micrograms/2ml neb liq ud vials,43094211000001105,Ipratropium bromide
0301020I0AAACAC,0301020I0,Presentation,AMP,Ipratropium bromide 500micrograms/2ml neb liq ud vials,3221011000001103,Ipratropium bromide
0301020I0AAACAC,0301020I0,Pack,AMPP,Ipratropium bromide 500micrograms/2ml neb liq ud vials,3221311000001100,Ipratropium bromide
0301020I0AAACAC,0301020I0,Pack,AMPP,Ipratropium bromide 500micrograms/2ml neb liq ud vials,3221411000001107,Ipratropium bromide
0301020I0BFABAC,0301020I0,Presentation,AMP,Tropiovent 500micrograms/2ml neb liq ud Steripoule vials,3221911000001104,Ipratropium bromide
0301020I0BFABAC,0301020I0,Pack,AMPP,Tropiovent 500micrograms/2ml neb liq ud Steripoule vials,3222111000001107,Ipratropium bromide
0301020I0BBACAC,0301020I0,Presentation,AMP,Atrovent 500micrograms/2ml nebuliser liquid UDVs,3222411000001102,Ipratropium bromide
0301020I0BBACAC,0301020I0,Pack,AMPP,Atrovent 500micrograms/2ml nebuliser liquid UDVs,3222511000001103,Ipratropium bromide
0301020I0BBACAC,0301020I0,Pack,AMPP,Atrovent 500micrograms/2ml nebuliser liquid UDVs,3222611000001104,Ipratropium bromide
0301020I0AAACAC,0301020I0,Presentation,AMP,Ipratropium bromide 500micrograms/2ml neb liq ud vials,3222711000001108,Ipratropium bromide
0301020I0AAACAC,0301020I0,Pack,AMPP,Ipratropium bromide 500micrograms/2ml neb liq ud vials,3222811000001100,Ipratropium bromide
0301020I0BGABAC,0301020I0,Presentation,AMP,Respontin 500micrograms/2ml Nebules,3222911000001105,Ipratropium bromide
0301020I0BGABAC,0301020I0,Pack,AMPP,Respontin 500micrograms/2ml Nebules,3223011000001102,Ipratropium bromide
0301020I0BEABAC,0301020I0,Presentation,AMP,Ipratropium 500micrograms/2ml neb liq Steri-Neb ud vials,3223111000001101,Ipratropium bromide
0301020I0BEABAC,0301020I0,Pack,AMPP,Ipratropium 500micrograms/2ml neb liq Steri-Neb ud vials,3223311000001104,Ipratropium bromide
0301020I0AAACAC,0301020I0,Presentation,AMP,Ipratropium bromide 500micrograms/2ml neb liq ud vials,3223511000001105,Ipratropium bromide
0301020I0AAACAC,0301020I0,Pack,AMPP,Ipratropium bromide 500micrograms/2ml neb liq ud vials,3223611000001109,Ipratropium bromide
0301020I0AAACAC,0301020I0,Presentation,AMP,Ipratropium bromide 500micrograms/2ml neb liq ud vials,8097811000001100,Ipratropium bromide
0301020I0AAACAC,0301020I0,Pack,AMPP,Ipratropium bromide 500micrograms/2ml neb liq ud vials,8097911000001105,Ipratropium bromide
0301020I0BHABAC,0301020I0,Presentation,AMP,Ipratropium 500micrograms/2ml neb liq ud Steripoule vials,9039811000001104,Ipratropium bromide
0301020I0BHABAC,0301020I0,Pack,AMPP,Ipratropium 500micrograms/2ml neb liq ud Steripoule vials,9039911000001109,Ipratropium bromide
0301020I0AAACAC,0301020I0,Presentation,AMP,Ipratropium bromide 500micrograms/2ml neb liq ud vials,9102111000001100,Ipratropium bromide
0301020I0AAACAC,0301020I0,Pack,AMPP,Ipratropium bromide 500micrograms/2ml neb liq ud vials,9102211000001106,Ipratropium bromide
0301020I0AAACAC,0301020I0,Presentation,AMP,Ipratropium bromide 500micrograms/2ml neb liq ud vials,10453611000001109,Ipratropium bromide
0301020I0AAACAC,0301020I0,Pack,AMPP,Ipratropium bromide 500micrograms/2ml neb liq ud vials,10453711000001100,Ipratropium bromide
0301020I0AAACAC,0301020I0,Presentation,AMP,Ipratropium bromide 500micrograms/2ml neb liq ud vials,11006311000001100,Ipratropium bromide
0301020I0AAACAC,0301020I0,Pack,AMPP,Ipratropium bromide 500micrograms/2ml neb liq ud vials,11006411000001107,Ipratropium bromide
0301020I0AAACAC,0301020I0,Presentation,AMP,Ipratropium bromide 500micrograms/2ml neb liq ud vials,15214311000001101,Ipratropium bromide
0301020I0AAACAC,0301020I0,Pack,AMPP,Ipratropium bromide 500micrograms/2ml neb liq ud vials,15214411000001108,Ipratropium bromide
0301020I0AAACAC,0301020I0,Presentation,AMP,Ipratropium bromide 500micrograms/2ml neb liq ud vials,17933311000001107,Ipratropium bromide
0301020I0AAACAC,0301020I0,Pack,AMPP,Ipratropium bromide 500micrograms/2ml neb liq ud vials,17933411000001100,Ipratropium bromide
0301020I0AAACAC,0301020I0,Presentation,AMP,Ipratropium bromide 500micrograms/2ml neb liq ud vials,21720011000001109,Ipratropium bromide
0301020I0AAACAC,0301020I0,Pack,AMPP,Ipratropium bromide 500micrograms/2ml neb liq ud vials,21720111000001105,Ipratropium bromide
0301020I0AAACAC,0301020I0,Presentation,AMP,Ipratropium bromide 500micrograms/2ml neb liq ud vials,22062511000001106,Ipratropium bromide
0301020I0AAACAC,0301020I0,Pack,AMPP,Ipratropium bromide 500micrograms/2ml neb liq ud vials,22062611000001105,Ipratropium bromide
0301020I0AAACAC,0301020I0,Presentation,AMP,Ipratropium bromide 500micrograms/2ml neb liq ud vials,23949311000001100,Ipratropium bromide
0301020I0AAACAC,0301020I0,Pack,AMPP,Ipratropium bromide 500micrograms/2ml neb liq ud vials,23949411000001107,Ipratropium bromide
0301020I0AAACAC,0301020I0,Presentation,AMP,Ipratropium bromide 500micrograms/2ml neb liq ud vials,30215011000001107,Ipratropium bromide
0301020I0AAACAC,0301020I0,Pack,AMPP,Ipratropium bromide 500micrograms/2ml neb liq ud vials,30215111000001108,Ipratropium bromide
0301020I0AAACAC,0301020I0,Presentation,AMP,Ipratropium bromide 500micrograms/2ml neb liq ud vials,39001511000001107,Ipratropium bromide
0301020I0AAACAC,0301020I0,Pack,AMPP,Ipratropium bromide 500micrograms/2ml neb liq ud vials,39001611000001106,Ipratropium bromide
0301020I0AAACAC,0301020I0,Presentation,AMP,Ipratropium bromide 500micrograms/2ml neb liq ud vials,43094411000001109,Ipratropium bromide
0301020I0AAACAC,0301020I0,Pack,AMPP,Ipratropium bromide 500micrograms/2ml neb liq ud vials,43094611000001107,Ipratropium bromide
0301020I0AAAFAF,0301020I0,Presentation,VMP,Ipratropium bromide 250micrograms/1ml neb liq ud vials,39717211000001104,Ipratropium bromide
0301020I0AAAFAF,0301020I0,Pack,VMPP,Ipratropium bromide 250micrograms/1ml neb liq ud vials,3224711000001103,Ipratropium bromide
0301020I0AAAFAF,0301020I0,Pack,VMPP,Ipratropium bromide 250micrograms/1ml neb liq ud vials,3225111000001100,Ipratropium bromide
0301020I0AAAFAF,0301020I0,Pack,VMPP,Ipratropium bromide 250micrograms/1ml neb liq ud vials,43093411000001106,Ipratropium bromide
0301020I0AAAFAF,0301020I0,Presentation,AMP,Ipratropium bromide 250micrograms/1ml neb liq ud vials,3225311000001103,Ipratropium bromide
0301020I0AAAFAF,0301020I0,Pack,AMPP,Ipratropium bromide 250micrograms/1ml neb liq ud vials,3225411000001105,Ipratropium bromide
0301020I0AAAFAF,0301020I0,Pack,AMPP,Ipratropium bromide 250micrograms/1ml neb liq ud vials,3225511000001109,Ipratropium bromide
0301020I0BFAAAF,0301020I0,Presentation,AMP,Tropiovent 250micrograms/1ml neb liq ud Steripoule vials,3225811000001107,Ipratropium bromide
0301020I0BFAAAF,0301020I0,Pack,AMPP,Tropiovent 250micrograms/1ml neb liq ud Steripoule vials,3225911000001102,Ipratropium bromide
0301020I0BBAFAF,0301020I0,Presentation,AMP,Atrovent 250micrograms/1ml nebuliser liquid UDVs,3226411000001101,Ipratropium bromide
0301020I0BBAFAF,0301020I0,Pack,AMPP,Atrovent 250micrograms/1ml nebuliser liquid UDVs,3226611000001103,Ipratropium bromide
0301020I0BBAFAF,0301020I0,Pack,AMPP,Atrovent 250micrograms/1ml nebuliser liquid UDVs,3226711000001107,Ipratropium bromide
0301020I0AAAFAF,0301020I0,Presentation,AMP,Ipratropium bromide 250micrograms/1ml neb liq ud vials,3226811000001104,Ipratropium bromide
0301020I0AAAFAF,0301020I0,Pack,AMPP,Ipratropium bromide 250micrograms/1ml neb liq ud vials,3226911000001109,Ipratropium bromide
0301020I0BGAAAF,0301020I0,Presentation,AMP,Respontin 250micrograms/1ml Nebules,3227011000001108,Ipratropium bromide
0301020I0BGAAAF,0301020I0,Pack,AMPP,Respontin 250micrograms/1ml Nebules,3227111000001109,Ipratropium bromide
0301020I0BEAAAF,0301020I0,Presentation,AMP,Ipratropium 250micrograms/1ml neb liq Steri-Neb ud vials,3227211000001103,Ipratropium bromide
0301020I0BEAAAF,0301020I0,Pack,AMPP,Ipratropium 250micrograms/1ml neb liq Steri-Neb ud vials,3227411000001104,Ipratropium bromide
0301020I0AAAFAF,0301020I0,Presentation,AMP,Ipratropium bromide 250micrograms/1ml neb liq ud vials,3227511000001100,Ipratropium bromide
0301020I0AAAFAF,0301020I0,Pack,AMPP,Ipratropium bromide 250micrograms/1ml neb liq ud vials,3227611000001101,Ipratropium bromide
0301020I0AAAFAF,0301020I0,Pack,AMPP,Ipratropium bromide 250micrograms/1ml neb liq ud vials,3227711000001105,Ipratropium bromide
0301020I0AAAFAF,0301020I0,Presentation,AMP,Ipratropium bromide 250micrograms/1ml neb liq ud vials,8097311000001109,Ipratropium bromide
0301020I0AAAFAF,0301020I0,Pack,AMPP,Ipratropium bromide 250micrograms/1ml neb liq ud vials,8097411000001102,Ipratropium bromide
0301020I0BHAAAF,0301020I0,Presentation,AMP,Ipratropium 250micrograms/1ml neb liq ud Steripoule vials,9039611000001103,Ipratropium bromide
0301020I0BHAAAF,0301020I0,Pack,AMPP,Ipratropium 250micrograms/1ml neb liq ud Steripoule vials,9039711000001107,Ipratropium bromide
0301020I0AAAFAF,0301020I0,Presentation,AMP,Ipratropium bromide 250micrograms/1ml neb liq ud vials,9101911000001108,Ipratropium bromide
0301020I0AAAFAF,0301020I0,Pack,AMPP,Ipratropium bromide 250micrograms/1ml neb liq ud vials,9102011000001101,Ipratropium bromide
0301020I0AAAFAF,0301020I0,Presentation,AMP,Ipratropium bromide 250micrograms/1ml neb liq ud vials,10453411000001106,Ipratropium bromide
0301020I0AAAFAF,0301020I0,Pack,AMPP,Ipratropium bromide 250micrograms/1ml neb liq ud vials,10453511000001105,Ipratropium bromide
0301020I0AAAFAF,0301020I0,Presentation,AMP,Ipratropium bromide 250micrograms/1ml neb liq ud vials,11006111000001102,Ipratropium bromide
0301020I0AAAFAF,0301020I0,Pack,AMPP,Ipratropium bromide 250micrograms/1ml neb liq ud vials,11006211000001108,Ipratropium bromide
0301020I0AAAFAF,0301020I0,Presentation,AMP,Ipratropium bromide 250micrograms/1ml neb liq ud vials,15213511000001109,Ipratropium bromide
0301020I0AAAFAF,0301020I0,Pack,AMPP,Ipratropium bromide 250micrograms/1ml neb liq ud vials,15213811000001107,Ipratropium bromide
0301020I0AAAFAF,0301020I0,Presentation,AMP,Ipratropium bromide 250micrograms/1ml neb liq ud vials,17933111000001105,Ipratropium bromide
0301020I0AAAFAF,0301020I0,Pack,AMPP,Ipratropium bromide 250micrograms/1ml neb liq ud vials,17933211000001104,Ipratropium bromide
0301020I0AAAFAF,0301020I0,Presentation,AMP,Ipratropium bromide 250micrograms/1ml neb liq ud vials,21719511000001100,Ipratropium bromide
0301020I0AAAFAF,0301020I0,Pack,AMPP,Ipratropium bromide 250micrograms/1ml neb liq ud vials,21719611000001101,Ipratropium bromide
0301020I0AAAFAF,0301020I0,Presentation,AMP,Ipratropium bromide 250micrograms/1ml neb liq ud vials,22062311000001100,Ipratropium bromide
0301020I0AAAFAF,0301020I0,Pack,AMPP,Ipratropium bromide 250micrograms/1ml neb liq ud vials,22062411000001107,Ipratropium bromide
0301020I0AAAFAF,0301020I0,Presentation,AMP,Ipratropium bromide 250micrograms/1ml neb liq ud vials,23949111000001102,Ipratropium bromide
0301020I0AAAFAF,0301020I0,Pack,AMPP,Ipratropium bromide 250micrograms/1ml neb liq ud vials,23949211000001108,Ipratropium bromide
0301020I0AAAFAF,0301020I0,Presentation,AMP,Ipratropium bromide 250micrograms/1ml neb liq ud vials,39001311000001101,Ipratropium bromide
0301020I0AAAFAF,0301020I0,Pack,AMPP,Ipratropium bromide 250micrograms/1ml neb liq ud vials,39001411000001108,Ipratropium bromide
0301020I0AAAFAF,0301020I0,Presentation,AMP,Ipratropium bromide 250micrograms/1ml neb liq ud vials,43093511000001105,Ipratropium bromide
0301020I0AAAFAF,0301020I0,Pack,AMPP,Ipratropium bromide 250micrograms/1ml neb liq ud vials,43094011000001100,Ipratropium bromide
0302000K0AAAHAH,0302000K0,Presentation,VMP,Budesonide 400micrograms/dose dry powder inhaler,35912711000001106,Budesonide
0302000K0AAAHAH,0302000K0,Pack,VMPP,Budesonide 400micrograms/dose dry powder inhaler,3228111000001105,Budesonide
0302000K0AAAHAH,0302000K0,Pack,VMPP,Budesonide 400micrograms/dose dry powder inhaler,10074311000001107,Budesonide
0302000K0BBAIAH,0302000K0,Presentation,AMP,Pulmicort 400 Turbohaler,3228711000001106,Budesonide
0302000K0BBAIAH,0302000K0,Pack,AMPP,Pulmicort 400 Turbohaler,3229111000001103,Budesonide
0302000K0BGACAH,0302000K0,Presentation,AMP,Easyhaler Budesonide 400micrograms/dose dry powder inhaler,10074411000001100,Budesonide
0302000K0BGACAH,0302000K0,Pack,AMPP,Easyhaler Budesonide 400micrograms/dose dry powder inhaler,10074511000001101,Budesonide
0301030B0AAAMAM,0301030B0,Presentation,VMP,Aminophylline 360mg suppositories,14054211000001103,Aminophylline
0301030B0AAAMAM,0301030B0,Pack,VMPP,Aminophylline 360mg suppositories,14020511000001108,Aminophylline
0301030B0AAAMAM,0301030B0,Presentation,AMP,Aminophylline 360mg suppositories,14020611000001107,Aminophylline
0301030B0AAAMAM,0301030B0,Pack,AMPP,Aminophylline 360mg suppositories,14020711000001103,Aminophylline
0302000C0AABLBL,0302000C0,Presentation,VMP,Salbutamol 200microg/Beclometasone 100microg pdr caps,35369511000001103,Beclometasone dipropionate
0302000C0AABLBL,0302000C0,Pack,VMPP,Salbutamol 200microg/Beclometasone 100microg pdr caps,3200211000001106,Beclometasone dipropionate
0302000C0BDACBL,0302000C0,Presentation,AMP,Ventide Paediatric Rotacaps,3200511000001109,Beclometasone dipropionate
0302000C0BDACBL,0302000C0,Pack,AMPP,Ventide Paediatric Rotacaps,3200811000001107,Beclometasone dipropionate
0302000C0AAAPAP,0302000C0,Presentation,VMP,Salbutamol 400microg/Beclometasone 200microg pdr caps,39696311000001100,Beclometasone dipropionate
0302000C0AAAPAP,0302000C0,Pack,VMPP,Salbutamol 400microg/Beclometasone 200microg pdr caps,3201711000001107,Beclometasone dipropionate
0302000C0BDABAP,0302000C0,Presentation,AMP,Ventide Rotacaps,3202211000001107,Beclometasone dipropionate
0302000C0BDABAP,0302000C0,Pack,AMPP,Ventide Rotacaps,3202311000001104,Beclometasone dipropionate
0301011E0AAAAAA,0301011E0,Presentation,VMP,Formoterol 12microgram inhalation pdr caps with device,12626211000001108,Formoterol fumarate
0301011E0AAAAAA,0301011E0,Pack,VMPP,Formoterol 12microgram inhalation pdr caps with device,3205611000001100,Formoterol fumarate
0301011E0AAAAAA,0301011E0,Pack,VMPP,Formoterol 12microgram inhalation pdr caps with device,7392011000001103,Formoterol fumarate
0301011E0BBAAAA,0301011E0,Presentation,AMP,Foradil 12microgram inhalation powder capsules with device,3206811000001109,Formoterol fumarate
0301011E0BBAAAA,0301011E0,Pack,AMPP,Foradil 12microgram inhalation powder capsules with device,3209511000001101,Formoterol fumarate
0301011E0BBAAAA,0301011E0,Pack,AMPP,Foradil 12microgram inhalation powder capsules with device,7392711000001101,Formoterol fumarate
0301040R0AAAAAA,0301040R0,Presentation,VMP,Salbutamol 100microg/dose / Ipratropium 20microg/dose inh,35936311000001102,Salbutamol
0301040R0AAAAAA,0301040R0,Pack,VMPP,Salbutamol 100microg/dose / Ipratropium 20microg/dose inh,3348311000001102,Salbutamol
0301040R0AAAAAA,0301040R0,Pack,VMPP,Salbutamol 100microg/dose / Ipratropium 20microg/dose inh,5259011000001107,Salbutamol
0301040R0BBAAAA,0301040R0,Presentation,AMP,Combivent inhaler,3348611000001107,Salbutamol
0301040R0BBAAAA,0301040R0,Pack,AMPP,Combivent inhaler,3349011000001105,Salbutamol
0301030S0AABEBE,0301030S0,Presentation,VMP,Theophylline 250mg/5ml oral liquid,15227511000001109,Theophylline
0301030S0AABEBE,0301030S0,Pack,VMPP,Theophylline 250mg/5ml oral liquid,15169511000001105,Theophylline
0301030S0AABEBE,0301030S0,Presentation,AMP,Theophylline 250mg/5ml oral liquid,15169611000001109,Theophylline
0301030S0AABEBE,0301030S0,Pack,AMPP,Theophylline 250mg/5ml oral liquid,15169711000001100,Theophylline
0301030S0AABEBE,0301030S0,Presentation,VMP,Theophylline 250mg/5ml oral liquid,15227611000001108,Theophylline
0301030S0AABEBE,0301030S0,Pack,VMPP,Theophylline 250mg/5ml oral liquid,15169811000001108,Theophylline
0301030S0AABEBE,0301030S0,Presentation,AMP,Theophylline 250mg/5ml oral liquid,15169911000001103,Theophylline
0301030S0AABEBE,0301030S0,Pack,AMPP,Theophylline 250mg/5ml oral liquid,15170011000001104,Theophylline
0301011V0AAAXAX,0301011V0,Pack,VMPP,Terbutaline 10mg/ml nebuliser liquid,1050811000001101,Terbutaline sulphate
0301011V0BBAQAX,0301011V0,Presentation,AMP,Bricanyl 10mg/ml respirator solution,2831711000001102,Terbutaline sulphate
0301011V0BBAQAX,0301011V0,Pack,AMPP,Bricanyl 10mg/ml respirator solution,2831811000001105,Terbutaline sulphate
0302000N0AABABA,0302000N0,Presentation,VMP,Fluticasone 125micrograms/dose inhaler CFC free,39111211000001103,Fluticasone propionate (Inhalation)
0302000N0AABABA,0302000N0,Pack,VMPP,Fluticasone 125micrograms/dose inhaler CFC free,1041211000001106,Fluticasone propionate (Inhalation)
0302000N0AABABA,0302000N0,Pack,VMPP,Fluticasone 125micrograms/dose inhaler CFC free,983411000001106,Fluticasone propionate (Inhalation)
0302000N0BBAYBA,0302000N0,Presentation,AMP,Flixotide 125micrograms/dose Evohaler,398511000001105,Fluticasone propionate (Inhalation)
0302000N0BBAYBA,0302000N0,Pack,AMPP,Flixotide 125micrograms/dose Evohaler,2830911000001107,Fluticasone propionate (Inhalation)
0302000N0BBAYBA,0302000N0,Pack,AMPP,Flixotide 125micrograms/dose Evohaler,2831111000001103,Fluticasone propionate (Inhalation)
0302000N0AABGBG,0302000N0,Presentation,VMP,Fluticasone 250mcg/dose / Salmeterol 25mcg/dose inh CFC free,39111311000001106,Fluticasone propionate (Inhalation)
0302000N0AABGBG,0302000N0,Pack,VMPP,Fluticasone 250mcg/dose / Salmeterol 25mcg/dose inh CFC free,1229311000001105,Fluticasone propionate (Inhalation)
0302000N0BCAFBG,0302000N0,Presentation,AMP,Seretide 250 Evohaler,539811000001106,Fluticasone propionate (Inhalation)
0302000N0BCAFBG,0302000N0,Pack,AMPP,Seretide 250 Evohaler,2831011000001104,Fluticasone propionate (Inhalation)
0302000N0BFABBG,0302000N0,Presentation,AMP,Sirdupla 25micrograms/dose / 250micrograms/dose inhaler,29782511000001103,Fluticasone propionate (Inhalation)
0302000N0BFABBG,0302000N0,Pack,AMPP,Sirdupla 25micrograms/dose / 250micrograms/dose inhaler,29782611000001104,Fluticasone propionate (Inhalation)
0302000N0BIABBG,0302000N0,Presentation,AMP,Sereflo 25micrograms/dose / 250micrograms/dose inhaler,34023811000001102,Fluticasone propionate (Inhalation)
0302000N0BIABBG,0302000N0,Pack,AMPP,Sereflo 25micrograms/dose / 250micrograms/dose inhaler,34023911000001107,Fluticasone propionate (Inhalation)
0302000N0BGACBG,0302000N0,Presentation,AMP,AirFluSal 25micrograms/dose / 250micrograms/dose inhaler,34215511000001101,Fluticasone propionate (Inhalation)
0302000N0BGACBG,0302000N0,Pack,AMPP,AirFluSal 25micrograms/dose / 250micrograms/dose inhaler,34215611000001102,Fluticasone propionate (Inhalation)
0302000N0BJABBG,0302000N0,Presentation,AMP,Aloflute 25micrograms/dose / 250micrograms/dose inhaler,34675711000001103,Fluticasone propionate (Inhalation)
0302000N0BJABBG,0302000N0,Pack,AMPP,Aloflute 25micrograms/dose / 250micrograms/dose inhaler,34675911000001101,Fluticasone propionate (Inhalation)
0302000N0BLACBG,0302000N0,Presentation,AMP,Combisal 25micrograms/dose / 250micrograms/dose inhaler,35594411000001101,Fluticasone propionate (Inhalation)
0302000N0BLACBG,0302000N0,Pack,AMPP,Combisal 25micrograms/dose / 250micrograms/dose inhaler,35594511000001102,Fluticasone propionate (Inhalation)
0302000N0BPACBG,0302000N0,Presentation,AMP,Avenor 25micrograms/dose / 250micrograms/dose inhaler,40040911000001104,Fluticasone propionate (Inhalation)
0302000N0BPACBG,0302000N0,Pack,AMPP,Avenor 25micrograms/dose / 250micrograms/dose inhaler,40041011000001107,Fluticasone propionate (Inhalation)
0302000N0AABCBC,0302000N0,Presentation,VMP,Fluticasone 250micrograms/dose inhaler CFC free,39111411000001104,Fluticasone propionate (Inhalation)
0302000N0AABCBC,0302000N0,Pack,VMPP,Fluticasone 250micrograms/dose inhaler CFC free,1245411000001104,Fluticasone propionate (Inhalation)
0302000N0AABCBC,0302000N0,Pack,VMPP,Fluticasone 250micrograms/dose inhaler CFC free,971711000001105,Fluticasone propionate (Inhalation)
0302000N0BBBABC,0302000N0,Presentation,AMP,Flixotide 250micrograms/dose Evohaler,2831211000001109,Fluticasone propionate (Inhalation)
0302000N0BBBABC,0302000N0,Pack,AMPP,Flixotide 250micrograms/dose Evohaler,2831311000001101,Fluticasone propionate (Inhalation)
0302000N0BBBABC,0302000N0,Pack,AMPP,Flixotide 250micrograms/dose Evohaler,2831411000001108,Fluticasone propionate (Inhalation)
0301011R0AAAIAI,0301011R0,Presentation,VMP,Salbutamol 200microgram inhalation pdr blist with device,35936711000001103,Salbutamol
0301011R0AAAIAI,0301011R0,Pack,VMPP,Salbutamol 200microgram inhalation pdr blist with device,3080111000001106,Salbutamol
0301011R0AAAIAI,0301011R0,Pack,VMPP,Salbutamol 200microgram inhalation pdr blist with device,3080211000001100,Salbutamol
0301011R0AAAIAI,0301011R0,Pack,VMPP,Salbutamol 200microgram inhalation pdr blist with device,3080311000001108,Salbutamol
0301011R0BLAAAI,0301011R0,Presentation,AMP,Ventodisks 200microgram with Diskhaler,3080411000001101,Salbutamol
0301011R0BLAAAI,0301011R0,Pack,AMPP,Ventodisks 200microgram with Diskhaler,3080711000001107,Salbutamol
0301011R0BLAAAI,0301011R0,Pack,AMPP,Ventodisks 200microgram with Diskhaler,3081811000001107,Salbutamol
0301011R0BLAAAI,0301011R0,Pack,AMPP,Ventodisks 200microgram with Diskhaler,3082311000001107,Salbutamol
0301011U0AAABAB,0301011U0,Presentation,VMP,Salmeterol 50microgram inhalation powder blisters,35938011000001101,Salmeterol
0301011U0AAABAB,0301011U0,Pack,VMPP,Salmeterol 50microgram inhalation powder blisters,3081711000001104,Salmeterol
0301011U0AAABAB,0301011U0,Pack,VMPP,Salmeterol 50microgram inhalation powder blisters,3082011000001109,Salmeterol
0301011U0BBABAB,0301011U0,Presentation,AMP,Serevent 50microgram disks,3082411000001100,Salmeterol
0301011U0BBABAB,0301011U0,Pack,AMPP,Serevent 50microgram disks,3082511000001101,Salmeterol
0301011U0BBABAB,0301011U0,Pack,AMPP,Serevent 50microgram disks,3082611000001102,Salmeterol
0301011R0AAAJAJ,0301011R0,Presentation,VMP,Salbutamol 400microgram inhalation pdr blist with device,35936911000001101,Salbutamol
0301011R0AAAJAJ,0301011R0,Pack,VMPP,Salbutamol 400microgram inhalation pdr blist with device,3082711000001106,Salbutamol
0301011R0AAAJAJ,0301011R0,Pack,VMPP,Salbutamol 400microgram inhalation pdr blist with device,3082811000001103,Salbutamol
0301011R0AAAJAJ,0301011R0,Pack,VMPP,Salbutamol 400microgram inhalation pdr blist with device,3082911000001108,Salbutamol
0301011R0BLACAJ,0301011R0,Presentation,AMP,Ventodisks 400microgram with Diskhaler,3083011000001100,Salbutamol
0301011R0BLACAJ,0301011R0,Pack,AMPP,Ventodisks 400microgram with Diskhaler,3083411000001109,Salbutamol
0301011R0BLACAJ,0301011R0,Pack,AMPP,Ventodisks 400microgram with Diskhaler,3083511000001108,Salbutamol
0301011R0BLACAJ,0301011R0,Pack,AMPP,Ventodisks 400microgram with Diskhaler,3083811000001106,Salbutamol
0301011U0AAAAAA,0301011U0,Presentation,VMP,Salmeterol 50microgram inhalation pdr blist with device,35937811000001108,Salmeterol
0301011U0AAAAAA,0301011U0,Pack,VMPP,Salmeterol 50microgram inhalation pdr blist with device,3083611000001107,Salmeterol
0301011U0AAAAAA,0301011U0,Pack,VMPP,Salmeterol 50microgram inhalation pdr blist with device,3083711000001103,Salmeterol
0301011U0AAAAAA,0301011U0,Pack,VMPP,Salmeterol 50microgram inhalation pdr blist with device,3083911000001101,Salmeterol
0301011U0BBAAAA,0301011U0,Presentation,AMP,Serevent 50microgram disks with Diskhaler,3084011000001103,Salmeterol
0301011U0BBAAAA,0301011U0,Pack,AMPP,Serevent 50microgram disks with Diskhaler,3084111000001102,Salmeterol
0301011U0BBAAAA,0301011U0,Pack,AMPP,Serevent 50microgram disks with Diskhaler,3084211000001108,Salmeterol
0301011U0BBAAAA,0301011U0,Pack,AMPP,Serevent 50microgram disks with Diskhaler,3084311000001100,Salmeterol
0301011R0AAAKAK,0301011R0,Presentation,VMP,Salbutamol 200microgram inhalation powder blisters,35936611000001107,Salbutamol
0301011R0AAAKAK,0301011R0,Pack,VMPP,Salbutamol 200microgram inhalation powder blisters,3085611000001106,Salbutamol
0301011R0AAAKAK,0301011R0,Pack,VMPP,Salbutamol 200microgram inhalation powder blisters,3085811000001105,Salbutamol
0301011R0BLABAK,0301011R0,Presentation,AMP,Ventodisks 200microgram,3086111000001109,Salbutamol
0301011R0BLABAK,0301011R0,Pack,AMPP,Ventodisks 200microgram,3086611000001101,Salbutamol
0301011R0BLABAK,0301011R0,Pack,AMPP,Ventodisks 200microgram,3086911000001107,Salbutamol
0302000C0AAALAL,0302000C0,Presentation,VMP,Beclometasone 100microgram inhalation powder blisters,35907611000001101,Beclometasone dipropionate
0302000C0AAALAL,0302000C0,Pack,VMPP,Beclometasone 100microgram inhalation powder blisters,3085711000001102,Beclometasone dipropionate
0302000C0AAALAL,0302000C0,Pack,VMPP,Beclometasone 100microgram inhalation powder blisters,3085911000001100,Beclometasone dipropionate
0302000C0BHABAL,0302000C0,Presentation,AMP,Becodisks 100microgram,3086011000001108,Beclometasone dipropionate
0302000C0BHABAL,0302000C0,Pack,AMPP,Becodisks 100microgram,3086211000001103,Beclometasone dipropionate
0302000C0BHABAL,0302000C0,Pack,AMPP,Becodisks 100microgram,3086511000001100,Beclometasone dipropionate
0302000C0AAAGAG,0302000C0,Presentation,VMP,Beclometasone 100microgram inhalation pdr blist with device,35907711000001105,Beclometasone dipropionate
0302000C0AAAGAG,0302000C0,Pack,VMPP,Beclometasone 100microgram inhalation pdr blist with device,3087411000001102,Beclometasone dipropionate
0302000C0AAAGAG,0302000C0,Pack,VMPP,Beclometasone 100microgram inhalation pdr blist with device,3087611000001104,Beclometasone dipropionate
0302000C0AAAGAG,0302000C0,Pack,VMPP,Beclometasone 100microgram inhalation pdr blist with device,3087911000001105,Beclometasone dipropionate
0302000C0BHAAAG,0302000C0,Presentation,AMP,Becodisks 100microgram with Diskhaler,3088611000001100,Beclometasone dipropionate
0302000C0BHAAAG,0302000C0,Pack,AMPP,Becodisks 100microgram with Diskhaler,3089111000001101,Beclometasone dipropionate
0302000C0BHAAAG,0302000C0,Pack,AMPP,Becodisks 100microgram with Diskhaler,3091011000001102,Beclometasone dipropionate
0302000C0BHAAAG,0302000C0,Pack,AMPP,Becodisks 100microgram with Diskhaler,3091511000001105,Beclometasone dipropionate
0301011R0AAALAL,0301011R0,Presentation,VMP,Salbutamol 400microgram inhalation powder blisters,35936811000001106,Salbutamol
0301011R0AAALAL,0301011R0,Pack,VMPP,Salbutamol 400microgram inhalation powder blisters,3088311000001105,Salbutamol
0301011R0AAALAL,0301011R0,Pack,VMPP,Salbutamol 400microgram inhalation powder blisters,3088411000001103,Salbutamol
0301011R0BLADAL,0301011R0,Presentation,AMP,Ventodisks 400microgram,3089011000001102,Salbutamol
0301011R0BLADAL,0301011R0,Pack,AMPP,Ventodisks 400microgram,3090311000001109,Salbutamol
0301011R0BLADAL,0301011R0,Pack,AMPP,Ventodisks 400microgram,3091311000001104,Salbutamol
0302000C0AAAHAH,0302000C0,Presentation,VMP,Beclometasone 200microgram inhalation pdr blist with device,35908311000001107,Beclometasone dipropionate
0302000C0AAAHAH,0302000C0,Pack,VMPP,Beclometasone 200microgram inhalation pdr blist with device,3094411000001108,Beclometasone dipropionate
0302000C0AAAHAH,0302000C0,Pack,VMPP,Beclometasone 200microgram inhalation pdr blist with device,3094711000001102,Beclometasone dipropionate
0302000C0AAAHAH,0302000C0,Pack,VMPP,Beclometasone 200microgram inhalation pdr blist with device,3095211000001105,Beclometasone dipropionate
0302000C0BHACAH,0302000C0,Presentation,AMP,Becodisks 200microgram with Diskhaler,3096011000001109,Beclometasone dipropionate
0302000C0BHACAH,0302000C0,Pack,AMPP,Becodisks 200microgram with Diskhaler,3098511000001100,Beclometasone dipropionate
0302000C0BHACAH,0302000C0,Pack,AMPP,Becodisks 200microgram with Diskhaler,3098111000001109,Beclometasone dipropionate
0302000C0BHACAH,0302000C0,Pack,AMPP,Becodisks 200microgram with Diskhaler,3098011000001108,Beclometasone dipropionate
0302000N0AAAAAA,0302000N0,Presentation,VMP,Fluticasone propionate 50microg inhalation pdr blist,36059911000001104,Fluticasone propionate (Inhalation)
0302000N0AAAAAA,0302000N0,Pack,VMPP,Fluticasone propionate 50microg inhalation pdr blist,3096411000001100,Fluticasone propionate (Inhalation)
0302000N0AAAAAA,0302000N0,Pack,VMPP,Fluticasone propionate 50microg inhalation pdr blist,3096811000001103,Fluticasone propionate (Inhalation)
0302000N0BBAAAA,0302000N0,Presentation,AMP,Flixotide 50microgram disks with Diskhaler,3097711000001109,Fluticasone propionate (Inhalation)
0302000N0BBAAAA,0302000N0,Pack,AMPP,Flixotide 50microgram disks with Diskhaler,3097811000001101,Fluticasone propionate (Inhalation)
0302000N0BBAAAA,0302000N0,Pack,AMPP,Flixotide 50microgram disks with Diskhaler,3097911000001106,Fluticasone propionate (Inhalation)
0302000N0AAACAC,0302000N0,Presentation,VMP,Fluticasone propionate100microg inhalation pdr blist,36059311000001100,Fluticasone propionate (Inhalation)
0302000N0AAACAC,0302000N0,Pack,VMPP,Fluticasone propionate100microg inhalation pdr blist,3098211000001103,Fluticasone propionate (Inhalation)
0302000N0AAACAC,0302000N0,Pack,VMPP,Fluticasone propionate100microg inhalation pdr blist,3098311000001106,Fluticasone propionate (Inhalation)
0302000N0BBACAC,0302000N0,Presentation,AMP,Flixotide 100microgram disks with Diskhaler,3098611000001101,Fluticasone propionate (Inhalation)
0302000N0BBACAC,0302000N0,Pack,AMPP,Flixotide 100microgram disks with Diskhaler,3098811000001102,Fluticasone propionate (Inhalation)
0302000N0BBACAC,0302000N0,Pack,AMPP,Flixotide 100microgram disks with Diskhaler,3098911000001107,Fluticasone propionate (Inhalation)
0302000C0AAAKAK,0302000C0,Presentation,VMP,Beclometasone 200microgram inhalation powder blisters,35908211000001104,Beclometasone dipropionate
0302000C0AAAKAK,0302000C0,Pack,VMPP,Beclometasone 200microgram inhalation powder blisters,3099311000001100,Beclometasone dipropionate
0302000C0AAAKAK,0302000C0,Pack,VMPP,Beclometasone 200microgram inhalation powder blisters,3099511000001106,Beclometasone dipropionate
0302000C0BHADAK,0302000C0,Presentation,AMP,Becodisks 200microgram,3099811000001109,Beclometasone dipropionate
0302000C0BHADAK,0302000C0,Pack,AMPP,Becodisks 200microgram,3100011000001103,Beclometasone dipropionate
0302000C0BHADAK,0302000C0,Pack,AMPP,Becodisks 200microgram,3100511000001106,Beclometasone dipropionate
0302000N0AAADAD,0302000N0,Presentation,VMP,Fluticasone propionate 100microgram inhalation pdr blist,36059211000001108,Fluticasone propionate (Inhalation)
0302000N0AAADAD,0302000N0,Pack,VMPP,Fluticasone propionate 100microgram inhalation pdr blist,3099211000001108,Fluticasone propionate (Inhalation)
0302000N0AAADAD,0302000N0,Pack,VMPP,Fluticasone propionate 100microgram inhalation pdr blist,3099411000001107,Fluticasone propionate (Inhalation)
0302000N0BBADAD,0302000N0,Presentation,AMP,Flixotide 100microgram disks,3099611000001105,Fluticasone propionate (Inhalation)
0302000N0BBADAD,0302000N0,Pack,AMPP,Flixotide 100microgram disks,3099711000001101,Fluticasone propionate (Inhalation)
0302000N0BBADAD,0302000N0,Pack,AMPP,Flixotide 100microgram disks,3099911000001104,Fluticasone propionate (Inhalation)
0301040M0AAAAAA,0301040M0,Presentation,VMP,Fenoterol 100microg/dose / Ipratropium 40microg/dose inh,36066611000001106,Fenoterol hydrobromide
0301040M0AAAAAA,0301040M0,Pack,VMPP,Fenoterol 100microg/dose / Ipratropium 40microg/dose inh,2922711000001100,Fenoterol hydrobromide
0301040M0BBAAAA,0301040M0,Presentation,AMP,Duovent inhaler,2923111000001107,Fenoterol hydrobromide
0301040M0BBAAAA,0301040M0,Pack,AMPP,Duovent inhaler,2923211000001101,Fenoterol hydrobromide
0302000K0AAADAD,0302000K0,Presentation,VMP,Budesonide 200micrograms/dose inhaler,35912511000001101,Budesonide
0302000K0AAADAD,0302000K0,Pack,VMPP,Budesonide 200micrograms/dose inhaler,2923911000001105,Budesonide
0302000K0AAADAD,0302000K0,Pack,VMPP,Budesonide 200micrograms/dose inhaler,11361011000001105,Budesonide
0302000K0BBADAD,0302000K0,Presentation,AMP,Pulmicort 200micrograms/dose inhaler,2924111000001109,Budesonide
0302000K0BBADAD,0302000K0,Pack,AMPP,Pulmicort 200micrograms/dose inhaler,2924211000001103,Budesonide
0302000K0BBADAD,0302000K0,Pack,AMPP,Pulmicort 200micrograms/dose inhaler,11361111000001106,Budesonide
0301011R0AABVBV,0301011R0,Presentation,VMP,Salbutamol 5mg/50ml solution for infusion vials,35937011000001102,Salbutamol
0301011R0AABVBV,0301011R0,Pack,VMPP,Salbutamol 5mg/50ml solution for infusion vials,4889011000001104,Salbutamol
0301011R0AABVBV,0301011R0,Presentation,AMP,Salbutamol 5mg/50ml solution for infusion vials,4889111000001103,Salbutamol
0301011R0AABVBV,0301011R0,Pack,AMPP,Salbutamol 5mg/50ml solution for infusion vials,4889211000001109,Salbutamol
0302000N0AAAZAZ,0302000N0,Presentation,VMP,Fluticasone propionate 500microg/Salmeterol 50microg/dose,38897411000001103,Fluticasone propionate (Inhalation)
0302000N0AAAZAZ,0302000N0,Pack,VMPP,Fluticasone propionate 500microg/Salmeterol 50microg/dose,3188111000001104,Fluticasone propionate (Inhalation)
0302000N0BCACAZ,0302000N0,Presentation,AMP,Seretide 500 Accuhaler,3188311000001102,Fluticasone propionate (Inhalation)
0302000N0BCACAZ,0302000N0,Pack,AMPP,Seretide 500 Accuhaler,3188411000001109,Fluticasone propionate (Inhalation)
0302000N0BGAAAZ,0302000N0,Presentation,AMP,AirFluSal Forspiro 50microg / 500microg/dose dry pdr inh,30950311000001106,Fluticasone propionate (Inhalation)
0302000N0BGAAAZ,0302000N0,Pack,AMPP,AirFluSal Forspiro 50microg / 500microg/dose dry pdr inh,30950411000001104,Fluticasone propionate (Inhalation)
0302000N0AAAZAZ,0302000N0,Presentation,AMP,Fluticasone propionate 500microg/Salmeterol 50microg/dose,31064811000001101,Fluticasone propionate (Inhalation)
0302000N0AAAZAZ,0302000N0,Pack,AMPP,Fluticasone propionate 500microg/Salmeterol 50microg/dose,31064911000001106,Fluticasone propionate (Inhalation)
0302000N0BHAAAZ,0302000N0,Presentation,AMP,Aerivio Spiromax 50microg / 500microg/dose dry pdr inh,33679711000001103,Fluticasone propionate (Inhalation)
0302000N0BHAAAZ,0302000N0,Pack,AMPP,Aerivio Spiromax 50microg / 500microg/dose dry pdr inh,33679811000001106,Fluticasone propionate (Inhalation)
0302000N0BKABAZ,0302000N0,Presentation,AMP,Fusacomb Easyhaler 50microg / 500microg/dose dry pdr inh,35515311000001106,Fluticasone propionate (Inhalation)
0302000N0BKABAZ,0302000N0,Pack,AMPP,Fusacomb Easyhaler 50microg / 500microg/dose dry pdr inh,35515411000001104,Fluticasone propionate (Inhalation)
0302000N0BMAAAZ,0302000N0,Presentation,AMP,Stalpex 50microg/dose / 500microg/dose dry powder inh,36604711000001102,Fluticasone propionate (Inhalation)
0302000N0BMAAAZ,0302000N0,Pack,AMPP,Stalpex 50microg/dose / 500microg/dose dry powder inh,36604911000001100,Fluticasone propionate (Inhalation)
0302000N0BNULLAAZ,0302000N0,Presentation,AMP,Fixkoh Airmaster 50microg/dose / 500microg/dose dry pdr inh,39567411000001102,Fluticasone propionate (Inhalation)
0302000N0BNULLAAZ,0302000N0,Pack,AMPP,Fixkoh Airmaster 50microg/dose / 500microg/dose dry pdr inh,39567511000001103,Fluticasone propionate (Inhalation)
0302000N0BRACAZ,0302000N0,Presentation,AMP,Campona Airmaster 50microg/dose / 500microg/dose dry pdr inh,41159011000001107,Fluticasone propionate (Inhalation)
0302000N0BRACAZ,0302000N0,Pack,AMPP,Campona Airmaster 50microg/dose / 500microg/dose dry pdr inh,41159111000001108,Fluticasone propionate (Inhalation)
0302000N0BIADAZ,0302000N0,Presentation,AMP,Sereflo Ciphaler 50microg / 500microg/dose dry pdr inh,41619211000001108,Fluticasone propionate (Inhalation)
0302000N0BIADAZ,0302000N0,Pack,AMPP,Sereflo Ciphaler 50microg / 500microg/dose dry pdr inh,41619311000001100,Fluticasone propionate (Inhalation)
0302000C0AAAEAE,0302000C0,Presentation,VMP,Beclometasone 100microgram inhalation powder capsules,39695511000001104,Beclometasone dipropionate
0302000C0AAAEAE,0302000C0,Pack,VMPP,Beclometasone 100microgram inhalation powder capsules,3189211000001100,Beclometasone dipropionate
0302000C0AAAEAE,0302000C0,Pack,VMPP,Beclometasone 100microgram inhalation powder capsules,3189311000001108,Beclometasone dipropionate
0302000C0AAAEAE,0302000C0,Pack,VMPP,Beclometasone 100microgram inhalation powder capsules,5525211000001108,Beclometasone dipropionate
0302000C0BMAAAE,0302000C0,Presentation,AMP,Beclometasone 100 Cyclocaps,3189711000001107,Beclometasone dipropionate
0302000C0BMAAAE,0302000C0,Pack,AMPP,Beclometasone 100 Cyclocaps,3189911000001109,Beclometasone dipropionate
0302000C0BCACAE,0302000C0,Presentation,AMP,Becotide 100microgram Rotacaps,3190311000001103,Beclometasone dipropionate
0302000C0BCACAE,0302000C0,Pack,AMPP,Becotide 100microgram Rotacaps,3190511000001109,Beclometasone dipropionate
0302000C0AAAFAF,0302000C0,Presentation,VMP,Beclometasone 200microgram inhalation powder capsules,39695611000001100,Beclometasone dipropionate
0302000C0AAAFAF,0302000C0,Pack,VMPP,Beclometasone 200microgram inhalation powder capsules,3191211000001100,Beclometasone dipropionate
0302000C0AAAFAF,0302000C0,Pack,VMPP,Beclometasone 200microgram inhalation powder capsules,3191311000001108,Beclometasone dipropionate
0302000C0AAAFAF,0302000C0,Pack,VMPP,Beclometasone 200microgram inhalation powder capsules,5256311000001103,Beclometasone dipropionate
0302000C0AAAFAF,0302000C0,Pack,VMPP,Beclometasone 200microgram inhalation powder capsules,5284511000001106,Beclometasone dipropionate
0302000C0BCADAF,0302000C0,Presentation,AMP,Becotide 200microgram Rotacaps,3192111000001101,Beclometasone dipropionate
0302000C0BCADAF,0302000C0,Pack,AMPP,Becotide 200microgram Rotacaps,3192311000001104,Beclometasone dipropionate
0302000C0BMABAF,0302000C0,Presentation,AMP,Beclometasone 200 Cyclocaps,3192611000001109,Beclometasone dipropionate
0302000C0BMABAF,0302000C0,Pack,AMPP,Beclometasone 200 Cyclocaps,3192811000001108,Beclometasone dipropionate
0302000C0AAAIAI,0302000C0,Presentation,VMP,Beclometasone 400microgram inhalation powder capsules,39695711000001109,Beclometasone dipropionate
0302000C0AAAIAI,0302000C0,Pack,VMPP,Beclometasone 400microgram inhalation powder capsules,3193311000001109,Beclometasone dipropionate
0302000C0AAAIAI,0302000C0,Pack,VMPP,Beclometasone 400microgram inhalation powder capsules,3193611000001104,Beclometasone dipropionate
0302000C0BCAGAI,0302000C0,Presentation,AMP,Becotide 400microgram Rotacaps,3194011000001108,Beclometasone dipropionate
0302000C0BCAGAI,0302000C0,Pack,AMPP,Becotide 400microgram Rotacaps,3194211000001103,Beclometasone dipropionate
0302000C0BMACAI,0302000C0,Presentation,AMP,Beclometasone 400 Cyclocaps,3194511000001100,Beclometasone dipropionate
0302000C0BMACAI,0302000C0,Pack,AMPP,Beclometasone 400 Cyclocaps,3194911000001107,Beclometasone dipropionate
0302000K0AAARAR,0302000K0,Presentation,VMP,Budesonide 200microgram inhalation powder capsules,3432911000001109,Budesonide
0302000K0AAARAR,0302000K0,Pack,VMPP,Budesonide 200microgram inhalation powder capsules,3196911000001104,Budesonide
0302000K0BEAAAR,0302000K0,Presentation,AMP,Budesonide 200 Cyclocaps,3197211000001105,Budesonide
0302000K0BEAAAR,0302000K0,Pack,AMPP,Budesonide 200 Cyclocaps,3197511000001108,Budesonide
0302000K0AAASAS,0302000K0,Presentation,VMP,Budesonide 400microgram inhalation powder capsules,3433011000001101,Budesonide
0302000K0AAASAS,0302000K0,Pack,VMPP,Budesonide 400microgram inhalation powder capsules,3197911000001101,Budesonide
0302000K0BEABAS,0302000K0,Presentation,AMP,Budesonide 400 Cyclocaps,3198411000001108,Budesonide
0302000K0BEABAS,0302000K0,Pack,AMPP,Budesonide 400 Cyclocaps,3198611000001106,Budesonide
0301011R0AAAAAA,0301011R0,Presentation,VMP,Salbutamol 100micrograms/dose inhaler,35936511000001108,Salbutamol
0301011R0AAAAAA,0301011R0,Pack,VMPP,Salbutamol 100micrograms/dose inhaler,3407411000001105,Salbutamol
0301011R0AAAAAA,0301011R0,Presentation,AMP,Salbutamol 100micrograms/dose inhaler,3408611000001107,Salbutamol
0301011R0AAAAAA,0301011R0,Pack,AMPP,Salbutamol 100micrograms/dose inhaler,3409311000001108,Salbutamol
0301011R0AAAAAA,0301011R0,Presentation,AMP,Salbutamol 100micrograms/dose inhaler,3410611000001106,Salbutamol
0301011R0AAAAAA,0301011R0,Pack,AMPP,Salbutamol 100micrograms/dose inhaler,3411411000001104,Salbutamol
0301011R0AAAAAA,0301011R0,Presentation,AMP,Salbutamol 100micrograms/dose inhaler,3412611000001107,Salbutamol
0301011R0AAAAAA,0301011R0,Pack,AMPP,Salbutamol 100micrograms/dose inhaler,3413011000001109,Salbutamol
0301011R0AAAAAA,0301011R0,Presentation,AMP,Salbutamol 100micrograms/dose inhaler,3415711000001107,Salbutamol
0301011R0AAAAAA,0301011R0,Pack,AMPP,Salbutamol 100micrograms/dose inhaler,3416211000001106,Salbutamol
0301011R0AAAAAA,0301011R0,Presentation,AMP,Salbutamol 100micrograms/dose inhaler,3417111000001102,Salbutamol
0301011R0AAAAAA,0301011R0,Pack,AMPP,Salbutamol 100micrograms/dose inhaler,3417711000001101,Salbutamol
0301011R0AAAAAA,0301011R0,Presentation,AMP,Salbutamol 100micrograms/dose inhaler,10432311000001108,Salbutamol
0301011R0AAAAAA,0301011R0,Pack,AMPP,Salbutamol 100micrograms/dose inhaler,10432411000001101,Salbutamol
0302000K0AAAVAV,0302000K0,Presentation,VMP,Budesonide 200microg/dose dry pdr inhalation cart with dev,8024611000001102,Budesonide
0302000K0AAAVAV,0302000K0,Pack,VMPP,Budesonide 200microg/dose dry pdr inhalation cart with dev,8024711000001106,Budesonide
0302000K0BFAAAV,0302000K0,Presentation,AMP,Budelin Novolizer 200micrograms/dose inhalation powder,8031811000001102,Budesonide
0302000K0BFAAAV,0302000K0,Pack,AMPP,Budelin Novolizer 200micrograms/dose inhalation powder,8031911000001107,Budesonide
0301011V0AAADAD,0301011V0,Presentation,VMP,Terbutaline 5mg/2ml nebuliser liquid unit dose vials,3654411000001106,Terbutaline sulphate
0301011V0AAADAD,0301011V0,Pack,VMPP,Terbutaline 5mg/2ml nebuliser liquid unit dose vials,3633811000001109,Terbutaline sulphate
0301011V0BBALAD,0301011V0,Presentation,AMP,Bricanyl 5mg/2ml Respules,3633911000001104,Terbutaline sulphate
0301011V0BBALAD,0301011V0,Pack,AMPP,Bricanyl 5mg/2ml Respules,3634011000001101,Terbutaline sulphate
0301011V0AAADAD,0301011V0,Presentation,AMP,Terbutaline 5mg/2ml nebuliser liquid unit dose vials,9111011000001106,Terbutaline sulphate
0301011V0AAADAD,0301011V0,Pack,AMPP,Terbutaline 5mg/2ml nebuliser liquid unit dose vials,9111111000001107,Terbutaline sulphate
0301011V0AAADAD,0301011V0,Presentation,AMP,Terbutaline 5mg/2ml nebuliser liquid unit dose vials,11150411000001106,Terbutaline sulphate
0301011V0AAADAD,0301011V0,Pack,AMPP,Terbutaline 5mg/2ml nebuliser liquid unit dose vials,11150511000001105,Terbutaline sulphate
0301011V0AAADAD,0301011V0,Presentation,AMP,Terbutaline 5mg/2ml nebuliser liquid unit dose vials,11256611000001108,Terbutaline sulphate
0301011V0AAADAD,0301011V0,Pack,AMPP,Terbutaline 5mg/2ml nebuliser liquid unit dose vials,11256711000001104,Terbutaline sulphate
0301011V0AAADAD,0301011V0,Presentation,AMP,Terbutaline 5mg/2ml nebuliser liquid unit dose vials,12062211000001109,Terbutaline sulphate
0301011V0AAADAD,0301011V0,Pack,AMPP,Terbutaline 5mg/2ml nebuliser liquid unit dose vials,12062311000001101,Terbutaline sulphate
0301011V0AAADAD,0301011V0,Presentation,AMP,Terbutaline 5mg/2ml nebuliser liquid unit dose vials,17661711000001102,Terbutaline sulphate
0301011V0AAADAD,0301011V0,Pack,AMPP,Terbutaline 5mg/2ml nebuliser liquid unit dose vials,17661811000001105,Terbutaline sulphate
0301011V0AAADAD,0301011V0,Presentation,AMP,Terbutaline 5mg/2ml nebuliser liquid unit dose vials,21787311000001103,Terbutaline sulphate
0301011V0AAADAD,0301011V0,Pack,AMPP,Terbutaline 5mg/2ml nebuliser liquid unit dose vials,21787411000001105,Terbutaline sulphate
0301011V0AAADAD,0301011V0,Presentation,AMP,Terbutaline 5mg/2ml nebuliser liquid unit dose vials,22355111000001103,Terbutaline sulphate
0301011V0AAADAD,0301011V0,Pack,AMPP,Terbutaline 5mg/2ml nebuliser liquid unit dose vials,22355211000001109,Terbutaline sulphate
0301011V0AAADAD,0301011V0,Presentation,AMP,Terbutaline 5mg/2ml nebuliser liquid unit dose vials,30924211000001107,Terbutaline sulphate
0301011V0AAADAD,0301011V0,Pack,AMPP,Terbutaline 5mg/2ml nebuliser liquid unit dose vials,30924311000001104,Terbutaline sulphate
0302000C0BJAFBH,0302000C0,Pack,AMPP,Qvar 100micrograms/dose Easi-Breathe inhaler,8159811000001105,Beclometasone dipropionate
0302000C0AAABAB,0302000C0,Presentation,VMP,Beclometasone 100micrograms/dose inhaler,42292311000001106,Beclometasone dipropionate
0302000C0AAABAB,0302000C0,Pack,VMPP,Beclometasone 100micrograms/dose inhaler,3177811000001100,Beclometasone dipropionate
0302000C0AAABAB,0302000C0,Pack,VMPP,Beclometasone 100micrograms/dose inhaler,4842111000001103,Beclometasone dipropionate
0302000C0BGABAB,0302000C0,Presentation,AMP,Filair 100 inhaler,3177911000001105,Beclometasone dipropionate
0302000C0BGABAB,0302000C0,Pack,AMPP,Filair 100 inhaler,3178111000001108,Beclometasone dipropionate
0302000C0AAABAB,0302000C0,Presentation,AMP,Beclometasone 100micrograms/dose inhaler,3178211000001102,Beclometasone dipropionate
0302000C0AAABAB,0302000C0,Pack,AMPP,Beclometasone 100micrograms/dose inhaler,3178311000001105,Beclometasone dipropionate
0302000C0AAABAB,0302000C0,Presentation,AMP,Beclometasone 100micrograms/dose inhaler,3178411000001103,Beclometasone dipropionate
0302000C0AAABAB,0302000C0,Pack,AMPP,Beclometasone 100micrograms/dose inhaler,3178511000001104,Beclometasone dipropionate
0302000C0BCAHAB,0302000C0,Presentation,AMP,Becotide 100 inhaler,3178611000001100,Beclometasone dipropionate
0302000C0BCAHAB,0302000C0,Pack,AMPP,Becotide 100 inhaler,3178711000001109,Beclometasone dipropionate
0302000C0BCAHAB,0302000C0,Pack,AMPP,Becotide 100 inhaler,4842311000001101,Beclometasone dipropionate
0302000C0BFABAB,0302000C0,Presentation,AMP,Beclazone 100 inhaler,3178811000001101,Beclometasone dipropionate
0302000C0BFABAB,0302000C0,Pack,AMPP,Beclazone 100 inhaler,3178911000001106,Beclometasone dipropionate
0302000C0AAABAB,0302000C0,Presentation,AMP,Beclometasone 100micrograms/dose inhaler,3179011000001102,Beclometasone dipropionate
0302000C0AAABAB,0302000C0,Pack,AMPP,Beclometasone 100micrograms/dose inhaler,3179111000001101,Beclometasone dipropionate
0302000C0AAABAB,0302000C0,Presentation,AMP,Beclometasone 100micrograms/dose inhaler,4773811000001101,Beclometasone dipropionate
0302000C0AAABAB,0302000C0,Pack,AMPP,Beclometasone 100micrograms/dose inhaler,4773911000001106,Beclometasone dipropionate
0302000C0AAABAB,0302000C0,Presentation,AMP,Beclometasone 100micrograms/dose inhaler,7379111000001102,Beclometasone dipropionate
0302000C0AAABAB,0302000C0,Pack,AMPP,Beclometasone 100micrograms/dose inhaler,7379211000001108,Beclometasone dipropionate
0302000C0AAABAB,0302000C0,Presentation,AMP,Beclometasone 100micrograms/dose inhaler,11400511000001100,Beclometasone dipropionate
0302000C0AAABAB,0302000C0,Pack,AMPP,Beclometasone 100micrograms/dose inhaler,11400611000001101,Beclometasone dipropionate
0302000C0AAABAB,0302000C0,Presentation,AMP,Beclometasone 100micrograms/dose inhaler,17794111000001108,Beclometasone dipropionate
0302000C0AAABAB,0302000C0,Pack,AMPP,Beclometasone 100micrograms/dose inhaler,17794211000001102,Beclometasone dipropionate
0302000C0AAARAR,0302000C0,Presentation,VMP,Beclometasone 200micrograms/dose inhaler,35908511000001101,Beclometasone dipropionate
0302000C0AAARAR,0302000C0,Pack,VMPP,Beclometasone 200micrograms/dose inhaler,3179211000001107,Beclometasone dipropionate
0302000C0BCAQAR,0302000C0,Presentation,AMP,Becotide 200 inhaler,3179311000001104,Beclometasone dipropionate
0302000C0BCAQAR,0302000C0,Pack,AMPP,Becotide 200 inhaler,3179411000001106,Beclometasone dipropionate
0302000C0BFAGAR,0302000C0,Presentation,AMP,Beclazone 200 inhaler,3179511000001105,Beclometasone dipropionate
0302000C0BFAGAR,0302000C0,Pack,AMPP,Beclazone 200 inhaler,3179611000001109,Beclometasone dipropionate
0302000C0AAARAR,0302000C0,Presentation,AMP,Beclometasone 200micrograms/dose inhaler,4332611000001107,Beclometasone dipropionate
0302000C0AAARAR,0302000C0,Pack,AMPP,Beclometasone 200micrograms/dose inhaler,4332711000001103,Beclometasone dipropionate
0302000C0AAARAR,0302000C0,Presentation,AMP,Beclometasone 200micrograms/dose inhaler,15052211000001104,Beclometasone dipropionate
0302000C0AAARAR,0302000C0,Pack,AMPP,Beclometasone 200micrograms/dose inhaler,15052311000001107,Beclometasone dipropionate
0302000C0AAACAC,0302000C0,Presentation,VMP,Beclometasone 250micrograms/dose inhaler,35908811000001103,Beclometasone dipropionate
0302000C0AAACAC,0302000C0,Pack,VMPP,Beclometasone 250micrograms/dose inhaler,3179711000001100,Beclometasone dipropionate
0302000C0AAACAC,0302000C0,Pack,VMPP,Beclometasone 250micrograms/dose inhaler,4839911000001109,Beclometasone dipropionate
0302000C0AAACAC,0302000C0,Pack,VMPP,Beclometasone 250micrograms/dose inhaler,5255911000001109,Beclometasone dipropionate
0302000C0AAACAC,0302000C0,Presentation,AMP,Beclometasone 250micrograms/dose inhaler,3179811000001108,Beclometasone dipropionate
0302000C0AAACAC,0302000C0,Pack,AMPP,Beclometasone 250micrograms/dose inhaler,3179911000001103,Beclometasone dipropionate
0302000C0AAACAC,0302000C0,Presentation,AMP,Beclometasone 250micrograms/dose inhaler,3180011000001102,Beclometasone dipropionate
0302000C0AAACAC,0302000C0,Pack,AMPP,Beclometasone 250micrograms/dose inhaler,3180111000001101,Beclometasone dipropionate
0302000C0BBAAAC,0302000C0,Presentation,AMP,Becloforte 250micrograms/dose inhaler,3180211000001107,Beclometasone dipropionate
0302000C0BBAAAC,0302000C0,Pack,AMPP,Becloforte 250micrograms/dose inhaler,3180411000001106,Beclometasone dipropionate
0302000C0BBAAAC,0302000C0,Pack,AMPP,Becloforte 250micrograms/dose inhaler,4840211000001108,Beclometasone dipropionate
0302000C0BFACAC,0302000C0,Presentation,AMP,Beclazone 250 inhaler,3180611000001109,Beclometasone dipropionate
0302000C0BFACAC,0302000C0,Pack,AMPP,Beclazone 250 inhaler,3180711000001100,Beclometasone dipropionate
0302000C0AAACAC,0302000C0,Presentation,AMP,Beclometasone 250micrograms/dose inhaler,3180911000001103,Beclometasone dipropionate
0302000C0AAACAC,0302000C0,Pack,AMPP,Beclometasone 250micrograms/dose inhaler,3181011000001106,Beclometasone dipropionate
0302000C0BGACAC,0302000C0,Presentation,AMP,Filair Forte 250micrograms/dose inhaler,4753511000001101,Beclometasone dipropionate
0302000C0BGACAC,0302000C0,Pack,AMPP,Filair Forte 250micrograms/dose inhaler,4753611000001102,Beclometasone dipropionate
0302000C0AAACAC,0302000C0,Presentation,AMP,Beclometasone 250micrograms/dose inhaler,4774011000001109,Beclometasone dipropionate
0302000C0AAACAC,0302000C0,Pack,AMPP,Beclometasone 250micrograms/dose inhaler,4774111000001105,Beclometasone dipropionate
0302000C0AAACAC,0302000C0,Presentation,AMP,Beclometasone 250micrograms/dose inhaler,7379311000001100,Beclometasone dipropionate
0302000C0AAACAC,0302000C0,Pack,AMPP,Beclometasone 250micrograms/dose inhaler,7379411000001107,Beclometasone dipropionate
0302000C0AAACAC,0302000C0,Presentation,AMP,Beclometasone 250micrograms/dose inhaler,11400811000001102,Beclometasone dipropionate
0302000C0AAACAC,0302000C0,Pack,AMPP,Beclometasone 250micrograms/dose inhaler,11400911000001107,Beclometasone dipropionate
0302000C0AAACAC,0302000C0,Presentation,AMP,Beclometasone 250micrograms/dose inhaler,17833911000001100,Beclometasone dipropionate
0302000C0AAACAC,0302000C0,Pack,AMPP,Beclometasone 250micrograms/dose inhaler,17834011000001102,Beclometasone dipropionate
0302000C0AAATAT,0302000C0,Presentation,VMP,Beclometasone 100micrograms/dose breath actuated inhaler,35907811000001102,Beclometasone dipropionate
0302000C0AAATAT,0302000C0,Pack,VMPP,Beclometasone 100micrograms/dose breath actuated inhaler,3181311000001109,Beclometasone dipropionate
0302000C0BEACAT,0302000C0,Presentation,AMP,AeroBec 100 Autohaler,3181411000001102,Beclometasone dipropionate
0302000C0BEACAT,0302000C0,Pack,AMPP,AeroBec 100 Autohaler,3181511000001103,Beclometasone dipropionate
0302000C0BFAEAT,0302000C0,Presentation,AMP,Beclazone 100 Easi-Breathe inhaler,3181711000001108,Beclometasone dipropionate
0302000C0BFAEAT,0302000C0,Pack,AMPP,Beclazone 100 Easi-Breathe inhaler,3181911000001105,Beclometasone dipropionate
0302000C0AAAUAU,0302000C0,Presentation,VMP,Beclometasone 250micrograms/dose breath actuated inhaler,35908611000001102,Beclometasone dipropionate
0302000C0AAAUAU,0302000C0,Pack,VMPP,Beclometasone 250micrograms/dose breath actuated inhaler,3182311000001100,Beclometasone dipropionate
0302000C0BEABAU,0302000C0,Presentation,AMP,AeroBec Forte 250 Autohaler,3182411000001107,Beclometasone dipropionate
0302000C0BEABAU,0302000C0,Pack,AMPP,AeroBec Forte 250 Autohaler,3182511000001106,Beclometasone dipropionate
0302000C0BFAFAU,0302000C0,Presentation,AMP,Beclazone 250 Easi-Breathe inhaler,3182611000001105,Beclometasone dipropionate
0302000C0BFAFAU,0302000C0,Pack,AMPP,Beclazone 250 Easi-Breathe inhaler,3182711000001101,Beclometasone dipropionate
0302000N0AAARAR,0302000N0,Presentation,VMP,Fluticasone propionate 50micrograms/dose dry powder inhaler,38897911000001106,Fluticasone propionate (Inhalation)
0302000N0AAARAR,0302000N0,Pack,VMPP,Fluticasone propionate 50micrograms/dose dry powder inhaler,3183711000001109,Fluticasone propionate (Inhalation)
0302000N0BBARAR,0302000N0,Presentation,AMP,Flixotide 50micrograms/dose Accuhaler,3183811000001101,Fluticasone propionate (Inhalation)
0302000N0BBARAR,0302000N0,Pack,AMPP,Flixotide 50micrograms/dose Accuhaler,3183911000001106,Fluticasone propionate (Inhalation)
0302000N0AAASAS,0302000N0,Presentation,VMP,Fluticasone propionate 100micrograms/dose dry powder inhaler,38897811000001101,Fluticasone propionate (Inhalation)
0302000N0AAASAS,0302000N0,Pack,VMPP,Fluticasone propionate 100micrograms/dose dry powder inhaler,3184011000001109,Fluticasone propionate (Inhalation)
0302000N0BBASAS,0302000N0,Presentation,AMP,Flixotide 100micrograms/dose Accuhaler,3184311000001107,Fluticasone propionate (Inhalation)
0302000N0BBASAS,0302000N0,Pack,AMPP,Flixotide 100micrograms/dose Accuhaler,3184411000001100,Fluticasone propionate (Inhalation)
0302000N0AAASAS,0302000N0,Presentation,AMP,Fluticasone propionate 100micrograms/dose dry powder inhaler,39691211000001100,Fluticasone propionate (Inhalation)
0302000N0AAASAS,0302000N0,Pack,AMPP,Fluticasone propionate 100micrograms/dose dry powder inhaler,39691311000001108,Fluticasone propionate (Inhalation)
0302000N0AAATAT,0302000N0,Presentation,VMP,Fluticasone propionate 250micrograms/dose dry powder inhaler,36565411000001101,Fluticasone propionate (Inhalation)
0302000N0AAATAT,0302000N0,Pack,VMPP,Fluticasone propionate 250micrograms/dose dry powder inhaler,3184811000001103,Fluticasone propionate (Inhalation)
0302000N0BBATAT,0302000N0,Presentation,AMP,Flixotide 250micrograms/dose Accuhaler,3184911000001108,Fluticasone propionate (Inhalation)
0302000N0BBATAT,0302000N0,Pack,AMPP,Flixotide 250micrograms/dose Accuhaler,3185011000001108,Fluticasone propionate (Inhalation)
0302000N0AAAUAU,0302000N0,Presentation,VMP,Fluticasone propionate 500micrograms/dose dry powder inhaler,38897711000001109,Fluticasone propionate (Inhalation)
0302000N0AAAUAU,0302000N0,Pack,VMPP,Fluticasone propionate 500micrograms/dose dry powder inhaler,3185111000001109,Fluticasone propionate (Inhalation)
0302000N0BBAUAU,0302000N0,Presentation,AMP,Flixotide 500micrograms/dose Accuhaler,3185211000001103,Fluticasone propionate (Inhalation)
0302000N0BBAUAU,0302000N0,Pack,AMPP,Flixotide 500micrograms/dose Accuhaler,3185411000001104,Fluticasone propionate (Inhalation)
0301011R0AAAFAF,0301011R0,Presentation,VMP,Salbutamol 95micrograms/dose dry powder inhaler,35937211000001107,Salbutamol
0301011R0AAAFAF,0301011R0,Pack,VMPP,Salbutamol 95micrograms/dose dry powder inhaler,3185911000001107,Salbutamol
0301011R0BJABAF,0301011R0,Presentation,AMP,Asmasal 95micrograms/dose Clickhaler,3186011000001104,Salbutamol
0301011R0BJABAF,0301011R0,Pack,AMPP,Asmasal 95micrograms/dose Clickhaler,3186111000001103,Salbutamol
0302000N0AAAXAX,0302000N0,Presentation,VMP,Fluticasone propionate 100microg/Salmeterol 50microg/dose,38897611000001100,Fluticasone propionate (Inhalation)
0302000N0AAAXAX,0302000N0,Pack,VMPP,Fluticasone propionate 100microg/Salmeterol 50microg/dose,3186811000001105,Fluticasone propionate (Inhalation)
0302000N0BCAAAX,0302000N0,Presentation,AMP,Seretide 100 Accuhaler,3186911000001100,Fluticasone propionate (Inhalation)
0302000N0BCAAAX,0302000N0,Pack,AMPP,Seretide 100 Accuhaler,3187011000001101,Fluticasone propionate (Inhalation)
0302000N0BNULLCAX,0302000N0,Presentation,AMP,Fixkoh Airmaster 50microg/dose / 100microg/dose dry pdr inh,39567811000001100,Fluticasone propionate (Inhalation)
0302000N0BNULLCAX,0302000N0,Pack,AMPP,Fixkoh Airmaster 50microg/dose / 100microg/dose dry pdr inh,39567911000001105,Fluticasone propionate (Inhalation)
0302000N0BRAAAX,0302000N0,Presentation,AMP,Campona Airmaster 50microg/dose / 100microg/dose dry pdr inh,41158211000001107,Fluticasone propionate (Inhalation)
0302000N0BRAAAX,0302000N0,Pack,AMPP,Campona Airmaster 50microg/dose / 100microg/dose dry pdr inh,41158711000001100,Fluticasone propionate (Inhalation)
0302000N0AAAYAY,0302000N0,Presentation,VMP,Fluticasone propionate 250microg/Salmeterol 50microg/dose,38897511000001104,Fluticasone propionate (Inhalation)
0302000N0AAAYAY,0302000N0,Pack,VMPP,Fluticasone propionate 250microg/Salmeterol 50microg/dose,3187111000001100,Fluticasone propionate (Inhalation)
0302000N0BCABAY,0302000N0,Presentation,AMP,Seretide 250 Accuhaler,3187211000001106,Fluticasone propionate (Inhalation)
0302000N0BCABAY,0302000N0,Pack,AMPP,Seretide 250 Accuhaler,3187311000001103,Fluticasone propionate (Inhalation)
0302000N0BKAAAY,0302000N0,Presentation,AMP,Fusacomb Easyhaler 50microg / 250microg/dose dry pdr inh,35515511000001100,Fluticasone propionate (Inhalation)
0302000N0BKAAAY,0302000N0,Pack,AMPP,Fusacomb Easyhaler 50microg / 250microg/dose dry pdr inh,35515611000001101,Fluticasone propionate (Inhalation)
0302000N0BNULLBAY,0302000N0,Presentation,AMP,Fixkoh Airmaster 50microg/dose / 250microg/dose dry pdr inh,39567611000001104,Fluticasone propionate (Inhalation)
0302000N0BNULLBAY,0302000N0,Pack,AMPP,Fixkoh Airmaster 50microg/dose / 250microg/dose dry pdr inh,39567711000001108,Fluticasone propionate (Inhalation)
0302000N0BIACAY,0302000N0,Presentation,AMP,Sereflo Ciphaler 50microg / 250microg/dose dry pdr inh,40504911000001103,Fluticasone propionate (Inhalation)
0302000N0BIACAY,0302000N0,Pack,AMPP,Sereflo Ciphaler 50microg / 250microg/dose dry pdr inh,40505011000001103,Fluticasone propionate (Inhalation)
0302000N0BRABAY,0302000N0,Presentation,AMP,Campona Airmaster 50microg/dose / 250microg/dose dry pdr inh,41158811000001108,Fluticasone propionate (Inhalation)
0302000N0BRABAY,0302000N0,Pack,AMPP,Campona Airmaster 50microg/dose / 250microg/dose dry pdr inh,41158911000001103,Fluticasone propionate (Inhalation)
0302000C0AABYBY,0302000C0,Presentation,VMP,Beclometasone 100microg/Formoterol 6microg/dose dry pdr inh,26148711000001101,Beclometasone dipropionate
0302000C0AABYBY,0302000C0,Pack,VMPP,Beclometasone 100microg/Formoterol 6microg/dose dry pdr inh,26111011000001102,Beclometasone dipropionate
0302000C0BRAABY,0302000C0,Presentation,AMP,Fostair NEXThaler 100microg/dose / 6microg/dose dry pdr inh,26112111000001106,Beclometasone dipropionate
0302000C0BRAABY,0302000C0,Pack,AMPP,Fostair NEXThaler 100microg/dose / 6microg/dose dry pdr inh,26112411000001101,Beclometasone dipropionate
0301030S0AABHBH,0301030S0,Presentation,VMP,Theophylline 5mg/5ml oral solution,24535311000001108,Theophylline
0301030S0AABHBH,0301030S0,Pack,VMPP,Theophylline 5mg/5ml oral solution,24524611000001102,Theophylline
0301030S0AABHBH,0301030S0,Presentation,AMP,Theophylline 5mg/5ml oral solution,24524711000001106,Theophylline
0301030S0AABHBH,0301030S0,Pack,AMPP,Theophylline 5mg/5ml oral solution,24524811000001103,Theophylline
0302000K0AAAJAJ,0302000K0,Presentation,VMP,Budesonide 500micrograms/2ml neb liq unit dose vials,3654511000001105,Budesonide
0302000K0AAAJAJ,0302000K0,Pack,VMPP,Budesonide 500micrograms/2ml neb liq unit dose vials,3634611000001108,Budesonide
0302000K0BBAJAJ,0302000K0,Presentation,AMP,Pulmicort 0.5mg Respules,3635411000001106,Budesonide
0302000K0BBAJAJ,0302000K0,Pack,AMPP,Pulmicort 0.5mg Respules,3635711000001100,Budesonide
0302000K0AAAJAJ,0302000K0,Presentation,AMP,Budesonide 500micrograms/2ml neb liq unit dose vials,10272811000001101,Budesonide
0302000K0AAAJAJ,0302000K0,Pack,AMPP,Budesonide 500micrograms/2ml neb liq unit dose vials,10273111000001102,Budesonide
0302000K0AAAJAJ,0302000K0,Presentation,AMP,Budesonide 500micrograms/2ml neb liq unit dose vials,10273611000001105,Budesonide
0302000K0AAAJAJ,0302000K0,Pack,AMPP,Budesonide 500micrograms/2ml neb liq unit dose vials,10273711000001101,Budesonide
0302000K0AAAJAJ,0302000K0,Presentation,AMP,Budesonide 500micrograms/2ml neb liq unit dose vials,10326511000001109,Budesonide
0302000K0AAAJAJ,0302000K0,Pack,AMPP,Budesonide 500micrograms/2ml neb liq unit dose vials,10326611000001108,Budesonide
0302000K0AAAJAJ,0302000K0,Presentation,AMP,Budesonide 500micrograms/2ml neb liq unit dose vials,10347711000001104,Budesonide
0302000K0AAAJAJ,0302000K0,Pack,AMPP,Budesonide 500micrograms/2ml neb liq unit dose vials,10347811000001107,Budesonide
0302000K0AAAJAJ,0302000K0,Presentation,AMP,Budesonide 500micrograms/2ml neb liq unit dose vials,10453011000001102,Budesonide
0302000K0AAAJAJ,0302000K0,Pack,AMPP,Budesonide 500micrograms/2ml neb liq unit dose vials,10453111000001101,Budesonide
0302000K0AAAJAJ,0302000K0,Presentation,AMP,Budesonide 500micrograms/2ml neb liq unit dose vials,11005511000001104,Budesonide
0302000K0AAAJAJ,0302000K0,Pack,AMPP,Budesonide 500micrograms/2ml neb liq unit dose vials,11005611000001100,Budesonide
0302000K0AAAJAJ,0302000K0,Presentation,AMP,Budesonide 500micrograms/2ml neb liq unit dose vials,17809311000001106,Budesonide
0302000K0AAAJAJ,0302000K0,Pack,AMPP,Budesonide 500micrograms/2ml neb liq unit dose vials,17809811000001102,Budesonide
0302000K0AAAJAJ,0302000K0,Presentation,AMP,Budesonide 500micrograms/2ml neb liq unit dose vials,18507011000001106,Budesonide
0302000K0AAAJAJ,0302000K0,Pack,AMPP,Budesonide 500micrograms/2ml neb liq unit dose vials,18507111000001107,Budesonide
0302000K0AAAJAJ,0302000K0,Presentation,AMP,Budesonide 500micrograms/2ml neb liq unit dose vials,21804411000001104,Budesonide
0302000K0AAAJAJ,0302000K0,Pack,AMPP,Budesonide 500micrograms/2ml neb liq unit dose vials,21804511000001100,Budesonide
0302000K0AAAJAJ,0302000K0,Presentation,AMP,Budesonide 500micrograms/2ml neb liq unit dose vials,22622411000001105,Budesonide
0302000K0AAAJAJ,0302000K0,Pack,AMPP,Budesonide 500micrograms/2ml neb liq unit dose vials,22622511000001109,Budesonide
0302000K0AAAJAJ,0302000K0,Presentation,AMP,Budesonide 500micrograms/2ml neb liq unit dose vials,29775411000001101,Budesonide
0302000K0AAAJAJ,0302000K0,Pack,AMPP,Budesonide 500micrograms/2ml neb liq unit dose vials,29775511000001102,Budesonide
0302000K0AAAJAJ,0302000K0,Presentation,AMP,Budesonide 500micrograms/2ml neb liq unit dose vials,30004311000001102,Budesonide
0302000K0AAAJAJ,0302000K0,Pack,AMPP,Budesonide 500micrograms/2ml neb liq unit dose vials,30004411000001109,Budesonide
0302000K0AAAJAJ,0302000K0,Presentation,AMP,Budesonide 500micrograms/2ml neb liq unit dose vials,38807211000001100,Budesonide
0302000K0AAAJAJ,0302000K0,Pack,AMPP,Budesonide 500micrograms/2ml neb liq unit dose vials,38807311000001108,Budesonide
0302000K0AAAIAI,0302000K0,Presentation,VMP,Budesonide 1mg/2ml nebuliser liquid unit dose vials,3654611000001109,Budesonide
0302000K0AAAIAI,0302000K0,Pack,VMPP,Budesonide 1mg/2ml nebuliser liquid unit dose vials,3636211000001101,Budesonide
0302000K0BBAGAI,0302000K0,Presentation,AMP,Pulmicort 1mg Respules,3636511000001103,Budesonide
0302000K0BBAGAI,0302000K0,Pack,AMPP,Pulmicort 1mg Respules,3636811000001100,Budesonide
0302000K0AAAIAI,0302000K0,Presentation,AMP,Budesonide 1mg/2ml nebuliser liquid unit dose vials,10273211000001108,Budesonide
0302000K0AAAIAI,0302000K0,Pack,AMPP,Budesonide 1mg/2ml nebuliser liquid unit dose vials,10273311000001100,Budesonide
0302000K0AAAIAI,0302000K0,Presentation,AMP,Budesonide 1mg/2ml nebuliser liquid unit dose vials,10274211000001106,Budesonide
0302000K0AAAIAI,0302000K0,Pack,AMPP,Budesonide 1mg/2ml nebuliser liquid unit dose vials,10274711000001104,Budesonide
0302000K0AAAIAI,0302000K0,Presentation,AMP,Budesonide 1mg/2ml nebuliser liquid unit dose vials,10326711000001104,Budesonide
0302000K0AAAIAI,0302000K0,Pack,AMPP,Budesonide 1mg/2ml nebuliser liquid unit dose vials,10326811000001107,Budesonide
0302000K0AAAIAI,0302000K0,Presentation,AMP,Budesonide 1mg/2ml nebuliser liquid unit dose vials,10347911000001102,Budesonide
0302000K0AAAIAI,0302000K0,Pack,AMPP,Budesonide 1mg/2ml nebuliser liquid unit dose vials,10348011000001100,Budesonide
0302000K0AAAIAI,0302000K0,Presentation,AMP,Budesonide 1mg/2ml nebuliser liquid unit dose vials,10453211000001107,Budesonide
0302000K0AAAIAI,0302000K0,Pack,AMPP,Budesonide 1mg/2ml nebuliser liquid unit dose vials,10453311000001104,Budesonide
0302000K0AAAIAI,0302000K0,Presentation,AMP,Budesonide 1mg/2ml nebuliser liquid unit dose vials,11005711000001109,Budesonide
0302000K0AAAIAI,0302000K0,Pack,AMPP,Budesonide 1mg/2ml nebuliser liquid unit dose vials,11005811000001101,Budesonide
0302000K0AAAIAI,0302000K0,Presentation,AMP,Budesonide 1mg/2ml nebuliser liquid unit dose vials,15060511000001109,Budesonide
0302000K0AAAIAI,0302000K0,Pack,AMPP,Budesonide 1mg/2ml nebuliser liquid unit dose vials,15060711000001104,Budesonide
0302000K0AAAIAI,0302000K0,Presentation,AMP,Budesonide 1mg/2ml nebuliser liquid unit dose vials,17810011000001102,Budesonide
0302000K0AAAIAI,0302000K0,Pack,AMPP,Budesonide 1mg/2ml nebuliser liquid unit dose vials,17810311000001104,Budesonide
0302000K0AAAIAI,0302000K0,Presentation,AMP,Budesonide 1mg/2ml nebuliser liquid unit dose vials,18507211000001101,Budesonide
0302000K0AAAIAI,0302000K0,Pack,AMPP,Budesonide 1mg/2ml nebuliser liquid unit dose vials,18507311000001109,Budesonide
0302000K0AAAIAI,0302000K0,Presentation,AMP,Budesonide 1mg/2ml nebuliser liquid unit dose vials,21804611000001101,Budesonide
0302000K0AAAIAI,0302000K0,Pack,AMPP,Budesonide 1mg/2ml nebuliser liquid unit dose vials,21804711000001105,Budesonide
0302000K0AAAIAI,0302000K0,Presentation,AMP,Budesonide 1mg/2ml nebuliser liquid unit dose vials,22622611000001108,Budesonide
0302000K0AAAIAI,0302000K0,Pack,AMPP,Budesonide 1mg/2ml nebuliser liquid unit dose vials,22622711000001104,Budesonide
0302000K0AAAIAI,0302000K0,Presentation,AMP,Budesonide 1mg/2ml nebuliser liquid unit dose vials,30004511000001108,Budesonide
0302000K0AAAIAI,0302000K0,Pack,AMPP,Budesonide 1mg/2ml nebuliser liquid unit dose vials,30004611000001107,Budesonide
0302000K0AAAIAI,0302000K0,Presentation,AMP,Budesonide 1mg/2ml nebuliser liquid unit dose vials,38807411000001101,Budesonide
0302000K0AAAIAI,0302000K0,Pack,AMPP,Budesonide 1mg/2ml nebuliser liquid unit dose vials,38807511000001102,Budesonide
0301011R0AAAZAZ,0301011R0,Presentation,VMP,Salbutamol 2mg tablets,42297511000001102,Salbutamol
0301011R0AAAZAZ,0301011R0,Pack,VMPP,Salbutamol 2mg tablets,1277511000001105,Salbutamol
0301011R0AAAZAZ,0301011R0,Presentation,AMP,Salbutamol 2mg tablets,659111000001106,Salbutamol
0301011R0AAAZAZ,0301011R0,Pack,AMPP,Salbutamol 2mg tablets,1906011000001109,Salbutamol
0301011R0AAAZAZ,0301011R0,Presentation,AMP,Salbutamol 2mg tablets,506611000001108,Salbutamol
0301011R0AAAZAZ,0301011R0,Pack,AMPP,Salbutamol 2mg tablets,1906111000001105,Salbutamol
0301011R0AAAZAZ,0301011R0,Presentation,AMP,Salbutamol 2mg tablets,287611000001100,Salbutamol
0301011R0AAAZAZ,0301011R0,Pack,AMPP,Salbutamol 2mg tablets,1906311000001107,Salbutamol
0301011R0AAAZAZ,0301011R0,Presentation,AMP,Salbutamol 2mg tablets,161811000001109,Salbutamol
0301011R0AAAZAZ,0301011R0,Pack,AMPP,Salbutamol 2mg tablets,1906411000001100,Salbutamol
0302000K0AAAWAW,0302000K0,Presentation,VMP,Budesonide 200micrograms/dose dry pdr inhalation cartridge,9117811000001107,Budesonide
0302000K0AAAWAW,0302000K0,Pack,VMPP,Budesonide 200micrograms/dose dry pdr inhalation cartridge,9111711000001108,Budesonide
0302000K0BFABAW,0302000K0,Presentation,AMP,Budelin Novolizer 200micrograms/dose inhalation pdr refill,9111811000001100,Budesonide
0302000K0BFABAW,0302000K0,Pack,AMPP,Budelin Novolizer 200micrograms/dose inhalation pdr refill,9111911000001105,Budesonide
0301020Q0AAADAD,0301020Q0,Presentation,VMP,Tiotropium bromide 10microgram inhalation pdr caps with dev,33596311000001107,Tiotropium bromide
0301020Q0AAADAD,0301020Q0,Pack,VMPP,Tiotropium bromide 10microgram inhalation pdr caps with dev,33594511000001107,Tiotropium bromide
0301020Q0BCAAAD,0301020Q0,Presentation,AMP,Braltus 10microgram inhalation pdr caps with Zonda inhaler,33594911000001100,Tiotropium bromide
0301020Q0BCAAAD,0301020Q0,Pack,AMPP,Braltus 10microgram inhalation pdr caps with Zonda inhaler,33595011000001100,Tiotropium bromide
0301030S0AABJBJ,0301030S0,Presentation,VMP,Theophylline 75mg/5ml oral suspension,34378911000001102,Theophylline
0301030S0AABJBJ,0301030S0,Pack,VMPP,Theophylline 75mg/5ml oral suspension,34347511000001109,Theophylline
0301030S0AABJBJ,0301030S0,Presentation,AMP,Theophylline 75mg/5ml oral suspension,34347611000001108,Theophylline
0301030S0AABJBJ,0301030S0,Pack,AMPP,Theophylline 75mg/5ml oral suspension,34347711000001104,Theophylline
0301011R0AACBCB,0301011R0,Presentation,VMP,Salbutamol 100microg/dose dry pdr inhalation cart with dev,13566211000001103,Salbutamol
0301011R0AACBCB,0301011R0,Pack,VMPP,Salbutamol 100microg/dose dry pdr inhalation cart with dev,13513011000001104,Salbutamol
0301011R0BXAACB,0301011R0,Presentation,AMP,Salbulin Novolizer 100micrograms/dose inhalation powder,13533511000001104,Salbutamol
0301011R0BXAACB,0301011R0,Pack,AMPP,Salbulin Novolizer 100micrograms/dose inhalation powder,13533611000001100,Salbutamol
0301011R0AACCCC,0301011R0,Presentation,VMP,Salbutamol 100micrograms/dose dry pdr inhalation cartridge,13566111000001109,Salbutamol
0301011R0AACCCC,0301011R0,Pack,VMPP,Salbutamol 100micrograms/dose dry pdr inhalation cartridge,13533211000001102,Salbutamol
0301011R0BXABCC,0301011R0,Presentation,AMP,Salbulin Novolizer 100micrograms/dose inhalation pdr refill,13533711000001109,Salbutamol
0301011R0BXABCC,0301011R0,Pack,AMPP,Salbulin Novolizer 100micrograms/dose inhalation pdr refill,13533811000001101,Salbutamol
0301020I0BBAHAH,0301020I0,Presentation,AMP,Atrovent 40microgram Aerocaps with Aerohaler,3238911000001106,Ipratropium bromide
0301020I0BBAHAH,0301020I0,Pack,AMPP,Atrovent 40microgram Aerocaps with Aerohaler,3239311000001104,Ipratropium bromide
0302000K0AAAAAA,0302000K0,Presentation,VMP,Budesonide 50micrograms/dose inhaler,35912811000001103,Budesonide
0302000K0AAAAAA,0302000K0,Pack,VMPP,Budesonide 50micrograms/dose inhaler,3240611000001102,Budesonide
0302000K0BBAEAA,0302000K0,Presentation,AMP,Pulmicort LS 50micrograms/dose inhaler,3240911000001108,Budesonide
0302000K0BBAEAA,0302000K0,Pack,AMPP,Pulmicort LS 50micrograms/dose inhaler,3241111000001104,Budesonide
0301011E0AAABAB,0301011E0,Presentation,VMP,Formoterol 6micrograms/dose dry powder inhaler,39112911000001101,Formoterol fumarate
0301011E0AAABAB,0301011E0,Pack,VMPP,Formoterol 6micrograms/dose dry powder inhaler,3243011000001104,Formoterol fumarate
0301011E0BCAAAB,0301011E0,Presentation,AMP,Oxis 6 Turbohaler,3243511000001107,Formoterol fumarate
0301011E0BCAAAB,0301011E0,Pack,AMPP,Oxis 6 Turbohaler,3243911000001100,Formoterol fumarate
0301011E0AAACAC,0301011E0,Presentation,VMP,Formoterol 12micrograms/dose dry powder inhaler,39113011000001109,Formoterol fumarate
0301011E0AAACAC,0301011E0,Pack,VMPP,Formoterol 12micrograms/dose dry powder inhaler,3244611000001109,Formoterol fumarate
0301011E0AAACAC,0301011E0,Pack,VMPP,Formoterol 12micrograms/dose dry powder inhaler,11176311000001104,Formoterol fumarate
0301011E0BCABAC,0301011E0,Presentation,AMP,Oxis 12 Turbohaler,3245011000001103,Formoterol fumarate
0301011E0BCABAC,0301011E0,Pack,AMPP,Oxis 12 Turbohaler,3245311000001100,Formoterol fumarate
0301011E0BEAAAC,0301011E0,Presentation,AMP,Formoterol Easyhaler 12micrograms/dose dry powder inhaler,11176411000001106,Formoterol fumarate
0301030C0AAAEAE,0301030C0,Presentation,VMP,Aminophylline hydrate 225mg modified-release tablets,13663211000001104,Aminophylline hydrate
0301030C0AAAEAE,0301030C0,Pack,VMPP,Aminophylline hydrate 225mg modified-release tablets,3287111000001103,Aminophylline hydrate
0301030C0BCAAAE,0301030C0,Presentation,AMP,Phyllocontin Continus 225mg tablets,3287411000001108,Aminophylline hydrate
0301030C0BCAAAE,0301030C0,Pack,AMPP,Phyllocontin Continus 225mg tablets,3288411000001107,Aminophylline hydrate
0301030B0AAARAR,0301030B0,Presentation,VMP,Aminophylline 225mg modified-release tablets,35900411000001103,Aminophylline
0301030B0AAARAR,0301030B0,Pack,VMPP,Aminophylline 225mg modified-release tablets,3290611000001106,Aminophylline
0301030B0AAARAR,0301030B0,Pack,VMPP,Aminophylline 225mg modified-release tablets,3290711000001102,Aminophylline
0301030B0BDAAAR,0301030B0,Presentation,AMP,Amnivent-225 SR tablets,3291311000001106,Aminophylline
0301030B0BDAAAR,0301030B0,Pack,AMPP,Amnivent-225 SR tablets,3291611000001101,Aminophylline
0301030B0BFABAR,0301030B0,Presentation,AMP,Norphyllin SR 225mg tablets,3292211000001105,Aminophylline
0301030B0BFABAR,0301030B0,Pack,AMPP,Norphyllin SR 225mg tablets,3293211000001104,Aminophylline
0301030B0AAARAR,0301030B0,Presentation,AMP,Aminophylline 225mg modified-release tablets,10062711000001109,Aminophylline
0301030B0AAARAR,0301030B0,Pack,AMPP,Aminophylline 225mg modified-release tablets,10062811000001101,Aminophylline
0302000C0AAANULLN,0302000C0,Presentation,VMP,Salbutamol 100microg/dose / Beclometasone 50microg/dose inh,35936211000001105,Beclometasone dipropionate
0302000C0AAANULLN,0302000C0,Pack,VMPP,Salbutamol 100microg/dose / Beclometasone 50microg/dose inh,3292311000001102,Beclometasone dipropionate
0302000C0BDAAAN,0302000C0,Presentation,AMP,Ventide inhaler,3292811000001106,Beclometasone dipropionate
0302000C0BDAAAN,0302000C0,Pack,AMPP,Ventide inhaler,3293011000001109,Beclometasone dipropionate
0301011R0AAADAD,0301011R0,Presentation,VMP,Salbutamol 100micrograms/dose breath actuated inhaler,35936411000001109,Salbutamol
0301011R0AAADAD,0301011R0,Pack,VMPP,Salbutamol 100micrograms/dose breath actuated inhaler,3292711000001103,Salbutamol
0301011R0BKADAD,0301011R0,Presentation,AMP,Aerolin 100micrograms/dose Autohaler,3293111000001105,Salbutamol
0301011R0BKADAD,0301011R0,Pack,AMPP,Aerolin 100micrograms/dose Autohaler,3293411000001100,Salbutamol
0302000K0AAALAL,0302000K0,Presentation,VMP,Budesonide 100microg / Formoterol 6microg/dose dry pdr inh,35912011000001109,Budesonide
0302000K0AAALAL,0302000K0,Pack,VMPP,Budesonide 100microg / Formoterol 6microg/dose dry pdr inh,3294111000001107,Budesonide
0302000K0BDAAAL,0302000K0,Presentation,AMP,Symbicort 100/6 Turbohaler,3294211000001101,Budesonide
0302000K0BDAAAL,0302000K0,Pack,AMPP,Symbicort 100/6 Turbohaler,3294311000001109,Budesonide
0302000K0BIADAL,0302000K0,Presentation,AMP,Fobumix Easyhaler 80microg/dose / 4.5microg/dose dry pdr inh,34950611000001103,Budesonide
0302000K0BIADAL,0302000K0,Pack,AMPP,Fobumix Easyhaler 80microg/dose / 4.5microg/dose dry pdr inh,34950711000001107,Budesonide
0302000K0AAAMAM,0302000K0,Presentation,VMP,Budesonide 200mcg/dose / Formoterol 6mcg/dose dry powder inh,38896811000001103,Budesonide
0302000K0AAAMAM,0302000K0,Pack,VMPP,Budesonide 200mcg/dose / Formoterol 6mcg/dose dry powder inh,3294411000001102,Budesonide
0302000K0AAAMAM,0302000K0,Pack,VMPP,Budesonide 200mcg/dose / Formoterol 6mcg/dose dry powder inh,34950211000001100,Budesonide
0302000K0AAAMAM,0302000K0,Pack,VMPP,Budesonide 200mcg/dose / Formoterol 6mcg/dose dry powder inh,42007311000001100,Budesonide
0302000K0BDABAM,0302000K0,Presentation,AMP,Symbicort 200/6 Turbohaler,3294611000001104,Budesonide
0302000K0BDABAM,0302000K0,Pack,AMPP,Symbicort 200/6 Turbohaler,3294711000001108,Budesonide
0302000K0BHAAAM,0302000K0,Presentation,AMP,DuoResp Spiromax 160microg/dose / 4.5microg/dose dry pdr inh,25254111000001105,Budesonide
0302000K0BHAAAM,0302000K0,Pack,AMPP,DuoResp Spiromax 160microg/dose / 4.5microg/dose dry pdr inh,25254211000001104,Budesonide
0302000K0BIABAM,0302000K0,Presentation,AMP,Fobumix Easyhaler 160microg / 4.5microg/dose dry pdr inh,34950311000001108,Budesonide
0302000K0BIABAM,0302000K0,Pack,AMPP,Fobumix Easyhaler 160microg / 4.5microg/dose dry pdr inh,34950511000001102,Budesonide
0302000K0BIABAM,0302000K0,Pack,AMPP,Fobumix Easyhaler 160microg / 4.5microg/dose dry pdr inh,34950411000001101,Budesonide
0302000K0BJAAAM,0302000K0,Presentation,AMP,WockAIR 160micrograms/dose / 4.5micrograms/dose dry pdr inh,40106011000001102,Budesonide
0302000K0BJAAAM,0302000K0,Pack,AMPP,WockAIR 160micrograms/dose / 4.5micrograms/dose dry pdr inh,40106111000001101,Budesonide
0302000K0BKAAAM,0302000K0,Presentation,AMP,GoResp Digihaler 160microg/dose / 4.5microg/dose dry pdr inh,42007211000001108,Budesonide
0302000K0BKAAAM,0302000K0,Pack,AMPP,GoResp Digihaler 160microg/dose / 4.5microg/dose dry pdr inh,42007411000001107,Budesonide
0301030S0AABKBK,0301030S0,Presentation,VMP,Theophylline 50mg/5ml oral solution,24595311000001101,Theophylline
0301030S0AABKBK,0301030S0,Pack,VMPP,Theophylline 50mg/5ml oral solution,24588111000001107,Theophylline
0301030S0AABKBK,0301030S0,Pack,VMPP,Theophylline 50mg/5ml oral solution,35049711000001101,Theophylline
0301030S0AABKBK,0301030S0,Presentation,AMP,Theophylline 50mg/5ml oral solution,24588211000001101,Theophylline
0302000Y0AAAAAA,0302000Y0,Presentation,VMP,Generic Trixeo Aerosphere 5microg/7.2microg/160microg/dose,39343511000001103,Formoterol/glycopyrronium/budesonide
0302000Y0AAAAAA,0302000Y0,Pack,VMPP,Generic Trixeo Aerosphere 5microg/7.2microg/160microg/dose,39327211000001107,Formoterol/glycopyrronium/budesonide
0302000Y0BBAAAA,0302000Y0,Presentation,AMP,Trixeo Aerosphere 5microg / 7.2microg / 160microg/dose inh,39327311000001104,Formoterol/glycopyrronium/budesonide
0302000Y0BBAAAA,0302000Y0,Pack,AMPP,Trixeo Aerosphere 5microg / 7.2microg / 160microg/dose inh,39327411000001106,Formoterol/glycopyrronium/budesonide
0301011V0AABABA,0301011V0,Presentation,VMP,Terbutaline 7.5mg/15ml inf pre-filled syringes,28279711000001100,Terbutaline sulphate
0301011V0AABABA,0301011V0,Pack,VMPP,Terbutaline 7.5mg/15ml inf pre-filled syringes,28193911000001107,Terbutaline sulphate
0301011V0AABABA,0301011V0,Presentation,AMP,Terbutaline 7.5mg/15ml inf pre-filled syringes,28194211000001100,Terbutaline sulphate
0301011V0AABABA,0301011V0,Pack,AMPP,Terbutaline 7.5mg/15ml inf pre-filled syringes,28194411000001101,Terbutaline sulphate
