year,acorn_LSOA2011,rni,rni_N,rni_sa1,rni_sa1_N,rni_sa2,rni_sa2_N,rni_health_vuln,rni_health,rni_big_pc,rni_big_sa1_pc,rni_big_sa2_pc,lowEPC_pc,poverty_pc,eligibility_pc,eligibility_sa1_pc,eligibility_sa2_pc,imd_dec,imd_inc_score
2025,E01006412,0.486659029238311,609,0.134681198523311,609,0.360132252396658,506,1.01614683852897,1.00623190102073,0.0213464696223317,0.0410509031198686,0.0237154150197628,0.077175697865353,0.494252873563218,0.0426929392446634,0.077175697865353,0.0395256916996047,1,0.466
2025,E01006413,3.0484781239726,769,0.986874317169098,769,2.42537442252235,737,0.978613181196537,1.00336081879579,0.081924577373212,0.218465539661899,0.0841248303934871,0.58257477243173,0.444733420026008,0.275682704811443,0.58257477243173,0.279511533242877,1,0.462
2025,E01006414,0.468992196197505,564,0.258750583028875,564,0.45100892880899,420,1.01397130605392,1.00884001663812,0.0212765957446809,0.0815602836879433,0.0261904761904762,0.147163120567376,0.336879432624114,0.0407801418439716,0.147163120567376,0.05,1,0.335
2025,E01006415,0.785803200921041,740,0.493604775657549,740,0.663030352845848,567,1.00469799641397,1.00236724473578,0.0445945945945946,0.168918918918919,0.0511463844797178,0.277027027027027,0.256756756756757,0.0662162162162162,0.277027027027027,0.0705467372134039,2,0.247
2025,E01006416,0.945251822516385,616,0.441782767545304,616,0.875648485409035,462,1.00573761219604,1.00514360660967,0.0454545454545455,0.155844155844156,0.0562770562770563,0.248376623376623,0.36525974025974,0.0811688311688312,0.248376623376623,0.0952380952380952,1,0.376
2025,E01006417,1.15707544107385,505,0.505915750006679,505,1.10677750323825,380,1.01633829292687,1.0029352896375,0.0574257425742574,0.164356435643564,0.068421052631579,0.283168316831683,0.4,0.099009900990099,0.283168316831683,0.121052631578947,1,0.418
2025,E01006418,1.36013615963616,488,0.639241744757315,488,1.26638557199905,298,1.01181743913295,1.0069461851054,0.0614754098360656,0.225409836065574,0.0805369127516778,0.35655737704918,0.344262295081967,0.116803278688525,0.35655737704918,0.13758389261745,1,0.345
2025,E01006419,0.466735184613059,537,0.997338255375066,537,0.661273353783789,260,0.990933087494896,0.997193111534612,0.0279329608938548,0.312849162011173,0.0576923076923077,0.571694599627561,0.0707635009310987,0.0391061452513967,0.571694599627561,0.0692307692307692,5,0.074
2025,E01006420,0.279633954836184,899,0.756990182790081,899,0.243151686057902,590,0.996021244532254,0.995858610050725,0.017797552836485,0.244716351501669,0.0220338983050847,0.432703003337041,0.0723025583982203,0.0233592880978865,0.432703003337041,0.0254237288135593,6,0.07
2025,E01006421,0.399974185603741,393,1.11097864677561,393,0.468231399127567,184,1.00101599517077,0.995086355817904,0.0279898218829517,0.356234096692112,0.0434782608695652,0.636132315521629,0.0559796437659033,0.0330788804071247,0.636132315521629,0.0489130434782609,7,0.058
2025,E01006422,0.857950736019368,491,0.921135422169817,491,0.928149126941453,229,1.02058726101741,1.00218949612999,0.044806517311609,0.34826883910387,0.0655021834061135,0.515274949083503,0.126272912423625,0.0733197556008147,0.515274949083503,0.100436681222707,5,0.105
2025,E01006423,0.318048177707409,472,0.86698937492142,472,0.396293727512654,207,1.00278806185145,0.998591985852774,0.0148305084745763,0.281779661016949,0.0241545893719807,0.495762711864407,0.0550847457627119,0.0275423728813559,0.495762711864407,0.0434782608695652,6,0.054
2025,E01006424,0.378627716782873,687,1.09595739183128,687,0.420037918081939,320,1.00349449289637,0.99954074092571,0.0218340611353712,0.365356622998544,0.0375,0.622998544395924,0.0625909752547307,0.0320232896652111,0.622998544395924,0.04375,6,0.065
2025,E01006425,0.695531736295037,474,0.760889889552799,474,0.660072461989958,286,0.996385745838771,0.999918996886415,0.0379746835443038,0.225738396624473,0.0524475524475525,0.438818565400844,0.166666666666667,0.0590717299578059,0.438818565400844,0.0699300699300699,3,0.163
2025,E01006426,1.27481930553795,547,0.532657968859667,547,1.04245999885725,415,1.01127681871913,1.00407800089507,0.0639853747714808,0.170018281535649,0.072289156626506,0.303473491773309,0.360146252285192,0.109689213893967,0.303473491773309,0.113253012048193,1,0.367
2025,E01006427,1.16410982385735,540,1.23659913357342,540,1.33431364369858,255,1.01557804254975,1.00009993182302,0.0777777777777778,0.464814814814815,0.133333333333333,0.692592592592593,0.127777777777778,0.0962962962962963,0.692592592592593,0.137254901960784,5,0.123
2025,E01006428,1.46874365203229,577,0.699857142212117,577,1.17946648222444,405,1.00557675601551,1.00457917806447,0.0779896013864818,0.21317157712305,0.091358024691358,0.400346620450607,0.294627383015598,0.124783362218371,0.400346620450607,0.125925925925926,2,0.277
2025,E01006429,1.43018251371872,408,0.700815036733581,408,1.23165913093725,315,1.00594418400375,1.00523870654065,0.0588235294117647,0.213235294117647,0.0666666666666667,0.399509803921569,0.379901960784314,0.125,0.399509803921569,0.136507936507937,1,0.373
2025,E01006430,0.840200406661175,596,0.390064032781899,596,0.713753287681222,446,1.01437365162093,1.00633149751985,0.0469798657718121,0.13758389261745,0.0515695067264574,0.216442953020134,0.380872483221477,0.0704697986577181,0.216442953020134,0.0762331838565022,1,0.364
2025,E01006431,1.03107419657743,695,0.811623877881196,695,0.995714564622324,475,1.0051283197438,0.999079109470198,0.0575539568345324,0.279136690647482,0.0736842105263158,0.460431654676259,0.17841726618705,0.0877697841726619,0.460431654676259,0.107368421052632,3,0.18
2025,E01006432,1.50995034079954,586,0.655961195529743,586,1.37881786123026,433,0.998239532808904,1.00473727881957,0.0750853242320819,0.220136518771331,0.092378752886836,0.370307167235495,0.351535836177474,0.129692832764505,0.370307167235495,0.150115473441109,1,0.339
2025,E01006433,1.04058522721976,607,0.727343480165993,607,1.05760649419994,391,1.0018629017872,1.0026654039352,0.0543657331136738,0.227347611202636,0.0716112531969309,0.415156507413509,0.199341021416804,0.0889621087314662,0.415156507413509,0.115089514066496,3,0.191
2025,E01006434,1.07317015267302,619,0.50732297393104,619,0.886037864698281,451,0.995057034026575,1.00393139213517,0.0468497576736672,0.15670436187399,0.0554323725055432,0.290791599353796,0.363489499192246,0.0936995153473344,0.290791599353796,0.0975609756097561,1,0.361
2025,E01006435,1.15678209794176,597,0.562706018699344,597,1.08410185149207,393,1.01963870655655,1.00544182117961,0.0603015075376884,0.207705192629816,0.0788804071246819,0.311557788944724,0.365159128978224,0.0988274706867672,0.311557788944724,0.11704834605598,1,0.37
2025,E01006436,0.949644126559893,568,0.427330531130905,568,0.940228566789268,413,1.00033696920948,1.00654717460709,0.0492957746478873,0.15669014084507,0.0653753026634383,0.23943661971831,0.371478873239437,0.0809859154929578,0.23943661971831,0.101694915254237,1,0.384
2025,E01006437,1.03970940716241,590,0.44529338620368,590,0.854489825907839,435,1.00756502673453,1.00592570868008,0.0508474576271187,0.133898305084746,0.0528735632183908,0.254237288135593,0.333898305084746,0.0898305084745763,0.254237288135593,0.0942528735632184,1,0.326
2025,E01006438,0.611799572395372,425,1.17918098941869,425,0.616074416093336,255,1.0203608598071,0.998388477227226,0.0352941176470588,0.44,0.0431372549019608,0.661176470588235,0.0988235294117647,0.0517647058823529,0.661176470588235,0.0666666666666667,5,0.099
2025,E01006439,1.21464374944914,671,0.885324512673397,671,1.07504124596965,424,1.00169762018035,1.00153443559897,0.0655737704918033,0.29806259314456,0.0754716981132076,0.503725782414307,0.230998509687034,0.102831594634873,0.503725782414307,0.115566037735849,2,0.22
2025,E01006440,1.71383241534241,553,0.573719615327616,553,1.57504840876141,416,1.00217994608908,1.00351241073131,0.0867992766726944,0.184448462929476,0.105769230769231,0.325497287522604,0.432188065099458,0.146473779385172,0.325497287522604,0.170673076923077,1,0.422
2025,E01006441,0.595195577326379,1163,0.467576782090108,1163,0.521272264974159,853,0.995947982870429,1.00055137607418,0.0275150472914875,0.139294926913156,0.0316529894490035,0.268271711092003,0.219260533104041,0.0515907136715391,0.268271711092003,0.0574443141852286,2,0.227
2025,E01006442,0.958817681732786,608,0.366378392458473,608,0.835281010582411,506,1.00651554339111,1.00507011674894,0.0476973684210526,0.111842105263158,0.0553359683794466,0.210526315789474,0.394736842105263,0.0822368421052632,0.210526315789474,0.0909090909090909,1,0.394
2025,E01006443,1.52914436258325,645,0.522841201464077,645,1.33936187174763,485,1.01145358244721,1.00759313279425,0.0744186046511628,0.168992248062016,0.0865979381443299,0.297674418604651,0.429457364341085,0.131782945736434,0.297674418604651,0.14639175257732,1,0.433
2025,E01006444,1.52296618527098,473,0.551396145593614,473,1.31484723008115,396,1.01260902608987,1.00536430535563,0.0845665961945032,0.200845665961945,0.095959595959596,0.308668076109937,0.416490486257928,0.128964059196617,0.308668076109937,0.141414141414141,1,0.412
2025,E01006445,1.4622467278438,493,0.560365511917541,493,1.19752456425567,384,1.0103911631752,1.00550508275364,0.0730223123732252,0.182555780933063,0.0833333333333333,0.316430020283976,0.397565922920893,0.125760649087221,0.316430020283976,0.130208333333333,1,0.406
2025,E01006446,1.82374720794074,575,0.697503566071906,575,1.55473254589,464,1.00496037159486,1.00270025254902,0.0817391304347826,0.234782608695652,0.0905172413793103,0.396521739130435,0.422608695652174,0.158260869565217,0.396521739130435,0.172413793103448,1,0.408
2025,E01006447,1.74821917579867,511,0.678012619446905,511,1.25536137487096,458,0.986815871144844,1.00363631648341,0.0645792563600783,0.185909980430528,0.0589519650655022,0.39334637964775,0.405088062622309,0.154598825831703,0.39334637964775,0.141921397379913,1,0.415
2025,E01006448,1.54077646763821,763,0.516425838372061,763,1.25422682328867,637,1.01621944575392,1.00591235808002,0.0747051114023591,0.171690694626474,0.0816326530612245,0.290956749672346,0.529488859764089,0.132372214941022,0.290956749672346,0.136577708006279,1,0.519
2025,E01006449,0.994952464751731,595,0.732669158076636,595,0.98261604948121,400,1.00811878189354,1.004420793503,0.0638655462184874,0.250420168067227,0.0875,0.41344537815126,0.191596638655462,0.0823529411764706,0.41344537815126,0.1025,2,0.2
2025,E01006450,1.13885220648905,702,0.445782933947776,702,1.04205045805639,553,1.0111064574013,1.0017097341638,0.0598290598290598,0.13960113960114,0.0741410488245931,0.254985754985755,0.343304843304843,0.0968660968660969,0.254985754985755,0.112115732368897,1,0.35
2025,E01006451,2.19744241653018,501,1.25809733167284,501,2.09910700084874,298,1.01465647062244,1.00267162087483,0.12375249500998,0.445109780439122,0.171140939597315,0.708582834331337,0.249500998003992,0.18562874251497,0.708582834331337,0.221476510067114,2,0.259
2025,E01006452,1.97565957385041,549,1.3090242827618,549,1.90153620212019,343,1.00343486901183,0.999423965218276,0.116575591985428,0.448087431693989,0.154518950437318,0.743169398907104,0.238615664845173,0.165755919854281,0.743169398907104,0.201166180758018,2,0.228
2025,E01006453,1.28525674993342,476,0.455849979440722,476,1.07078352752239,385,1.00211514518109,1.00473061578818,0.0609243697478992,0.142857142857143,0.0727272727272727,0.260504201680672,0.430672268907563,0.111344537815126,0.260504201680672,0.116883116883117,1,0.421
2025,E01006454,0.497093933297464,608,0.667473958122149,608,0.584099902358935,375,1.02061896899262,1.00215446169328,0.0345394736842105,0.263157894736842,0.0533333333333333,0.370065789473684,0.136513157894737,0.0411184210526316,0.370065789473684,0.0613333333333333,4,0.143
2025,E01006455,1.28819539577595,696,0.504289698873775,696,1.09939959961983,505,1.00886349913034,1.0046441220455,0.0704022988505747,0.179597701149425,0.0871287128712871,0.281609195402299,0.419540229885057,0.109195402298851,0.281609195402299,0.116831683168317,1,0.431
2025,E01006456,1.41868901871955,600,1.01759647289394,600,1.28350886481858,349,1.00896422520571,1.00228699511297,0.0816666666666667,0.345,0.100286532951289,0.575,0.193333333333333,0.12,0.575,0.137535816618911,2,0.19
2025,E01006457,1.0790264607008,481,0.990143231911912,481,1.41351413743301,236,1.02514331484402,1.00111024504423,0.0727650727650728,0.382536382536383,0.127118644067797,0.553014553014553,0.151767151767152,0.0893970893970894,0.553014553014553,0.148305084745763,4,0.14
2025,E01006458,1.06835848416135,587,0.599471915561425,587,1.01526256383907,391,1.01520521253631,1.00446693122051,0.0579216354344123,0.221465076660988,0.0792838874680307,0.333901192504259,0.281090289608177,0.0902896081771721,0.333901192504259,0.107416879795396,1,0.298
2025,E01006459,1.02206011627747,663,1.06624272134976,663,1.05680773869355,398,0.994148420058231,1.00041560667666,0.0588235294117647,0.346907993966818,0.0804020100502513,0.607843137254902,0.153846153846154,0.085972850678733,0.607843137254902,0.113065326633166,3,0.156
2025,E01006460,1.59794548048296,563,0.605549543817395,563,1.44416370603315,460,1.01026843092287,1.00770503007229,0.0799289520426288,0.202486678507993,0.0978260869565217,0.339253996447602,0.410301953818828,0.136767317939609,0.339253996447602,0.156521739130435,1,0.427
2025,E01006461,1.04071189648017,551,0.546192626885061,551,1.00192805761267,416,1.00192325523733,1.00742745544354,0.0598911070780399,0.176043557168784,0.0793269230769231,0.310344827586207,0.301270417422868,0.0871143375680581,0.310344827586207,0.105769230769231,1,0.317
2025,E01006462,0.783079072076592,627,0.887426528242818,627,0.936469816660626,364,0.996339142631977,1.00042637061425,0.0494417862838915,0.290271132376396,0.0796703296703297,0.507177033492823,0.12280701754386,0.0653907496012759,0.507177033492823,0.0989010989010989,5,0.116
2025,E01006463,0.818522845263958,1021,0.513686640018226,1021,0.707032085951937,823,0.972426185726308,0.99991347925486,0.0372184133202742,0.131243878550441,0.0437424058323208,0.299706170421156,0.267384916748286,0.0705190989226249,0.299706170421156,0.0777642770352369,1,0.258
2025,E01006464,0.429936557913182,1161,0.384942597818539,1161,0.388394451612039,892,1.00242501553076,0.99973753680596,0.024978466838932,0.127476313522825,0.0302690582959641,0.217915590008613,0.180878552971576,0.0361757105943152,0.217915590008613,0.0414798206278027,2,0.184
2025,E01006465,0.673889274362593,549,0.94441629248326,549,0.710779748065849,287,1.00484910292023,1.00189458289132,0.0418943533697632,0.31511839708561,0.0696864111498258,0.537340619307832,0.100182149362477,0.0564663023679417,0.537340619307832,0.0731707317073171,5,0.096
2025,E01006466,1.31642786223413,690,1.05147722164717,690,1.4197950653681,446,0.997329702772624,1.00205500047977,0.072463768115942,0.301449275362319,0.105381165919283,0.607246376811594,0.153623188405797,0.111594202898551,0.607246376811594,0.152466367713004,3,0.17
2025,E01006467,1.20381882821975,511,0.398543093652672,511,0.964222402538554,439,1.00950027632505,1.00739521433063,0.0567514677103718,0.123287671232877,0.0637813211845103,0.225048923679061,0.440313111545988,0.103718199608611,0.225048923679061,0.104783599088838,1,0.427
2025,E01006470,1.38464510929957,554,0.551430068822874,554,1.24107728587042,413,1.01157763395958,1.00811869573649,0.0631768953068592,0.169675090252708,0.0750605326876513,0.312274368231047,0.375451263537906,0.11913357400722,0.312274368231047,0.135593220338983,1,0.392
2025,E01006471,0.662085306180081,552,1.42605475759257,552,0.969335309355215,258,1.01536328000062,0.999588714713688,0.0434782608695652,0.523550724637681,0.0852713178294574,0.798913043478261,0.0615942028985507,0.0543478260869565,0.798913043478261,0.10077519379845,7,0.061
2025,E01006472,0.642843832704071,555,1.23621776411102,555,0.881270260102069,256,1.0102679387363,0.998343732033154,0.0450450450450451,0.452252252252252,0.0859375,0.695495495495496,0.0702702702702703,0.0522522522522523,0.695495495495496,0.08984375,5,0.074
2025,E01006473,0.328114268651339,659,0.580897208401774,659,0.379482752668587,425,1.008197110047,0.995395836219345,0.0212443095599393,0.213960546282246,0.0329411764705882,0.327769347496206,0.0561456752655539,0.0273141122913505,0.327769347496206,0.04,5,0.064
2025,E01006474,0.531684890806207,681,0.846427504416279,681,0.462499487108552,422,1.01534871435958,1.00142195591154,0.0279001468428781,0.302496328928047,0.0355450236966825,0.474302496328928,0.118942731277533,0.0455212922173275,0.474302496328928,0.0497630331753555,4,0.115
2025,E01006475,0.929147170338264,515,1.13975251699303,515,1.24176909237558,238,1.02598583569873,1.00585893608847,0.0601941747572816,0.43495145631068,0.113445378151261,0.631067961165049,0.124271844660194,0.0776699029126214,0.631067961165049,0.130252100840336,5,0.122
2025,E01006476,0.36730538922638,524,0.842321265638768,524,0.587826842695074,243,1.01029553666696,0.997961137404135,0.0229007633587786,0.305343511450382,0.0493827160493827,0.475190839694657,0.0610687022900763,0.0305343511450382,0.475190839694657,0.0617283950617284,8,0.06
2025,E01006477,0.788798112774471,580,0.579498464981266,580,0.751098473358816,385,0.991283958329292,0.999881929806011,0.0448275862068966,0.168965517241379,0.0597402597402597,0.336206896551724,0.26551724137931,0.0672413793103448,0.336206896551724,0.0805194805194805,2,0.274
2025,E01006478,0.870179483125715,695,0.446401408196299,695,0.742018614496336,522,1.01113944721623,1.00654029152874,0.0359712230215827,0.138129496402878,0.0421455938697318,0.251798561151079,0.362589928057554,0.0762589928057554,0.251798561151079,0.0823754789272031,1,0.363
2025,E01006479,1.41599593115741,547,0.859992305710042,547,1.23468757145172,348,1.01822163227926,1.00382628728619,0.0822669104204753,0.308957952468007,0.0919540229885057,0.480804387568556,0.255941499085923,0.118829981718464,0.480804387568556,0.132183908045977,2,0.266
2025,E01006480,1.43782316029867,585,0.465948892037865,585,1.19956645859201,460,1.01286849448908,1.00524060345532,0.0735042735042735,0.152136752136752,0.0826086956521739,0.263247863247863,0.408547008547009,0.123076923076923,0.263247863247863,0.130434782608696,1,0.413
2025,E01006481,1.47521481690855,531,0.795800579797711,531,1.2878293021201,377,0.994095424613493,1.00357624697192,0.0753295668549906,0.256120527306968,0.0822281167108753,0.451977401129944,0.286252354048964,0.126177024482109,0.451977401129944,0.140583554376658,1,0.286
2025,E01006482,1.53330471855236,510,0.896304280456951,510,1.48565508686918,315,1.00633075017427,1.00182625579252,0.0862745098039216,0.305882352941177,0.114285714285714,0.505882352941176,0.243137254901961,0.129411764705882,0.505882352941176,0.158730158730159,2,0.239
2025,E01006483,1.31857971357959,562,0.610504990301004,562,1.12430374881039,396,1.00083273523312,1.00218433460293,0.0551601423487545,0.177935943060498,0.0707070707070707,0.350533807829182,0.336298932384342,0.115658362989324,0.350533807829182,0.123737373737374,1,0.314
2025,E01006484,2.04166824933018,498,1.00874456299611,498,2.07629129925215,329,1.01285583107672,1.00506469792758,0.106425702811245,0.349397590361446,0.145896656534954,0.568273092369478,0.299196787148594,0.174698795180723,0.568273092369478,0.224924012158055,1,0.297
2025,E01006485,0.971613212109455,647,0.989367676806964,647,1.02111824958684,397,1.0027126290877,0.997459658009733,0.0571870170015456,0.319938176197836,0.0856423173803526,0.565687789799073,0.145285935085008,0.0819165378670788,0.565687789799073,0.10831234256927,4,0.143
2025,E01006486,1.12206705763334,437,1.65164254222013,437,1.44546697190701,218,1.01611191960738,0.999893230596188,0.0709382151029748,0.606407322654462,0.128440366972477,0.924485125858124,0.102974828375286,0.0938215102974828,0.924485125858124,0.151376146788991,4,0.112
2025,E01006487,1.09194960035935,548,1.58444069933766,548,1.50580856695476,248,1.01556152137965,0.999387064148278,0.0693430656934307,0.591240875912409,0.137096774193548,0.886861313868613,0.109489051094891,0.0912408759124088,0.886861313868613,0.157258064516129,5,0.098
2025,E01006488,0.390766333042097,801,0.906123658899268,801,0.42623019320844,492,1.01318950084888,0.997928103776073,0.0262172284644195,0.325842696629214,0.0386178861788618,0.506866416978777,0.0649188514357054,0.0324594257178527,0.506866416978777,0.0447154471544715,5,0.076
2025,E01006489,1.08896164588966,507,1.38139568396434,507,1.29687989669454,285,1.00283036690495,1.00083854756643,0.0729783037475345,0.443786982248521,0.115789473684211,0.788954635108481,0.108481262327416,0.0907297830374753,0.788954635108481,0.136842105263158,4,0.111
2025,E01006490,0.471400445052359,938,0.691548982180015,938,0.381024542729723,569,0.990479191688649,0.997482107884642,0.0287846481876333,0.207889125799574,0.0316344463971881,0.398720682302772,0.103411513859275,0.0394456289978678,0.398720682302772,0.0404217926186292,5,0.09
2025,E01006491,0.55740425583413,697,0.883728515843884,697,0.453795963448471,449,0.990760213530391,0.99861156034046,0.03012912482066,0.253945480631277,0.0311804008908686,0.507890961262554,0.0989956958393113,0.0473457675753228,0.507890961262554,0.0489977728285078,5,0.1
2025,E01006492,1.01320432712861,485,0.717329325229811,485,1.05281994813501,288,1.02421401757794,1.0050494839508,0.0639175257731959,0.261855670103093,0.0902777777777778,0.4,0.214432989690722,0.0845360824742268,0.4,0.111111111111111,2,0.21
2025,E01006493,0.876023600711332,618,0.279190437932777,618,0.737114272080278,528,1.0155700927381,1.00639087655683,0.0436893203883495,0.106796116504854,0.0492424242424242,0.153721682847896,0.566343042071198,0.0744336569579288,0.153721682847896,0.0795454545454545,1,0.559
2025,E01006494,1.60221130080533,677,0.459918210588395,677,1.28747620503741,592,1.01715261458416,1.00303258617365,0.0738552437223043,0.161004431314623,0.0777027027027027,0.257016248153619,0.574593796159527,0.137370753323486,0.257016248153619,0.140202702702703,1,0.536
2025,E01006495,0.303769137905678,864,0.238435848701908,864,0.20932926614142,696,1.01012402410573,1.003676194809,0.0127314814814815,0.0763888888888889,0.0129310344827586,0.134259259259259,0.322916666666667,0.0266203703703704,0.134259259259259,0.0229885057471264,1,0.322
2025,E01006496,1.17177983724094,541,0.876963719382444,541,1.23410925262347,333,1.00894190617721,1.00603157980707,0.0646950092421442,0.282809611829945,0.0960960960960961,0.497227356746765,0.186691312384473,0.099815157116451,0.497227356746765,0.132132132132132,2,0.194
2025,E01006497,0.752673776555259,428,0.866141018650461,428,0.814115120869805,256,1.01013464776847,1.00634110744006,0.0467289719626168,0.289719626168224,0.0703125,0.485981308411215,0.144859813084112,0.0630841121495327,0.485981308411215,0.0859375,3,0.159
2025,E01006498,0.26409462106641,528,0.912109353258772,528,0.307365910415883,277,0.990689008417738,0.999005981652517,0.0132575757575758,0.287878787878788,0.0252707581227437,0.522727272727273,0.053030303030303,0.0227272727272727,0.522727272727273,0.0324909747292419,7,0.057
2025,E01006499,0.474307707085682,709,0.877720528614123,709,0.52185446516282,455,0.992404642387759,0.998334958514015,0.0225669957686883,0.269393511988717,0.032967032967033,0.503526093088858,0.107193229901269,0.0409026798307475,0.503526093088858,0.0571428571428571,5,0.095
2025,E01006500,1.01278373077874,423,0.61788942412035,423,1.0801930651482,302,1.01970222167775,1.00637335479783,0.0591016548463357,0.219858156028369,0.0794701986754967,0.347517730496454,0.267139479905437,0.0851063829787234,0.347517730496454,0.115894039735099,1,0.288
2025,E01006501,0.923684435974527,469,0.928437893874988,469,0.948212921464048,299,0.991920354825494,1.00210899985094,0.0575692963752665,0.292110874200426,0.0769230769230769,0.533049040511727,0.151385927505331,0.0767590618336887,0.533049040511727,0.100334448160535,4,0.134
2025,E01006502,1.070068983689,696,1.26108281889515,696,1.29404885559951,336,1.00629050873235,0.999701446558214,0.0603448275862069,0.443965517241379,0.104166666666667,0.711206896551724,0.126436781609195,0.0905172413793103,0.711206896551724,0.136904761904762,4,0.11
2025,E01006503,0.551694084653169,477,1.27177237198479,477,0.766511435763068,232,1.01539395340986,1.00150568765729,0.0335429769392034,0.450733752620545,0.0603448275862069,0.714884696016772,0.0607966457023061,0.0461215932914046,0.714884696016772,0.0818965517241379,6,0.064
2025,E01006504,0.809809592311048,445,0.479592117838978,445,0.738701565490867,316,0.998125755062442,1.00395456181892,0.0404494382022472,0.146067415730337,0.0569620253164557,0.274157303370787,0.337078651685393,0.0696629213483146,0.274157303370787,0.0791139240506329,1,0.347
2025,E01006505,1.15453016485781,606,0.542754446615318,606,1.05736826761358,462,1.00669663352331,1.00575332513966,0.0577557755775578,0.181518151815182,0.0714285714285714,0.305280528052805,0.311881188118812,0.099009900990099,0.305280528052805,0.114718614718615,1,0.308
2025,E01006506,1.20226497531945,505,0.821044757096803,505,1.18697543376437,312,0.992168795009577,0.998937409749879,0.0554455445544555,0.255445544554455,0.0737179487179487,0.471287128712871,0.205940594059406,0.104950495049505,0.471287128712871,0.131410256410256,1,0.215
2025,E01006507,1.20341932670685,597,0.475915406005414,597,1.05174373196873,412,1.00170709671504,1.00504811451337,0.0569514237855946,0.14572864321608,0.0703883495145631,0.273031825795645,0.391959798994975,0.103852596314908,0.273031825795645,0.114077669902913,1,0.394
2025,E01006508,1.00946084183864,523,0.891267022120841,523,1.03673000086578,331,0.994861590321096,1.00048843165216,0.0592734225621415,0.267686424474187,0.0845921450151058,0.510516252390057,0.179732313575526,0.0841300191204589,0.510516252390057,0.108761329305136,2,0.207
2025,E01006509,0.738834389211583,826,0.330659374044956,826,0.683913408949389,633,1.00530336393286,1.00297064619037,0.0326876513317191,0.0956416464891041,0.037914691943128,0.190072639225182,0.391041162227603,0.0641646489104116,0.190072639225182,0.0758293838862559,1,0.381
2025,E01006510,1.18710665351807,509,1.01712468095445,509,1.33701383878268,270,1.00952097727312,1.00005671728063,0.0667976424361493,0.359528487229863,0.111111111111111,0.573673870333988,0.161100196463654,0.100196463654224,0.573673870333988,0.140740740740741,2,0.17
2025,E01006512,0.380203244751434,758,0.877070864301084,758,0.429667897192868,450,0.932153091854276,0.988381275759012,0.0184696569920844,0.138522427440633,0.0311111111111111,0.534300791556728,0.0606860158311346,0.0329815303430079,0.534300791556728,0.0466666666666667,5,0.066
2025,E01006513,0.117864060751821,1475,0.632969726879571,1475,0.148107894937555,757,0.899444384096929,0.98621910769851,0.00271186440677966,0.0298305084745763,0.00528401585204756,0.402033898305085,0.0305084745762712,0.0108474576271186,0.402033898305085,0.0171730515191546,4,0.026
2025,E01006514,1.4405705536172,908,0.803758536030187,908,1.38470811509372,432,0.928789062445318,0.992565638130794,0.026431718061674,0.112334801762115,0.0486111111111111,0.491189427312775,0.256607929515419,0.133259911894273,0.491189427312775,0.159722222222222,2,0.264
2025,E01006515,0.650584038225453,1103,0.241165810862049,1103,0.519671578920897,929,0.940259764103805,0.994222970626232,0.0271985494106981,0.0543970988213962,0.0279870828848224,0.14324569356301,0.333635539437897,0.057116953762466,0.14324569356301,0.0581270182992465,1,0.343
2025,E01006518,2.49697516766739,713,0.902387808702414,713,2.32257597938964,505,1.00404115716158,1.00645355282317,0.115007012622721,0.283309957924264,0.140594059405941,0.513323983169706,0.38288920056101,0.215988779803647,0.513323983169706,0.255445544554455,1,0.396
2025,E01006519,0.458816360747835,466,1.59757376119316,466,0.633191771667412,224,1.01256248436033,0.998242530849773,0.0278969957081545,0.592274678111588,0.0535714285714286,0.896995708154507,0.0407725321888412,0.0386266094420601,0.896995708154507,0.0669642857142857,8,0.041
2025,E01006520,1.36349181988919,849,0.866046946132974,849,1.08303887325164,663,0.943611040087352,0.995916352894663,0.0365135453474676,0.130742049469965,0.0377073906485671,0.527679623085984,0.217903415783274,0.123674911660777,0.527679623085984,0.125188536953243,2,0.223
2025,E01006521,0.729122399885001,675,0.62765601614518,675,0.676805719198853,496,0.990647832509939,0.99884619647396,0.0325925925925926,0.16,0.0423387096774194,0.367407407407407,0.14962962962963,0.0637037037037037,0.367407407407407,0.0745967741935484,3,0.154
2025,E01006522,1.77990247350359,779,1.03161729870944,779,1.49604852553293,567,0.937374454861711,0.996447282207964,0.0539152759948652,0.166880616174583,0.0617283950617284,0.62387676508344,0.23620025673941,0.160462130937099,0.62387676508344,0.171075837742504,2,0.221
2025,E01006523,1.7434591747293,652,0.94878525919056,652,1.53326895210591,457,0.96277626524361,0.996057127667727,0.0690184049079755,0.225460122699387,0.0853391684901532,0.559815950920245,0.256134969325153,0.153374233128834,0.559815950920245,0.170678336980306,2,0.236
2025,E01006524,0.163169585484823,545,0.61898491514164,545,0.112602821880757,401,1.00402440088412,0.998079423082527,0.0055045871559633,0.201834862385321,0.00748129675810474,0.352293577981651,0.0495412844036697,0.0146788990825688,0.352293577981651,0.0124688279301746,9,0.044
2025,E01006525,0.581475969757508,425,1.51118019479938,425,0.734289020188183,217,1.01245785413357,0.997499836493134,0.0329411764705882,0.56,0.0599078341013825,0.849411764705882,0.0494117647058824,0.0494117647058824,0.849411764705882,0.0783410138248848,8,0.052
2025,E01006526,0.908627806717025,561,1.05053118478319,561,0.919028767598028,346,0.998141193475274,0.999356552284615,0.0606060606060606,0.340463458110517,0.0838150289017341,0.597147950089127,0.103386809269162,0.0748663101604278,0.597147950089127,0.0953757225433526,4,0.111
2025,E01006527,0.98818702042069,546,0.840241513270747,546,1.01101147536122,373,1.00754240313392,1.00131474534722,0.0677655677655678,0.293040293040293,0.0911528150134048,0.472527472527473,0.141025641025641,0.0805860805860806,0.472527472527473,0.10455764075067,5,0.136
2025,E01006528,1.24326570514405,515,1.26987905792124,515,1.10981763337398,321,0.994346743443179,0.999773690802809,0.0737864077669903,0.388349514563107,0.0903426791277258,0.72621359223301,0.132038834951456,0.104854368932039,0.72621359223301,0.118380062305296,3,0.145
2025,E01006529,0.74374273272911,481,1.45933227065105,481,0.859743376853849,292,0.997393234602854,0.999781817488794,0.0561330561330561,0.457380457380458,0.0821917808219178,0.835758835758836,0.0665280665280665,0.0602910602910603,0.835758835758836,0.089041095890411,5,0.094
2025,E01006530,0.6460000295926,522,1.45123774482225,522,0.888319943235046,270,1.01748747023491,0.99865357008127,0.0421455938697318,0.53639846743295,0.0814814814814815,0.812260536398467,0.0613026819923372,0.053639846743295,0.812260536398467,0.0925925925925926,8,0.059
2025,E01006531,0.607865335078782,566,1.11736120364487,566,0.803312900808285,305,1.02669564564387,1.00066942677201,0.0353356890459364,0.441696113074205,0.0655737704918033,0.621908127208481,0.0848056537102474,0.0512367491166078,0.621908127208481,0.0852459016393443,7,0.091
2025,E01006532,0.431639341030876,562,1.41265505217109,562,0.548606792241062,293,1.03233009741228,0.999752286602562,0.0302491103202847,0.565836298932384,0.0477815699658703,0.779359430604982,0.0409252669039146,0.0355871886120997,0.779359430604982,0.0580204778156997,8,0.048
2025,E01006533,0.912462846567442,518,1.20147110046007,518,1.14864596485324,261,1.02516667020604,1.00461165490732,0.0521235521235521,0.45945945945946,0.0919540229885057,0.664092664092664,0.115830115830116,0.0772200772200772,0.664092664092664,0.122605363984674,3,0.138
2025,E01006534,0.848031882904482,687,0.86541981259823,687,0.771252847590029,459,1.0129676214521,1.00163778340071,0.0363901018922853,0.275109170305677,0.0479302832244009,0.489082969432314,0.173216885007278,0.074235807860262,0.489082969432314,0.0849673202614379,3,0.179
2025,E01006535,1.29209404670816,663,0.963368454434734,663,1.36231964844064,387,1.01229519019484,0.999562406790777,0.0754147812971342,0.328808446455505,0.10594315245478,0.542986425339367,0.18552036199095,0.108597285067873,0.542986425339367,0.144702842377261,2,0.175
2025,E01006536,1.52743467039064,705,1.10472806124338,705,1.32314881846615,454,1.00977499224525,1.00557568560034,0.0765957446808511,0.365957446808511,0.0903083700440529,0.621276595744681,0.221276595744681,0.130496453900709,0.621276595744681,0.143171806167401,2,0.227
2025,E01006537,0.456690771795863,919,0.529917264988157,919,0.453983043815107,588,0.995277593957312,0.997067799009938,0.029379760609358,0.171926006528836,0.0408163265306122,0.301414581066376,0.140369967355822,0.0380848748639826,0.301414581066376,0.0476190476190476,4,0.129
2025,E01006538,1.28771719668617,452,1.42473597995659,452,1.59637232228836,221,1.01414003507867,1.00043096617045,0.081858407079646,0.5,0.135746606334842,0.803097345132743,0.128318584070796,0.106194690265487,0.803097345132743,0.167420814479638,5,0.122
2025,E01006539,0.585499806661689,517,1.40937080755126,517,0.760911186369036,278,1.02608221009488,0.999134879313144,0.0309477756286267,0.555125725338491,0.0539568345323741,0.781431334622824,0.0599613152804642,0.0502901353965184,0.781431334622824,0.0827338129496403,8,0.057
2025,E01006540,2.76567292769188,781,0.921148154686469,781,2.30792306375927,669,0.991465583317516,1.00229873245645,0.117797695262484,0.252240717029449,0.128550074738416,0.53393085787452,0.444302176696543,0.241997439180538,0.53393085787452,0.257100149476831,1,0.446
2025,E01006541,2.18550814894748,646,1.07689475169178,646,2.21156510992374,422,0.999740468949051,1.00121636938026,0.113003095975232,0.348297213622291,0.161137440758294,0.614551083591331,0.281733746130031,0.187306501547988,0.614551083591331,0.239336492890995,1,0.275
2025,E01006542,2.17516845641067,469,1.2680817898901,469,1.94572658260278,311,0.986887034230641,1.00097190085042,0.093816631130064,0.358208955223881,0.115755627009646,0.729211087420043,0.26226012793177,0.189765458422175,0.729211087420043,0.215434083601286,1,0.29
2025,E01006543,1.31183234924024,444,1.5806863817993,444,1.82247065530439,193,1.0164242462116,1.00059890866748,0.0743243243243243,0.554054054054054,0.150259067357513,0.887387387387387,0.130630630630631,0.11036036036036,0.887387387387387,0.191709844559585,3,0.116
2025,E01006544,2.12706040018938,708,0.948300339392547,708,1.94283075982613,521,1.00466416807713,1.00752826191956,0.104519774011299,0.300847457627119,0.128598848368522,0.53954802259887,0.360169491525424,0.182203389830508,0.53954802259887,0.211132437619962,1,0.388
2025,E01006545,2.44041975714449,570,1.3850123309094,570,2.39325294931315,396,0.999333715503049,0.999746729736586,0.13859649122807,0.442105263157895,0.184343434343434,0.787719298245614,0.26140350877193,0.205263157894737,0.787719298245614,0.255050505050505,1,0.268
2025,E01006546,3.292477851074,506,1.36747066777893,506,3.16018071381944,362,0.992080066492861,1.00117998724279,0.160079051383399,0.411067193675889,0.198895027624309,0.784584980237154,0.341897233201581,0.284584980237154,0.784584980237154,0.348066298342541,1,0.354
2025,E01006547,3.9561514043918,685,1.35246623148219,685,3.5725560395805,505,0.989612657372369,0.998626503845015,0.167883211678832,0.375182481751825,0.205940594059406,0.783941605839416,0.44963503649635,0.347445255474453,0.783941605839416,0.398019801980198,1,0.455
2025,E01006548,3.56515255556765,686,1.37313591147365,686,3.01909515402764,514,0.995296979989577,1.00072125130229,0.173469387755102,0.428571428571429,0.200389105058366,0.782798833819242,0.396501457725948,0.306122448979592,0.782798833819242,0.328793774319066,1,0.395
2025,E01006549,1.73919090990403,661,1.0522321596932,661,1.52902196621369,466,0.951215501703901,0.997629407411337,0.0726172465960666,0.193645990922844,0.0793991416309013,0.632375189107413,0.237518910741301,0.152798789712557,0.632375189107413,0.171673819742489,1,0.235
2025,E01006550,1.20720499302107,484,1.18397643230445,484,1.01110623979712,349,0.953548989124437,0.997480746803705,0.0537190082644628,0.233471074380165,0.0601719197707736,0.702479338842975,0.138429752066116,0.105371900826446,0.702479338842975,0.111747851002865,3,0.121
2025,E01006551,1.23919318705039,649,0.43480452468325,649,1.04720616028591,513,0.98822592974011,1.00220565106116,0.0323574730354391,0.0693374422187982,0.037037037037037,0.263482280431433,0.274268104776579,0.112480739599384,0.263482280431433,0.120857699805068,2,0.299
2025,E01006552,2.42453215288196,743,1.11243207947736,743,2.0883865479752,554,0.984754033956848,1.00003252451042,0.1278600269179,0.314939434724092,0.149819494584838,0.643337819650067,0.324360699865411,0.207267833109018,0.643337819650067,0.225631768953069,1,0.32
2025,E01006553,0.936925286511389,512,1.38735262766933,512,0.941469524766161,370,0.967602029585184,1.00069912862282,0.048828125,0.322265625,0.0621621621621622,0.81640625,0.08984375,0.080078125,0.81640625,0.102702702702703,5,0.091
2025,E01006554,1.3639750396514,508,1.25358535693704,508,1.24395261579399,357,0.95566634841482,0.996188675888118,0.062992125984252,0.269685039370079,0.0728291316526611,0.742125984251969,0.139763779527559,0.118110236220472,0.742125984251969,0.137254901960784,3,0.116
2025,E01006556,2.80441776903622,856,1.10827524974117,856,2.43291923495989,667,0.993628184914837,0.998654006307568,0.15303738317757,0.339953271028037,0.167916041979011,0.633177570093458,0.386682242990654,0.238317757009346,0.633177570093458,0.263868065967017,1,0.397
2025,E01006557,0.585457424936092,525,0.98713955688204,525,0.428364493329527,411,0.954786085638667,0.997890253759393,0.0342857142857143,0.201904761904762,0.0316301703163017,0.586666666666667,0.0761904761904762,0.0495238095238095,0.586666666666667,0.0462287104622871,5,0.072
2025,E01006558,3.76795769790002,539,1.25502097736204,539,3.34208911303219,412,0.990093574630953,1.00509067766906,0.161410018552876,0.358070500927644,0.194174757281553,0.723562152133581,0.458256029684601,0.328385899814471,0.723562152133581,0.368932038834951,1,0.462
2025,E01006560,0.896452856983877,897,0.344159537616348,897,0.817271533782185,620,1.00869699889045,1.00529078868133,0.0434782608695652,0.125975473801561,0.0548387096774194,0.189520624303233,0.442586399108138,0.0769230769230769,0.189520624303233,0.0887096774193548,1,0.456
2025,E01006562,3.57815772649694,623,1.34316604241709,623,3.15430656288325,497,0.995354650128837,1.00567617585464,0.150882825040128,0.401284109149278,0.169014084507042,0.767255216693419,0.409309791332263,0.31139646869984,0.767255216693419,0.35010060362173,1,0.422
2025,E01006563,1.98422108506465,840,0.607075776426878,840,1.7388796688789,624,1.01468569311548,1.00866697840326,0.0892857142857143,0.197619047619048,0.104166666666667,0.342857142857143,0.458333333333333,0.172619047619048,0.342857142857143,0.192307692307692,1,0.491
2025,E01006564,1.16981711256285,690,0.746778850207141,690,1.09513985158856,370,1.01849840464874,1.00526189368362,0.0594202898550725,0.268115942028986,0.0891891891891892,0.417391304347826,0.230434782608696,0.1,0.417391304347826,0.116216216216216,1,0.259
2025,E01006565,1.62882720728607,570,1.21832651000294,570,1.77786531213347,320,1.01343017224461,1.00516454114347,0.0894736842105263,0.421052631578947,0.1375,0.680701754385965,0.194736842105263,0.13859649122807,0.680701754385965,0.190625,2,0.22
2025,E01006566,1.53087116187426,510,1.14506970748411,510,1.67842811552966,299,1.00391985941817,1.00078069419913,0.096078431372549,0.372549019607843,0.140468227424749,0.650980392156863,0.184313725490196,0.127450980392157,0.650980392156863,0.177257525083612,3,0.147
2025,E01006567,1.97552513129385,683,0.886929499115083,683,1.9297270782374,434,0.994897838252094,1.00232641532275,0.0937042459736457,0.263543191800879,0.129032258064516,0.510980966325037,0.28696925329429,0.169838945827233,0.510980966325037,0.209677419354839,1,0.281
2025,E01006568,1.18344925976629,577,0.989806439863657,577,0.97787851126371,289,1.01209540538938,1.0027564163589,0.0658578856152513,0.306759098786828,0.0795847750865052,0.566724436741768,0.161178509532062,0.10051993067591,0.566724436741768,0.103806228373702,3,0.16
2025,E01006569,2.60134052358494,554,1.25357822401765,554,2.50472902521904,274,1.01824234293272,1.00388887357341,0.115523465703971,0.433212996389892,0.175182481751825,0.703971119133574,0.332129963898917,0.225631768953069,0.703971119133574,0.27007299270073,1,0.318
2025,E01006570,1.17930140146308,534,1.43396625495409,534,1.38357539561498,272,1.01564499938614,1.00261696233519,0.0674157303370787,0.51685393258427,0.106617647058824,0.803370786516854,0.117977528089888,0.099250936329588,0.803370786516854,0.147058823529412,4,0.117
2025,E01006571,1.68810615263398,538,0.845147612647251,538,1.88346954162498,296,1.01213584805897,1.00481869718838,0.0929368029739777,0.299256505576208,0.138513513513514,0.472118959107807,0.29368029739777,0.143122676579926,0.472118959107807,0.202702702702703,1,0.304
2025,E01006572,1.88672050224033,479,0.762535297248226,479,1.81257304768681,317,1.01542094831393,1.00475371821722,0.108559498956159,0.263048016701461,0.141955835962145,0.427974947807933,0.382045929018789,0.15866388308977,0.427974947807933,0.192429022082019,1,0.402
2025,E01006573,2.03990523190343,642,1.00951633127566,642,1.87909852022819,467,1.00323470020492,1.00378982969005,0.110591900311526,0.325545171339564,0.141327623126338,0.573208722741433,0.26791277258567,0.172897196261682,0.573208722741433,0.201284796573876,1,0.288
2025,E01006574,1.88587603416244,530,0.879320638352003,530,1.80638535965522,315,1.00772313947726,1.00331987491686,0.107547169811321,0.307547169811321,0.149206349206349,0.492452830188679,0.30188679245283,0.158490566037736,0.492452830188679,0.19047619047619,1,0.311
2025,E01006575,1.4005434412881,472,1.25786973244831,472,1.43251512668949,267,1.01861769013288,1.00357125260234,0.076271186440678,0.430084745762712,0.104868913857678,0.705508474576271,0.167372881355932,0.11864406779661,0.705508474576271,0.153558052434457,2,0.182
2025,E01006576,0.61708465252216,667,1.1381589685556,667,0.659707367874265,405,1.00422210838467,0.998846361671704,0.04047976011994,0.382308845577211,0.0592592592592593,0.64767616191904,0.0704647676161919,0.0509745127436282,0.64767616191904,0.0691358024691358,5,0.08
2025,E01006577,0.656287838514463,514,1.45692456371161,514,0.800780240280922,242,1.01730046414094,0.998246077789773,0.0408560311284047,0.56420233463035,0.0743801652892562,0.811284046692607,0.0583657587548638,0.0544747081712062,0.811284046692607,0.0826446280991736,6,0.057
2025,E01006578,0.974279751315283,479,1.42883548296001,479,0.936263178979917,253,1.00894263328967,0.998805169607439,0.0605427974947808,0.505219206680585,0.0790513833992095,0.803757828810021,0.0960334029227557,0.081419624217119,0.803757828810021,0.0988142292490119,5,0.09
2025,E01006579,0.60301645498421,539,1.52665709533785,539,0.9310818794788,225,1.01067510541113,0.999403908823029,0.038961038961039,0.532467532467532,0.08,0.860853432282004,0.0612244897959184,0.0500927643784787,0.860853432282004,0.0977777777777778,7,0.055
2025,E01006580,0.829122567108392,482,1.44467515622632,482,1.20641873066587,218,1.02585754884169,0.998942524881761,0.0560165975103735,0.566390041493776,0.119266055045872,0.802904564315353,0.0829875518672199,0.0684647302904564,0.802904564315353,0.123853211009174,8,0.071
2025,E01006581,0.690728702262607,533,1.68961708432598,533,0.951793594799991,236,1.02513089052452,1.00147975347975,0.0469043151969981,0.643527204502814,0.0889830508474576,0.939962476547842,0.0562851782363978,0.0562851782363978,0.939962476547842,0.0974576271186441,8,0.057
2025,E01006582,0.315117451542367,534,1.51794500211705,534,0.34900251418486,248,1.01608417901348,0.998009553987046,0.0205992509363296,0.554307116104869,0.032258064516129,0.852059925093633,0.0299625468164794,0.0262172284644195,0.852059925093633,0.0362903225806452,8,0.035
2025,E01006583,0.219158786170828,449,1.60184541012216,449,0.352086153034801,191,1.01479186911914,0.997717012962982,0.0155902004454343,0.587973273942094,0.031413612565445,0.902004454342984,0.0200445434298441,0.0178173719376392,0.902004454342984,0.0366492146596859,10,0.023
2025,E01006584,1.14043163817319,519,1.25890959149316,519,1.42728228587029,261,1.00229118090532,0.999259646612703,0.0751445086705202,0.421965317919075,0.126436781609195,0.714836223506744,0.123314065510597,0.0944123314065511,0.714836223506744,0.149425287356322,3,0.129
2025,E01006585,1.64820437964498,542,0.772530470684595,542,1.53104328813547,303,1.00058007891584,1.00409026631929,0.0811808118081181,0.252767527675277,0.099009900990099,0.437269372693727,0.302583025830258,0.142066420664207,0.437269372693727,0.168316831683168,1,0.312
2025,E01006586,1.33848222518033,770,1.01177270157844,770,1.30590970185416,518,0.999177014034749,1.00264459748928,0.0688311688311688,0.31948051948052,0.0945945945945946,0.575324675324675,0.196103896103896,0.114285714285714,0.575324675324675,0.140926640926641,2,0.214
2025,E01006587,1.12433044770781,584,1.02911965641326,584,1.24068643098123,299,1.00616520026762,1.00369755348239,0.0599315068493151,0.340753424657534,0.0903010033444816,0.582191780821918,0.157534246575342,0.0958904109589041,0.582191780821918,0.133779264214047,3,0.162
2025,E01006588,1.64700096480662,644,1.29274040940899,644,1.63266311541277,417,0.993778318087482,1.00053628089499,0.0900621118012422,0.408385093167702,0.122302158273381,0.737577639751553,0.177018633540373,0.139751552795031,0.737577639751553,0.175059952038369,2,0.162
2025,E01006589,0.701775018241743,548,1.47747164993326,548,0.830389375518248,274,1.01084711738876,0.996628230714494,0.0437956204379562,0.534671532846715,0.0693430656934307,0.83029197080292,0.0638686131386861,0.0583941605839416,0.83029197080292,0.0875912408759124,7,0.074
2025,E01006590,1.14319940840167,567,1.44989314388762,567,1.14855179924707,380,0.98382560560406,0.996870620802347,0.0740740740740741,0.423280423280423,0.1,0.839506172839506,0.111111111111111,0.0952380952380952,0.839506172839506,0.121052631578947,4,0.107
2025,E01006591,0.63714629654252,555,1.44336274615478,555,0.65500477568959,354,0.991586006442664,0.995815647046166,0.036036036036036,0.452252252252252,0.0480225988700565,0.828828828828829,0.0612612612612613,0.0540540540540541,0.828828828828829,0.0706214689265537,6,0.079
2025,E01006592,0.658583435632395,540,1.37713960043671,540,0.740398673929483,316,1.02385103308665,1.00157874145044,0.0388888888888889,0.494444444444445,0.060126582278481,0.77037037037037,0.0648148148148148,0.0555555555555556,0.77037037037037,0.0791139240506329,8,0.056
2025,E01006593,1.0168458657762,545,1.39671607439475,545,0.920819084305681,383,0.978570186768824,0.995912374751516,0.0642201834862385,0.38348623853211,0.0783289817232376,0.811009174311927,0.102752293577982,0.0844036697247707,0.811009174311927,0.0966057441253264,5,0.091
2025,E01006594,0.325605583038073,486,1.3879341244736,486,0.378660324377431,253,1.0282389656008,1.0003059330441,0.0226337448559671,0.553497942386831,0.0355731225296443,0.769547325102881,0.0329218106995885,0.0267489711934156,0.769547325102881,0.0395256916996047,9,0.036
2025,E01006595,1.17268876413578,680,1.38920285147416,680,1.23386318584581,433,1.00728497917823,1.00263299178339,0.075,0.472058823529412,0.103926096997691,0.783823529411765,0.110294117647059,0.0970588235294118,0.783823529411765,0.12933025404157,5,0.105
2025,E01006596,0.972344823592838,514,1.51473115250366,514,1.28503524205906,277,1.02682566452086,1.00024331777692,0.066147859922179,0.573929961089494,0.115523465703971,0.840466926070039,0.0933852140077821,0.0797665369649805,0.840466926070039,0.133574007220217,6,0.074
2025,E01006597,0.545585486900792,611,1.45839756173774,611,0.659757331272194,341,1.02249179544542,1.00053157093631,0.0409165302782324,0.548281505728314,0.0674486803519062,0.81505728314239,0.0507364975450082,0.044189852700491,0.81505728314239,0.0674486803519062,8,0.045
2025,E01006598,1.60347116647844,603,0.6406094679345,603,1.45064321678768,407,1.01835995037773,1.00372217548013,0.0895522388059701,0.225538971807629,0.115479115479116,0.359867330016584,0.376451077943615,0.135986733001658,0.359867330016584,0.154791154791155,1,0.391
2025,E01006599,0.62369838689095,633,0.380362196579096,633,0.568241421243119,499,1.00745754377721,1.00121918841733,0.037914691943128,0.131121642969984,0.0460921843687375,0.214849921011058,0.293838862559242,0.052132701421801,0.214849921011058,0.0601202404809619,1,0.304
2025,E01006600,2.3837124945006,530,1.14583452664207,530,2.50466441805834,302,1.01649590020983,1.00622596160444,0.115094339622642,0.373584905660377,0.162251655629139,0.647169811320755,0.326415094339623,0.205660377358491,0.647169811320755,0.274834437086093,1,0.335
2025,E01006603,1.86813065609152,538,0.916933493907716,538,1.96601076344538,325,1.0102340510449,1.00510357506729,0.0966542750929368,0.28996282527881,0.129230769230769,0.520446096654275,0.321561338289963,0.159851301115242,0.520446096654275,0.215384615384615,1,0.318
2025,E01006604,1.60195727671637,581,0.94255055026196,581,1.54981208546402,342,1.00814716277894,1.00253154900272,0.0860585197934596,0.311531841652324,0.114035087719298,0.533562822719449,0.285714285714286,0.135972461273666,0.533562822719449,0.166666666666667,1,0.291
2025,E01006605,2.2648339966082,612,1.0677983898119,612,2.08429496964181,338,1.01559262872663,1.00819234549734,0.107843137254902,0.349673202614379,0.144970414201183,0.601307189542484,0.316993464052288,0.194444444444444,0.601307189542484,0.224852071005917,1,0.3
2025,E01006606,2.1673884585132,650,1.14671136407224,650,2.05327225927064,351,1.00766669318069,1.0040976235509,0.115384615384615,0.376923076923077,0.142450142450142,0.650769230769231,0.276923076923077,0.184615384615385,0.650769230769231,0.222222222222222,1,0.263
2025,E01006607,1.69454977745558,595,0.769312580705531,595,1.43591091269781,298,1.01746727270974,1.00590517249639,0.0857142857142857,0.284033613445378,0.104026845637584,0.428571428571429,0.327731092436975,0.14453781512605,0.428571428571429,0.154362416107383,1,0.334
2025,E01006608,2.14323995238558,469,1.09737403239686,469,1.94806944029964,321,0.995622927402791,1.00288186011335,0.102345415778252,0.328358208955224,0.133956386292835,0.631130063965885,0.26226012793177,0.185501066098081,0.631130063965885,0.21183800623053,1,0.25
2025,E01006609,2.68124594207531,509,1.46650989697971,509,2.71251597837902,335,0.992019281026917,1.00117855325551,0.137524557956778,0.434184675834971,0.197014925373134,0.842829076620825,0.282907662082515,0.229862475442043,0.842829076620825,0.292537313432836,1,0.304
2025,E01006610,3.25703920881606,692,1.08968983767367,692,2.92089696999655,507,0.990590273534506,1.00293675468785,0.144508670520231,0.310693641618497,0.17948717948718,0.630057803468208,0.411849710982659,0.283236994219653,0.630057803468208,0.321499013806706,1,0.393
2025,E01006611,4.32464557341634,616,1.27459757550738,616,3.82019046420246,488,0.979987246383821,1.0001903601052,0.183441558441558,0.347402597402597,0.217213114754098,0.74025974025974,0.50974025974026,0.378246753246753,0.74025974025974,0.424180327868852,1,0.51
2025,E01006612,1.51316005212542,612,0.63850914901908,612,1.3791438363777,360,1.00001348119172,1.00484746778271,0.0800653594771242,0.209150326797386,0.108333333333333,0.361111111111111,0.36437908496732,0.129084967320261,0.361111111111111,0.147222222222222,1,0.37
2025,E01006613,1.99828856528948,530,1.02163935129294,530,1.90783621674432,318,1.01426542678227,1.00412068891188,0.105660377358491,0.350943396226415,0.154088050314465,0.575471698113208,0.284905660377359,0.169811320754717,0.575471698113208,0.20125786163522,1,0.28
2025,E01006614,2.96802229149937,561,1.26741371948281,561,2.62457704054486,419,0.996291364047887,1.00027053721397,0.153297682709447,0.385026737967914,0.181384248210024,0.727272727272727,0.361853832442068,0.253119429590018,0.727272727272727,0.28400954653938,1,0.352
2025,E01006615,3.6090273279205,584,1.34063477447631,584,3.37327862352383,392,0.992463378803175,1.0003656338601,0.172945205479452,0.38013698630137,0.216836734693878,0.773972602739726,0.38527397260274,0.311643835616438,0.773972602739726,0.369897959183673,1,0.377
2025,E01006616,1.64075902957556,535,0.992372097410354,535,1.68687206459958,318,1.0112273764875,1.00418069382157,0.0841121495327103,0.349532710280374,0.116352201257862,0.560747663551402,0.254205607476636,0.14018691588785,0.560747663551402,0.182389937106918,1,0.25
2025,E01006617,0.905136305739586,593,1.00732269608608,593,0.951784818208759,343,1.00444655204878,0.999890065920786,0.0640809443507589,0.338954468802698,0.087463556851312,0.571669477234401,0.118043844856661,0.0741989881956155,0.571669477234401,0.0991253644314869,4,0.118
2025,E01006618,1.95562818140323,647,1.03843472535297,647,2.23120268159718,321,1.02254631833645,1.00523938989005,0.100463678516229,0.369397217928903,0.177570093457944,0.579598145285935,0.272024729520866,0.166924265842349,0.579598145285935,0.236760124610592,1,0.27
2025,E01006619,0.879849654277807,633,1.22009482434747,633,1.10341934547497,363,1.00019969362762,0.999457009961815,0.0584518167456556,0.387045813586098,0.0964187327823691,0.696682464454976,0.115323854660348,0.0726698262243286,0.696682464454976,0.115702479338843,3,0.118
2025,E01006620,1.38889256173848,537,1.25325238311723,537,1.80531965194505,275,1.01520696128521,1.00009921997137,0.0819366852886406,0.454376163873371,0.145454545454545,0.705772811918063,0.145251396648045,0.11731843575419,0.705772811918063,0.192727272727273,4,0.156
2025,E01006621,0.363296032425775,592,1.00161844324583,592,0.509727129895182,315,1.01781908606001,0.999867234776719,0.0236486486486487,0.381756756756757,0.0444444444444444,0.559121621621622,0.0726351351351351,0.0304054054054054,0.559121621621622,0.053968253968254,6,0.077
2025,E01006622,0.367250602271806,503,1.4577707527017,503,0.520856247366532,225,1.01646738920444,0.998470931652727,0.0278330019880716,0.536779324055666,0.0533333333333333,0.817097415506958,0.0318091451292247,0.0298210735586481,0.817097415506958,0.0533333333333333,8,0.041
2025,E01006623,0.421799043165966,478,1.08703918399939,478,0.522416075436329,200,1.01699686204897,1.00055783277273,0.0251046025104603,0.397489539748954,0.045,0.608786610878661,0.0669456066945607,0.0355648535564854,0.608786610878661,0.055,6,0.073
2025,E01006624,1.37113454748452,610,0.802160552990221,610,1.20418687161604,395,1.00713137568022,1.00429363632705,0.0786885245901639,0.286885245901639,0.0962025316455696,0.449180327868852,0.232786885245902,0.114754098360656,0.449180327868852,0.126582278481013,2,0.219
2025,E01006625,1.13129787797039,547,1.33981398630492,547,1.38245679605399,264,1.01212255047306,1.00296574800995,0.0712979890310786,0.457038391224863,0.113636363636364,0.756855575868373,0.126142595978062,0.0950639853747715,0.756855575868373,0.147727272727273,4,0.128
2025,E01006626,1.16100014802447,527,1.42575790073193,527,1.40584237733716,249,1.01891283403807,0.999980867657666,0.0740037950664137,0.544592030360531,0.116465863453815,0.795066413662239,0.129032258064516,0.0967741935483871,0.795066413662239,0.14859437751004,3,0.129
2025,E01006627,1.12764901035444,519,1.14890890829962,519,1.29143746494398,284,1.01488309754512,1.00134648409634,0.0674373795761079,0.410404624277457,0.102112676056338,0.64354527938343,0.142581888246628,0.0944123314065511,0.64354527938343,0.137323943661972,3,0.136
2025,E01006628,1.04309019319479,606,1.17192798788885,606,1.24698324549908,349,0.97803686468671,0.995947408137316,0.0445544554455446,0.282178217821782,0.0716332378223496,0.68976897689769,0.123762376237624,0.0907590759075908,0.68976897689769,0.137535816618911,4,0.113
2025,E01006629,1.20985718894578,544,0.921822768069392,544,1.36521587249263,313,0.998636512333155,0.997369810299877,0.0625,0.295955882352941,0.0958466453674121,0.525735294117647,0.1875,0.102941176470588,0.525735294117647,0.146964856230032,3,0.186
2025,E01006630,1.3668050225408,836,0.498066766951638,836,1.21745856599422,624,0.988511152324315,1.00164092583607,0.0657894736842105,0.149521531100478,0.0753205128205128,0.285885167464115,0.386363636363636,0.117224880382775,0.285885167464115,0.133012820512821,1,0.4
2025,E01006632,2.17772735996169,763,1.0012377654813,763,1.96713102552116,489,0.988769773317887,1.00336962718128,0.100917431192661,0.27916120576671,0.124744376278119,0.575360419397117,0.322411533420708,0.187418086500655,0.575360419397117,0.214723926380368,1,0.331
2025,E01006633,2.18122470100123,587,0.811716880237296,587,2.16195241581554,345,1.01726011985159,1.00914584544062,0.0988074957410562,0.258943781942078,0.133333333333333,0.459965928449745,0.405451448040886,0.189097103918228,0.459965928449745,0.23768115942029,1,0.419
2025,E01006637,1.69114190698847,605,0.707626868255118,605,1.56724441214398,404,1.01681114592351,1.00417533742626,0.0925619834710744,0.251239669421488,0.118811881188119,0.396694214876033,0.360330578512397,0.142148760330579,0.396694214876033,0.165841584158416,1,0.353
2025,E01006638,1.6381622947206,586,0.580268525322637,586,1.58387536037902,372,1.01548724437934,1.00982804831999,0.100682593856655,0.206484641638225,0.131720430107527,0.324232081911263,0.419795221843003,0.136518771331058,0.324232081911263,0.166666666666667,1,0.431
2025,E01006639,1.73670882052749,560,1.27725298996091,560,1.77725707227927,318,1.00540899463298,1.00161036909988,0.0982142857142857,0.4375,0.141509433962264,0.721428571428571,0.2,0.146428571428571,0.721428571428571,0.188679245283019,3,0.213
2025,E01006640,0.776755249349015,659,1.0584366844825,659,0.9363168357317,369,1.0159380264132,1.00315551793555,0.0531107738998483,0.373292867981791,0.0840108401084011,0.591805766312595,0.113808801213961,0.0637329286798179,0.591805766312595,0.0975609756097561,4,0.119
2025,E01006641,0.817828539797679,555,0.987711267821945,555,0.751026295675339,309,0.984951046607949,0.999905490962223,0.0414414414414414,0.252252252252252,0.0550161812297735,0.574774774774775,0.118918918918919,0.0702702702702703,0.574774774774775,0.0809061488673139,4,0.123
2025,E01006642,2.35662425277152,587,0.78534082811007,587,2.1935169995896,364,1.00917737968147,1.0064748494673,0.136286201022147,0.257240204429302,0.17032967032967,0.444633730834753,0.407155025553663,0.197614991482112,0.444633730834753,0.233516483516484,1,0.391
2025,E01006643,1.76158398069297,713,0.708244878129888,713,1.57413885012879,462,1.00383078289591,1.00409798143301,0.0939691444600281,0.225806451612903,0.121212121212121,0.402524544179523,0.38148667601683,0.150070126227209,0.402524544179523,0.168831168831169,1,0.366
2025,E01006644,1.55888246865436,764,0.744190486520924,764,1.25996570714751,543,1.00022753563286,1.00211665735464,0.0746073298429319,0.240837696335079,0.0828729281767956,0.420157068062827,0.328534031413613,0.133507853403141,0.420157068062827,0.136279926335175,1,0.301
2025,E01006645,1.90291600467571,633,0.750502878734243,633,1.78689129236711,425,1.01832004066311,1.00776835540163,0.0916271721958926,0.252764612954186,0.117647058823529,0.421800947867299,0.417061611374408,0.164296998420221,0.421800947867299,0.195294117647059,1,0.415
2025,E01006646,1.79845815765447,883,0.775094300178443,883,1.45850309291793,620,0.9824921329568,1.00548609819448,0.0611551528878822,0.183465458663647,0.0596774193548387,0.453001132502831,0.371460928652322,0.159682899207248,0.453001132502831,0.166129032258065,1,0.365
2025,E01006647,0.986680328882187,825,0.37500491250162,825,0.830336280744114,636,1.01646109201495,1.00792261460538,0.0472727272727273,0.122424242424242,0.050314465408805,0.210909090909091,0.464242424242424,0.0848484848484849,0.210909090909091,0.0911949685534591,1,0.442
2025,E01006648,0.677093061130709,936,0.48082681123903,936,0.660959254021312,656,0.990400786801912,1.00200588555838,0.0256410256410256,0.131410256410256,0.0304878048780488,0.276709401709402,0.278846153846154,0.0598290598290598,0.276709401709402,0.0746951219512195,1,0.268
2025,E01006651,0.385689993700015,574,0.770882612864899,574,0.461941865683329,266,0.990980340785272,0.999977869742458,0.0191637630662021,0.242160278745645,0.037593984962406,0.440766550522648,0.0766550522648084,0.0331010452961672,0.440766550522648,0.0488721804511278,7,0.062
2025,E01006652,1.5787030449469,547,1.44582167729184,547,1.70722732912799,313,1.00627043185479,1.00214484845871,0.0914076782449726,0.495429616087751,0.134185303514377,0.815356489945155,0.155393053016453,0.13345521023766,0.815356489945155,0.182108626198083,3,0.147
2025,E01006653,1.47956716966144,603,0.791942294294374,603,1.37890111979437,370,1.01140200581679,1.00506373356955,0.0779436152570481,0.266998341625207,0.110810810810811,0.446102819237148,0.263681592039801,0.126036484245439,0.446102819237148,0.145945945945946,1,0.264
2025,E01006654,1.35786590064699,535,1.08837367369939,535,1.40442092261811,350,1.01113318043773,1.00490536342979,0.0785046728971963,0.342056074766355,0.114285714285714,0.618691588785047,0.157009345794393,0.114018691588785,0.618691588785047,0.148571428571429,3,0.164
2025,E01006655,1.76343931820733,621,1.20551220416921,621,1.63037160541923,355,1.01333222093403,1.00436981997354,0.0885668276972625,0.423510466988728,0.123943661971831,0.676328502415459,0.227053140096618,0.151368760064412,0.676328502415459,0.174647887323944,2,0.227
2025,E01006656,1.84008065954484,556,1.42503304439629,556,1.88425997553558,329,0.995222656102202,0.998780914622125,0.107913669064748,0.444244604316547,0.148936170212766,0.816546762589928,0.192446043165468,0.154676258992806,0.816546762589928,0.200607902735562,2,0.186
2025,E01006657,1.9037152878505,481,1.17724364406611,481,2.03225076269742,271,0.9914806037625,1.00467946849277,0.079002079002079,0.345114345114345,0.132841328413284,0.675675675675676,0.232848232848233,0.166320166320166,0.675675675675676,0.22140221402214,2,0.236
2025,E01006658,2.40304246523739,566,0.905399259918143,566,2.15103053279524,386,1.0084108939332,1.00698116032846,0.120141342756184,0.291519434628975,0.145077720207254,0.510600706713781,0.404593639575972,0.204946996466431,0.510600706713781,0.233160621761658,1,0.381
2025,E01006659,1.70751463315586,551,0.75622959245696,551,1.46638325313191,379,0.989631407009816,1.0048132914857,0.0744101633393829,0.215970961887477,0.0923482849604222,0.43557168784029,0.343012704174229,0.148820326678766,0.43557168784029,0.160949868073879,1,0.355
2025,E01006660,2.16203310602322,588,0.93835291470331,588,2.10648693782479,370,1.009483277027,1.00613055155062,0.0986394557823129,0.314625850340136,0.135135135135135,0.530612244897959,0.335034013605442,0.187074829931973,0.530612244897959,0.22972972972973,1,0.315
2025,E01006661,1.56965678339707,661,0.674676465682631,661,1.43617195402313,430,1.01771977018916,1.00705798996995,0.075642965204236,0.234493192133132,0.0976744186046512,0.37821482602118,0.369137670196672,0.13464447806354,0.37821482602118,0.155813953488372,1,0.371
2025,E01006662,0.961319563438998,763,0.328224760340893,763,0.914363916669803,553,1.02081036379119,1.01196842978157,0.0511140235910878,0.115334207077326,0.0669077757685353,0.18348623853211,0.381389252948886,0.0812581913499345,0.18348623853211,0.0976491862567812,1,0.39
2025,E01006663,1.57088802898882,420,0.852346759967564,420,1.52472515922227,264,1.00379498615195,1.00218125943855,0.0880952380952381,0.283333333333333,0.121212121212121,0.483333333333333,0.288095238095238,0.133333333333333,0.483333333333333,0.162878787878788,1,0.272
2025,E01006664,2.38467388653192,767,0.965985477540223,767,2.04701470065542,565,1.00373537932884,1.00377598014324,0.119947848761408,0.30638852672751,0.138053097345133,0.551499348109518,0.352020860495437,0.204693611473273,0.551499348109518,0.223008849557522,1,0.364
2025,E01006665,0.546382633686324,542,0.997474583517043,542,0.513913676384635,276,1.00145355620091,1.00213074638534,0.0313653136531365,0.335793357933579,0.0434782608695652,0.564575645756458,0.0830258302583026,0.0461254612546126,0.564575645756458,0.0543478260869565,5,0.09
2025,E01006666,0.508819226852503,452,1.33716813601857,452,0.577754294641146,215,1.00687782964286,0.998802459265309,0.0331858407079646,0.455752212389381,0.0511627906976744,0.756637168141593,0.0553097345132743,0.0420353982300885,0.756637168141593,0.0604651162790698,7,0.071
2025,E01006667,0.964681040137762,526,0.85353050167813,526,0.830628842596012,288,1.00888778881611,1.00226329320786,0.0513307984790875,0.304182509505703,0.0694444444444445,0.479087452471483,0.211026615969582,0.0817490494296578,0.479087452471483,0.0868055555555556,2,0.214
2025,E01006668,0.351610788630983,508,1.09700291403772,508,0.375465907457131,271,0.991936699656286,0.99750289977503,0.0236220472440945,0.338582677165354,0.029520295202952,0.62992125984252,0.0590551181102362,0.0295275590551181,0.62992125984252,0.040590405904059,8,0.065
2025,E01006669,0.771373951713032,511,1.02479415618864,511,0.693231331105365,273,1.00071919310711,0.998584122409549,0.0391389432485323,0.338551859099804,0.0586080586080586,0.579256360078278,0.131115459882583,0.0665362035225049,0.579256360078278,0.0732600732600733,5,0.137
2025,E01006670,0.578206261828503,537,0.972195715435339,537,0.532633262075552,267,1.00787972961852,0.999254087146516,0.0335195530726257,0.316573556797021,0.0449438202247191,0.553072625698324,0.109869646182495,0.0484171322160149,0.553072625698324,0.0561797752808989,5,0.108
2025,E01006671,1.36791962815665,458,0.931000278254378,458,1.6049467543018,230,1.02184482159198,1.0041790536692,0.0786026200873363,0.34061135371179,0.134782608695652,0.519650655021834,0.231441048034935,0.115720524017467,0.519650655021834,0.169565217391304,3,0.226
2025,E01006672,1.75860015387905,760,0.852340932878838,760,1.69221984098058,463,1.01282511847624,1.00363983584414,0.0934210526315789,0.296052631578947,0.131749460043197,0.478947368421053,0.339473684210526,0.148684210526316,0.478947368421053,0.1792656587473,1,0.36
2025,E01006673,1.30189817213211,790,0.591930267615134,790,1.0467727082277,594,0.989493049059807,1.00105473698863,0.0518987341772152,0.137974683544304,0.0538720538720539,0.348101265822785,0.368354430379747,0.115189873417722,0.348101265822785,0.117845117845118,1,0.379
2025,E01006674,2.25367783467512,877,0.704898860757237,877,1.9986144814398,629,0.999486724428507,1.00174761422232,0.109464082098062,0.22690992018244,0.130365659777425,0.400228050171038,0.514253135689852,0.193842645381984,0.400228050171038,0.217806041335453,1,0.511
2025,E01006675,1.77402891450062,952,0.858352294976093,952,1.51802211938471,720,0.950596291343015,0.995928885927193,0.0535714285714286,0.153361344537815,0.0555555555555556,0.516806722689076,0.308823529411765,0.159663865546218,0.516806722689076,0.175,1,0.298
2025,E01006676,3.19230312700522,725,1.10054800208531,725,2.76379995534838,532,1.00036880162506,1.00146483707723,0.15448275862069,0.364137931034483,0.180451127819549,0.623448275862069,0.453793103448276,0.27448275862069,0.623448275862069,0.300751879699248,1,0.466
2025,E01006677,1.81315282963655,658,0.524084666133016,658,1.51686665828706,546,0.990599987547746,1.00195801273786,0.100303951367781,0.167173252279635,0.10989010989011,0.299392097264438,0.536474164133739,0.153495440729483,0.299392097264438,0.163003663003663,1,0.519
2025,E01006678,1.36057114449133,893,0.598523714295386,893,1.33428367417286,566,0.999902660624342,1.00464070377419,0.0582306830907055,0.178051511758119,0.0742049469964664,0.340425531914894,0.367301231802912,0.118701007838746,0.340425531914894,0.148409893992933,1,0.373
2025,E01006679,1.71291044217151,902,0.553212886225529,902,1.39250220837321,663,1.00171063820381,1.0010234818279,0.0809312638580931,0.171840354767184,0.081447963800905,0.311529933481153,0.478935698447894,0.147450110864745,0.311529933481153,0.153846153846154,1,0.454
2025,E01006680,0.69086869570252,536,1.53223075688662,536,0.829244313317951,242,1.02872255511834,1.00066021046772,0.041044776119403,0.611940298507463,0.0743801652892562,0.847014925373134,0.0652985074626866,0.0578358208955224,0.847014925373134,0.0867768595041322,8,0.059
2025,E01006681,0.996528539339534,611,1.05660312824294,611,1.08263025738831,354,1.01545484486167,1.00353983736132,0.060556464811784,0.376432078559738,0.0847457627118644,0.594108019639935,0.142389525368249,0.0834697217675941,0.594108019639935,0.115819209039548,3,0.168
2025,E01006682,0.417295840072688,464,1.65985550394732,464,0.506968912858166,245,1.02682520234311,0.99910171227539,0.0280172413793103,0.661637931034483,0.0448979591836735,0.922413793103448,0.0344827586206897,0.0344827586206897,0.922413793103448,0.0530612244897959,8,0.034
2025,E01006683,0.512543640212787,545,1.54117988505438,545,0.724012315885911,278,1.02170330104407,1.00151869937858,0.036697247706422,0.588990825688073,0.0683453237410072,0.860550458715596,0.0422018348623853,0.0422018348623853,0.860550458715596,0.0755395683453237,7,0.057
2025,E01006684,0.348885851251196,779,0.936976786982208,779,0.358462417825263,472,1.00264715670891,1.00080788363122,0.0205391527599487,0.320924261874198,0.0296610169491525,0.528883183568678,0.0462130937098845,0.0295250320924262,0.528883183568678,0.038135593220339,8,0.049
2025,E01006685,0.792685141843924,556,1.28925756342672,556,0.956885804668775,293,1.01296859818624,1.00170259032248,0.0449640287769784,0.462230215827338,0.068259385665529,0.726618705035971,0.0935251798561151,0.0665467625899281,0.726618705035971,0.102389078498294,6,0.08
2025,E01006686,0.586975959289636,481,1.61047722854832,481,0.804695713648542,229,1.0236006052972,1.00124510851469,0.0332640332640333,0.615384615384615,0.0567685589519651,0.896049896049896,0.0540540540540541,0.0498960498960499,0.896049896049896,0.0873362445414847,7,0.059
2025,E01006687,0.358457047481141,894,0.511510266637585,894,0.352509069088596,635,1.00879391006195,0.998234534742164,0.0212527964205817,0.176733780760626,0.0267716535433071,0.289709172259508,0.112975391498881,0.0302013422818792,0.289709172259508,0.0377952755905512,5,0.116
2025,E01006688,1.13969360171092,583,1.2719592510968,583,1.06877832958274,358,0.995054100844741,1.00024789477396,0.0634648370497427,0.39451114922813,0.0810055865921788,0.725557461406518,0.126929674099485,0.0960548885077187,0.725557461406518,0.114525139664804,4,0.133
2025,E01006689,0.93189922552027,585,1.30440610618215,585,1.12857767188863,292,1.00137808689052,0.997695058498414,0.0547008547008547,0.439316239316239,0.0924657534246575,0.741880341880342,0.0974358974358974,0.0786324786324786,0.741880341880342,0.11986301369863,7,0.08
2025,E01006690,2.28728681074155,742,1.00586071352384,742,2.00404357660747,547,0.970793196206127,0.997161898794021,0.119946091644205,0.26010781671159,0.137111517367459,0.586253369272237,0.323450134770889,0.195417789757412,0.586253369272237,0.217550274223035,1,0.334
2025,E01006691,2.92895954509561,599,1.18244193193544,599,2.34323768476583,459,0.971615584446035,0.996855755004642,0.130217028380634,0.313856427378965,0.139433551198257,0.689482470784641,0.358931552587646,0.25542570951586,0.689482470784641,0.259259259259259,1,0.374
2025,E01006692,2.10896725231022,1024,0.981705950913393,1024,1.89732202159858,798,0.989652700080503,0.999004120238392,0.099609375,0.2724609375,0.115288220551378,0.5703125,0.3369140625,0.1826171875,0.5703125,0.209273182957393,1,0.328
2025,E01006693,1.3785207820869,744,0.54339813450828,744,1.12152400496295,546,1.01219132440781,1.00656901251248,0.0685483870967742,0.186827956989247,0.0750915750915751,0.30510752688172,0.362903225806452,0.118279569892473,0.30510752688172,0.122710622710623,1,0.369
2025,E01006694,2.99782157667557,759,1.21901496264601,759,2.61863457507013,638,0.989146790290351,0.995705621018789,0.159420289855072,0.367588932806324,0.181818181818182,0.702239789196311,0.359683794466403,0.256916996047431,0.702239789196311,0.285266457680251,1,0.355
2025,E01006695,3.03508626473855,922,1.11429685520039,922,2.63041239870813,644,0.965019405160397,0.998143809904314,0.11822125813449,0.254880694143167,0.12888198757764,0.657266811279826,0.391540130151844,0.267895878524946,0.657266811279826,0.296583850931677,1,0.417
2025,E01006696,1.36474404975502,812,0.74846607950218,812,1.22612460795919,605,0.987555372069267,0.998344054081258,0.0665024630541872,0.213054187192118,0.0760330578512397,0.432266009852217,0.306650246305419,0.118226600985222,0.432266009852217,0.135537190082645,1,0.32
2025,E01006697,2.5913045245868,809,1.10771253765143,809,2.14155072619665,657,0.968639917216452,0.994379302908794,0.122373300370828,0.278121137206428,0.133942161339422,0.650185414091471,0.343634116192831,0.224969097651422,0.650185414091471,0.235920852359209,1,0.333
2025,E01006698,2.62004900988308,625,1.36982347782697,625,2.45860435210943,425,0.994467520711917,1.0016248894495,0.1312,0.4128,0.171764705882353,0.784,0.3024,0.224,0.784,0.265882352941176,1,0.323
2025,E01006699,2.51583790644514,703,0.900860955963401,703,2.15783394323858,548,0.992731128048277,1.00027664479351,0.132290184921764,0.281650071123755,0.151459854014599,0.514935988620199,0.405405405405405,0.214793741109531,0.514935988620199,0.233576642335766,1,0.384
2025,E01006700,2.60349504329363,613,1.09291248243708,613,2.32121161133763,432,0.998057111452454,1.00391000996429,0.128874388254486,0.32137030995106,0.155092592592593,0.626427406199021,0.365415986949429,0.223491027732463,0.626427406199021,0.252314814814815,1,0.374
2025,E01006701,1.6676415349026,687,0.897208930166058,687,1.63782835063887,414,1.01190233799722,1.00514174497701,0.0771470160116448,0.298398835516739,0.106280193236715,0.503639010189229,0.283842794759825,0.14410480349345,0.503639010189229,0.178743961352657,1,0.285
2025,E01006702,2.98652837600495,724,1.1060059762124,724,3.05963969335798,474,1.00696441387453,1.00120079115976,0.145027624309392,0.360497237569061,0.194092827004219,0.62707182320442,0.433701657458564,0.256906077348066,0.62707182320442,0.335443037974684,1,0.426
2025,E01006703,1.5067675770325,751,0.655966075154394,751,1.3862211841311,513,0.998804038868251,1.00285907913906,0.0612516644474035,0.211717709720373,0.0760233918128655,0.37017310252996,0.402130492676431,0.131824234354194,0.37017310252996,0.153996101364522,1,0.401
2025,E01006705,2.98067500470951,635,1.25192092429859,635,2.7151597216132,437,0.985779909128743,1.0010826087764,0.152755905511811,0.373228346456693,0.185354691075515,0.719685039370079,0.362204724409449,0.255118110236221,0.719685039370079,0.295194508009153,1,0.342
2025,E01006706,1.30232297692475,519,0.521842230088457,519,1.51544868514814,263,1.01307854364192,1.01031210699954,0.0655105973025048,0.169556840077071,0.091254752851711,0.294797687861272,0.404624277456647,0.111753371868979,0.294797687861272,0.167300380228137,1,0.402
2025,E01006707,0.965322624094999,523,0.469128343185712,523,0.909083509658471,317,1.01670220510213,1.01000017238811,0.0497131931166348,0.164435946462715,0.0630914826498423,0.261950286806883,0.32887189292543,0.0822179732313576,0.261950286806883,0.0977917981072555,1,0.363
2025,E01006708,1.68979223554784,683,0.846060030130053,683,1.61631663625315,418,1.00200504036253,1.00788313576395,0.0732064421669107,0.235724743777452,0.0956937799043062,0.486090775988287,0.294289897510981,0.146412884333821,0.486090775988287,0.177033492822967,1,0.289
2025,E01006709,1.26518388360241,610,0.707061572438836,610,1.22502195582814,371,1.01391289085254,1.00867532246855,0.0639344262295082,0.240983606557377,0.0862533692722372,0.395081967213115,0.3,0.108196721311475,0.395081967213115,0.132075471698113,1,0.289
2025,E01006710,1.22182631214563,588,0.852693545101039,588,1.3590113345174,315,1.00010406534966,1.00286639020568,0.0646258503401361,0.273809523809524,0.0984126984126984,0.486394557823129,0.239795918367347,0.103741496598639,0.486394557823129,0.146031746031746,2,0.23
2025,E01006711,2.27943048618438,646,1.09022742382735,646,2.11704016805564,447,0.990746059840689,1.00417316970292,0.113003095975232,0.294117647058824,0.138702460850112,0.631578947368421,0.311145510835913,0.195046439628483,0.631578947368421,0.230425055928412,1,0.299
2025,E01006712,1.99326737901758,479,1.33449810022697,479,1.95184431742164,301,0.995532397072539,1.00230964709963,0.106471816283925,0.400835073068894,0.142857142857143,0.764091858037578,0.217118997912317,0.169102296450939,0.764091858037578,0.209302325581395,2,0.213
2025,E01006713,1.87450955744404,515,1.38275181310543,515,1.84270736701086,341,1.00186497210379,1.00065835389245,0.0951456310679612,0.431067961165049,0.131964809384164,0.788349514563107,0.203883495145631,0.161165048543689,0.788349514563107,0.19941348973607,2,0.195
2025,E01006716,2.07881511296262,583,0.982607737788774,583,1.91419727186415,404,0.998354395507074,1.00285275688402,0.104631217838765,0.296740994854202,0.131188118811881,0.562607204116638,0.300171526586621,0.178387650085763,0.562607204116638,0.207920792079208,1,0.292
2025,E01006717,1.64327146105623,524,1.37551166952266,524,1.92370828046663,281,0.998686686949481,1.00305575324557,0.0916030534351145,0.427480916030534,0.145907473309609,0.784351145038168,0.175572519083969,0.139312977099237,0.784351145038168,0.206405693950178,3,0.162
2025,E01006718,2.05850273849893,604,1.34187116276312,604,2.08439938053273,343,0.995697609523069,1.0010154931105,0.107615894039735,0.425496688741722,0.163265306122449,0.766556291390729,0.236754966887417,0.175496688741722,0.766556291390729,0.221574344023324,2,0.242
2025,E01006719,1.31565656863251,511,1.22912415491535,511,1.36615781354615,315,1.00293175540259,0.999859030502265,0.0743639921722114,0.397260273972603,0.107936507936508,0.698630136986301,0.183953033268102,0.111545988258317,0.698630136986301,0.146031746031746,3,0.173
2025,E01006720,2.05243466905614,1015,0.912512119115497,1015,1.67085638156743,788,0.987362243069571,0.996025100593923,0.108374384236453,0.263054187192118,0.116751269035533,0.52807881773399,0.361576354679803,0.175369458128079,0.52807881773399,0.181472081218274,1,0.351
2025,E01006721,2.64635245708053,732,0.877957999111511,732,2.25971399250076,599,0.979587048725351,0.999554503948779,0.122950819672131,0.239071038251366,0.140233722871452,0.512295081967213,0.424863387978142,0.229508196721311,0.512295081967213,0.248747913188648,1,0.398
2025,E01006722,1.44125690387644,547,1.00853675503285,547,1.1374584949032,438,0.947285557212207,0.995420605209712,0.0676416819012797,0.195612431444241,0.0662100456621005,0.60146252285192,0.186471663619744,0.124314442413163,0.60146252285192,0.125570776255708,2,0.174
2025,E01006723,1.58808907446542,599,1.04025702553655,599,1.38937101039275,454,0.964754120098182,0.999240830973483,0.0601001669449082,0.235392320534224,0.066079295154185,0.6110183639399,0.203672787979967,0.140233722871452,0.6110183639399,0.156387665198238,2,0.21
2025,E01006724,0.682885951797327,367,1.2678427341285,367,0.527458090362973,267,0.972401545735909,1.0016375354172,0.0381471389645777,0.310626702997275,0.0374531835205993,0.741144414168937,0.0708446866485014,0.0572207084468665,0.741144414168937,0.0561797752808989,5,0.075
2025,E01006725,1.87224732646455,658,1.06983066143808,658,1.67660466201673,487,0.992113073506745,1.00075684950412,0.0972644376899696,0.328267477203647,0.117043121149897,0.609422492401216,0.258358662613982,0.159574468085106,0.609422492401216,0.180698151950719,2,0.256
2025,E01006726,1.79827030749577,548,1.11066522307815,548,1.66728579099453,432,0.975440612808628,0.998761833465061,0.0894160583941606,0.286496350364964,0.108796296296296,0.645985401459854,0.240875912408759,0.155109489051095,0.645985401459854,0.18287037037037,1,0.244
2025,E01006727,1.56918658982481,543,1.40297307897561,543,1.54137927241519,370,0.976007494958313,0.99821021478868,0.0773480662983425,0.372007366482505,0.1,0.819521178637201,0.152854511970534,0.134438305709024,0.819521178637201,0.167567567567568,2,0.161
2025,E01006728,2.56614391504027,740,0.991909017562503,740,2.25029073009935,595,0.983062130900609,0.999074133587681,0.124324324324324,0.262162162162162,0.142857142857143,0.577027027027027,0.372972972972973,0.221621621621622,0.577027027027027,0.247058823529412,1,0.365
2025,E01006729,1.54913470595195,503,0.77956614438027,503,1.38508989742658,307,1.01469669884898,1.00454861243256,0.073558648111332,0.260437375745527,0.0944625407166124,0.437375745526839,0.359840954274354,0.133200795228628,0.437375745526839,0.149837133550489,1,0.352
2025,E01006730,1.92063095085724,511,1.07679674930233,511,1.98582166123342,263,1.01668690459433,1.00742999573272,0.101761252446184,0.362035225048924,0.144486692015209,0.604696673189824,0.289628180039139,0.162426614481409,0.604696673189824,0.212927756653992,1,0.314
2025,E01006731,2.40708000600194,454,1.21360099889492,454,2.38687612848641,280,1.01862792201468,1.0053374277772,0.125550660792952,0.409691629955947,0.167857142857143,0.680616740088106,0.328193832599119,0.204845814977974,0.680616740088106,0.257142857142857,1,0.332
2025,E01006732,0.743469136521565,604,0.347830966722065,604,0.789005865941763,367,1.02300575714289,1.00744144941244,0.0413907284768212,0.122516556291391,0.0599455040871935,0.195364238410596,0.410596026490066,0.0629139072847682,0.195364238410596,0.0844686648501362,1,0.413
2025,E01006734,2.61040966600169,595,0.994382180636075,595,2.36816416335615,414,1.02142397904957,1.00757772588909,0.14453781512605,0.352941176470588,0.185990338164251,0.551260504201681,0.398319327731092,0.220168067226891,0.551260504201681,0.251207729468599,1,0.38
2025,E01006735,2.0460165320169,555,0.925849698591626,555,2.01584568035489,370,1.0110825771386,1.00382427822981,0.100900900900901,0.286486486486487,0.140540540540541,0.524324324324324,0.376576576576577,0.176576576576577,0.524324324324324,0.218918918918919,1,0.414
2025,E01006736,1.85693301369628,528,0.901533737123404,528,1.91703706958078,300,1.01503991656426,1.00572565066027,0.0965909090909091,0.28219696969697,0.126666666666667,0.513257575757576,0.320075757575758,0.159090909090909,0.513257575757576,0.21,1,0.298
2025,E01006737,1.93087936898879,512,1.09217127540695,512,1.87132799448845,309,1.01957341947192,1.01115444012563,0.099609375,0.361328125,0.132686084142395,0.609375,0.306640625,0.1640625,0.609375,0.200647249190939,1,0.306
2025,E01006738,2.28221840331055,604,1.01066315920769,604,2.10540059520203,416,1.00584588288763,1.00677382530055,0.119205298013245,0.334437086092715,0.139423076923077,0.572847682119205,0.321192052980132,0.193708609271523,0.572847682119205,0.228365384615385,1,0.333
2025,E01006739,0.97574557031512,873,0.382224746279806,873,0.877872735534489,674,1.00312901953383,1.00260592953284,0.0412371134020619,0.117983963344788,0.0519287833827893,0.218785796105384,0.360824742268041,0.0847651775486827,0.218785796105384,0.0964391691394659,1,0.362
2025,E01006740,1.07459387477293,607,0.429648783242923,607,0.89299294278402,517,1.0046214303207,1.00612885358325,0.0593080724876442,0.133443163097199,0.0599613152804642,0.243822075782537,0.336079077429984,0.0906095551894563,0.243822075782537,0.0967117988394584,1,0.329
2025,E01006741,1.52175104318291,798,0.815826141308231,798,1.48623548751341,525,1.00133752119214,1.0036989460729,0.0701754385964912,0.240601503759399,0.0971428571428571,0.467418546365915,0.31453634085213,0.131578947368421,0.467418546365915,0.161904761904762,1,0.314
2025,E01006742,1.66955538970284,580,1.08582635936609,580,1.52128680988915,380,1.01395814122489,1.00225258622179,0.0931034482758621,0.375862068965517,0.115789473684211,0.610344827586207,0.229310344827586,0.141379310344828,0.610344827586207,0.163157894736842,2,0.238
2025,E01006743,0.997611354813287,834,0.800272674492781,834,0.948392447098627,577,0.981994714333191,1.00103943987292,0.0587529976019185,0.237410071942446,0.0779896013864818,0.460431654676259,0.200239808153477,0.0839328537170264,0.460431654676259,0.10051993067591,3,0.194
2025,E01006744,1.60332889930565,628,1.23311587286716,628,1.51478981910786,437,0.989084874809156,1.00226428007111,0.089171974522293,0.356687898089172,0.11441647597254,0.70859872611465,0.199044585987261,0.135350318471338,0.70859872611465,0.162471395881007,2,0.196
2025,E01006745,1.94251849255708,713,1.05568674429784,713,1.69712003648225,521,0.977173806260685,0.999879977683428,0.0967741935483871,0.284712482468443,0.105566218809981,0.612903225806452,0.238429172510519,0.166900420757363,0.612903225806452,0.186180422264875,1,0.228
2025,E01006746,1.86047299654544,672,0.897209824472594,672,1.67357456714029,449,0.982317774387499,1.00307407459506,0.0803571428571429,0.236607142857143,0.089086859688196,0.519345238095238,0.324404761904762,0.162202380952381,0.519345238095238,0.187082405345212,1,0.318
2025,E01006747,0.359637306082,1197,0.753491974666287,1197,0.508015867307221,518,0.924968442327732,0.992069659441552,0.0142021720969089,0.0977443609022556,0.0308880308880309,0.462823725981621,0.0743525480367586,0.0317460317460317,0.462823725981621,0.055984555984556,4,0.072
2025,E01006748,1.15158122248169,621,1.15528592154837,621,1.00446098777447,496,0.943303204948502,0.997288554620224,0.0434782608695652,0.202898550724638,0.0483870967741936,0.695652173913044,0.128824476650564,0.101449275362319,0.695652173913044,0.112903225806452,2,0.138
2025,E01006751,0.98974993518435,945,0.651215165687725,945,0.856213615867487,510,0.971859739133829,1.00008915975912,0.0423280423280423,0.154497354497355,0.0470588235294118,0.383068783068783,0.246560846560847,0.0867724867724868,0.383068783068783,0.096078431372549,2,0.236
2025,E01006752,1.25983124683929,451,0.776449921290222,451,1.07236622401902,294,0.995149501632916,0.999199685537652,0.0643015521064302,0.226164079822616,0.0816326530612245,0.447893569844789,0.241685144124169,0.108647450110865,0.447893569844789,0.115646258503401,1,0.261
2025,E01006753,1.54214356664821,682,0.736084886199089,682,1.26697426952874,498,0.999326204603982,1.00075551582401,0.0791788856304985,0.233137829912023,0.0943775100401606,0.419354838709677,0.32258064516129,0.131964809384164,0.419354838709677,0.136546184738956,1,0.342
2025,E01006754,1.65156506216093,737,0.701054114213232,737,1.46760316581434,551,0.998171868021922,1.00374297333713,0.0746268656716418,0.21438263229308,0.0925589836660617,0.401628222523745,0.371777476255088,0.143826322930801,0.401628222523745,0.161524500907441,1,0.364
2025,E01006755,1.55637126017454,580,0.777669425193588,580,1.41282137187053,465,1.01357015264025,1.00447508399262,0.0879310344827586,0.282758620689655,0.10752688172043,0.431034482758621,0.35,0.131034482758621,0.431034482758621,0.150537634408602,1,0.37
2025,E01006756,1.76067564908272,693,0.797669409930096,693,1.45193551215887,534,1.00598230499825,1.00295386128519,0.0995670995670996,0.26984126984127,0.108614232209738,0.451659451659452,0.346320346320346,0.148629148629149,0.451659451659452,0.155430711610487,1,0.351
2025,E01006757,1.9382614936558,581,0.775307678590929,581,1.6286241627223,429,1.00766018749111,1.00546180218762,0.0912220309810671,0.249569707401033,0.107226107226107,0.438898450946644,0.370051635111876,0.166953528399312,0.438898450946644,0.177156177156177,1,0.386
2025,E01006758,1.95024416325266,552,0.91770429999755,552,1.9561938098058,360,1.01410605179901,1.00742444651617,0.105072463768116,0.307971014492754,0.147222222222222,0.516304347826087,0.371376811594203,0.164855072463768,0.516304347826087,0.208333333333333,1,0.353
2025,E01006759,1.25033311315413,428,1.14068260750245,428,1.25887487793435,290,0.99118059287878,0.998782702406545,0.0724299065420561,0.329439252336449,0.096551724137931,0.656542056074766,0.170560747663551,0.105140186915888,0.656542056074766,0.13448275862069,1,0.198
2025,E01006760,2.65504627827273,671,1.11830033754235,671,2.36045412239543,465,0.970292438569465,1.0017621637424,0.102831594634873,0.277198211624441,0.129032258064516,0.649776453055142,0.378539493293592,0.23397913561848,0.649776453055142,0.26236559139785,1,0.388
2025,E01006761,2.42488005888619,648,1.16671243978857,648,2.42538630405422,437,0.992974530963288,1.00242247586414,0.114197530864198,0.359567901234568,0.155606407322654,0.665123456790123,0.302469135802469,0.208333333333333,0.665123456790123,0.263157894736842,1,0.308
2025,E01006762,1.6179289026048,756,0.875571932080138,756,1.63280416732103,506,1.00898696350212,1.00226220341915,0.0899470899470899,0.281746031746032,0.112648221343874,0.497354497354497,0.304232804232804,0.137566137566138,0.497354497354497,0.177865612648221,1,0.309
2025,E01006763,2.6877618840382,573,1.44251857464878,573,2.57115092092917,401,0.999499215292111,1.00215047537596,0.136125654450262,0.446771378708552,0.174563591022444,0.823734729493892,0.273996509598604,0.230366492146597,0.823734729493892,0.27930174563591,1,0.282
2025,E01006764,2.81639459138489,661,1.24037007673983,661,2.52591016671729,451,0.986251227534703,1.00000796224478,0.119515885022693,0.340393343419062,0.148558758314856,0.714069591527988,0.361573373676248,0.245083207261725,0.714069591527988,0.277161862527716,1,0.36
2025,E01006765,1.80548740828314,514,1.29834950980304,514,1.78781149142505,325,1.00345558741619,1.00300640583476,0.105058365758755,0.404669260700389,0.138461538461538,0.739299610894942,0.223735408560311,0.151750972762646,0.739299610894942,0.190769230769231,2,0.239
2025,E01006766,3.49352403793503,540,1.3434915529791,540,2.98589586253149,430,0.988386570094528,0.999629619531522,0.175925925925926,0.388888888888889,0.2,0.775925925925926,0.416666666666667,0.3,0.775925925925926,0.325581395348837,1,0.431
2025,E01006767,2.4744375105481,738,1.09597849906676,738,2.13177295339737,550,0.99566154584871,1.00189019612398,0.116531165311653,0.321138211382114,0.132727272727273,0.627371273712737,0.350948509485095,0.214092140921409,0.627371273712737,0.234545454545455,1,0.362
2025,E01006768,2.45472734785637,539,1.389629948616,539,2.26058601626436,322,0.991310780463608,1.00114724694815,0.11873840445269,0.413729128014842,0.152173913043478,0.795918367346939,0.257884972170686,0.211502782931354,0.795918367346939,0.245341614906832,1,0.253
2025,E01006769,1.04487647182214,613,0.418292828841604,613,0.814283452116849,437,1.01738611499205,1.00626447322175,0.0570962479608483,0.154975530179445,0.0617848970251716,0.231647634584013,0.305057096247961,0.0880913539967374,0.231647634584013,0.0869565217391304,1,0.291
2025,E01006770,0.921303437269494,464,0.52168447358785,464,0.748870229914822,311,1.01335764600448,1.00349561511225,0.0538793103448276,0.193965517241379,0.0546623794212219,0.290948275862069,0.288793103448276,0.0775862068965517,0.290948275862069,0.0803858520900322,1,0.304
2025,E01006771,1.24924040653143,712,0.53895132341535,712,1.07930885309352,521,1.01376608868448,1.00951145938159,0.047752808988764,0.174157303370787,0.053742802303263,0.301966292134831,0.349719101123596,0.109550561797753,0.301966292134831,0.120921305182342,1,0.352
2025,E01006772,1.18555608787384,462,0.807556276401973,462,1.25072530371854,272,1.01214725414428,1.00687775665445,0.0606060606060606,0.283549783549784,0.0882352941176471,0.454545454545455,0.233766233766234,0.101731601731602,0.454545454545455,0.136029411764706,2,0.217
2025,E01006773,1.19065278049785,509,1.52255260480324,509,1.36603845128066,230,1.01028016006172,0.998277171008432,0.0707269155206287,0.542239685658153,0.121739130434783,0.858546168958743,0.108055009823183,0.100196463654224,0.858546168958743,0.143478260869565,6,0.096
2025,E01006774,0.572741279009006,504,1.28146682075052,504,0.812168962177804,233,1.00748234201114,0.997811158765165,0.0376984126984127,0.452380952380952,0.0686695278969957,0.724206349206349,0.0714285714285714,0.0476190476190476,0.724206349206349,0.0858369098712446,8,0.076
2025,E01006775,0.957502614278176,663,0.391913109071062,663,0.848922160990025,460,1.01225369383372,1.00947504591703,0.0392156862745098,0.125188536953243,0.0456521739130435,0.218702865761689,0.407239819004525,0.0829562594268477,0.218702865761689,0.0934782608695652,1,0.42
2025,E01006776,0.868650592302095,845,0.516678792560892,845,0.727814973157518,652,0.993926002063719,1.00272829199093,0.0378698224852071,0.158579881656805,0.0383435582822086,0.293491124260355,0.29112426035503,0.0757396449704142,0.293491124260355,0.0812883435582822,1,0.28
2025,E01006778,2.20080029561936,987,0.776780346971937,987,2.07188710744139,682,0.994518843501994,1.00421731738827,0.106382978723404,0.221884498480243,0.134897360703812,0.447821681864235,0.426545086119554,0.19047619047619,0.447821681864235,0.227272727272727,1,0.421
2025,E01006779,1.36496603833968,846,0.528396163274725,846,1.26092164159105,503,1.0106068696006,1.00845289734728,0.0520094562647754,0.164302600472813,0.0695825049701789,0.300236406619385,0.430260047281324,0.119385342789598,0.300236406619385,0.139165009940358,1,0.439
2025,E01006780,1.70982415878519,520,1.4121787510101,520,1.77678732422149,289,1.00419528183381,1.00081066943373,0.109615384615385,0.492307692307692,0.155709342560554,0.798076923076923,0.163461538461538,0.142307692307692,0.798076923076923,0.186851211072664,3,0.151
2025,E01006781,0.845878178357483,511,1.28558108366881,511,0.975063004232733,246,1.00360852888724,1.0012621082247,0.0430528375733855,0.434442270058708,0.0650406504065041,0.727984344422701,0.0919765166340509,0.0724070450097847,0.727984344422701,0.105691056910569,5,0.09
2025,E01006782,1.86824611725215,553,1.52962756121596,553,1.80579696816094,341,0.996939854031863,1.0019707940117,0.0976491862567812,0.446654611211573,0.13782991202346,0.873417721518987,0.18625678119349,0.159132007233273,0.873417721518987,0.193548387096774,2,0.195
2025,E01006783,2.22724145245301,553,1.50865985343445,553,2.2087286912335,347,0.996218653929167,1.00360539297483,0.115732368896926,0.464737793851718,0.167146974063401,0.8625678119349,0.21880650994575,0.189873417721519,0.8625678119349,0.236311239193084,2,0.217
2025,E01006784,1.96141054273578,473,1.48511275825057,473,2.03171278154291,262,0.987835173639397,0.999718723184842,0.103594080338266,0.446088794926004,0.152671755725191,0.854122621564482,0.186046511627907,0.167019027484144,0.854122621564482,0.217557251908397,2,0.184
2025,E01006785,1.95678680340081,658,1.29062761869798,658,1.79630522876166,417,1.00143799623671,1.00075184092712,0.103343465045593,0.417933130699088,0.129496402877698,0.731003039513678,0.22644376899696,0.167173252279635,0.731003039513678,0.194244604316547,2,0.222
2025,E01006786,1.25319315408393,703,1.25798233711088,703,1.23418711288055,371,0.987701771787216,1.0008170622838,0.0654338549075391,0.369843527738265,0.091644204851752,0.722617354196302,0.142247510668563,0.106685633001422,0.722617354196302,0.132075471698113,2,0.134
2025,E01006787,2.12675229256414,527,1.17470710010163,527,1.92583407515507,333,0.985355513059667,1.00109292857654,0.10246679316888,0.324478178368121,0.12012012012012,0.679316888045541,0.27134724857685,0.182163187855787,0.679316888045541,0.21021021021021,1,0.243
2025,E01006788,1.59439053335204,664,1.27973563001562,664,1.48552172475107,398,1.00121980789781,1.00012934797322,0.0858433734939759,0.424698795180723,0.115577889447236,0.727409638554217,0.206325301204819,0.135542168674699,0.727409638554217,0.158291457286432,2,0.214
2025,E01006790,2.24925936345315,820,0.758337554990407,820,1.93673093598095,682,0.99252474494022,1.00435879429609,0.104878048780488,0.213414634146341,0.1158357771261,0.436585365853659,0.426829268292683,0.19390243902439,0.436585365853659,0.212609970674487,1,0.421
2025,E01006791,2.19877883841995,771,0.847841153074186,771,2.14433421542397,518,0.999706861420604,1.00362258874258,0.0869001297016861,0.265888456549935,0.113899613899614,0.48378728923476,0.405966277561608,0.19325551232166,0.48378728923476,0.239382239382239,1,0.389
2025,E01006792,0.724600427191341,491,1.48937138969521,491,0.883225310632804,275,1.01865967630774,0.997601012960412,0.0427698574338086,0.576374745417515,0.0690909090909091,0.830957230142566,0.0692464358452139,0.0610997963340122,0.830957230142566,0.0945454545454546,7,0.06
2025,E01006793,1.18969898352839,601,0.811842989879255,601,1.14352815201406,399,1.01209157573241,1.00206643367,0.0698835274542429,0.287853577371048,0.0952380952380952,0.45757071547421,0.193011647254576,0.0998336106489185,0.45757071547421,0.120300751879699,3,0.207
2025,E01006794,0.840105827198762,622,1.22509189818652,622,0.952776946504579,364,1.01775562884445,0.999703913414637,0.0562700964630225,0.461414790996785,0.0851648351648352,0.684887459807074,0.0916398713826367,0.0691318327974277,0.684887459807074,0.0989010989010989,6,0.091
2025,E01006795,0.553955469700412,533,1.25626001941643,533,0.637698154784597,280,1.01000407793027,1.00006602572541,0.0300187617260788,0.422138836772983,0.05,0.712945590994372,0.0712945590994371,0.0469043151969981,0.712945590994372,0.0678571428571429,7,0.071
2025,E01006796,0.303417343343879,547,1.2960508837366,547,0.335994234563524,281,1.0229822463891,0.99628818046489,0.0164533820840951,0.510054844606947,0.0249110320284698,0.722120658135283,0.0402193784277879,0.0255941499085923,0.722120658135283,0.0355871886120997,9,0.033
2025,E01006797,1.69050358526575,573,1.14574055930818,573,1.73772019424395,353,0.999207641936851,1.00369581287442,0.0942408376963351,0.380453752181501,0.127478753541077,0.649214659685864,0.225130890052356,0.143106457242583,0.649214659685864,0.186968838526912,2,0.245
2025,E01006798,0.722054171826812,492,1.27013968960884,492,0.911512403397878,244,1.01442718140073,0.999857999583858,0.0508130081300813,0.461382113821138,0.0860655737704918,0.713414634146341,0.0792682926829268,0.0589430894308943,0.713414634146341,0.0942622950819672,7,0.085
2025,E01006799,1.26685965268622,875,0.634170032964709,875,1.14762586301496,705,1.01597352937357,1.00192669570747,0.0674285714285714,0.202285714285714,0.0808510638297872,0.363428571428571,0.196571428571429,0.108571428571429,0.363428571428571,0.124822695035461,3,0.227
2025,E01006800,0.664942784150856,580,1.27277468735809,580,0.817314646734498,294,1.03375808650119,1.00393739610889,0.0431034482758621,0.510344827586207,0.0748299319727891,0.7,0.0741379310344828,0.0551724137931035,0.7,0.0850340136054422,7,0.075
2025,E01006801,0.298029283614805,740,0.868460525279343,740,0.30039846758691,456,1.0198818292728,1.0006484893623,0.0216216216216216,0.333783783783784,0.0307017543859649,0.482432432432433,0.0756756756756757,0.0243243243243243,0.482432432432433,0.0307017543859649,6,0.099
2025,E01006802,0.967537036321531,623,1.18445674452452,623,1.1435080047147,331,1.00712578183726,1.00146149248231,0.043338683788122,0.407704654895666,0.0725075528700906,0.669341894060995,0.123595505617978,0.0834670947030498,0.669341894060995,0.123867069486405,5,0.117
2025,E01006803,0.597749258435711,462,1.41800136046391,462,0.773982528207842,210,1.00944363600288,1.00021621649131,0.0367965367965368,0.482683982683983,0.0666666666666667,0.805194805194805,0.0606060606060606,0.0497835497835498,0.805194805194805,0.080952380952381,6,0.064
2025,E01006804,1.06707577507099,593,1.3869065541088,593,1.26620644719406,298,1.01588880996081,1.00259755316858,0.0539629005059022,0.509274873524452,0.0838926174496644,0.777403035413154,0.12141652613828,0.09106239460371,0.777403035413154,0.13758389261745,5,0.127
2025,E01006805,1.98566010558553,406,1.39938862596937,406,1.71136922838049,211,1.00425165147689,1.00499087600144,0.113300492610837,0.475369458128079,0.146919431279621,0.79064039408867,0.219211822660099,0.167487684729064,0.79064039408867,0.180094786729858,3,0.197
2025,E01006806,0.309164282139765,538,1.37275683342006,538,0.511637602287342,223,1.02387778869207,1.0011250260428,0.0185873605947955,0.535315985130112,0.0448430493273543,0.765799256505576,0.0315985130111524,0.0260223048327138,0.765799256505576,0.0538116591928251,9,0.034
2025,E01006807,0.262174362821663,519,1.38864221511362,519,0.362743296118822,217,1.02061273082908,1.00076289650685,0.0192678227360308,0.539499036608863,0.0368663594470046,0.776493256262042,0.0404624277456647,0.0211946050096339,0.776493256262042,0.0368663594470046,9,0.042
2025,E01006808,0.716903974084294,371,1.38840027208837,371,0.909197384063059,152,1.00734209179739,0.998023955832345,0.032345013477089,0.495956873315364,0.0592105263157895,0.784366576819407,0.0727762803234501,0.0619946091644205,0.784366576819407,0.0986842105263158,7,0.066
2025,E01006809,0.598388300380388,424,1.47744674811396,424,0.935540723573905,165,1.01208766438772,1.00093342816373,0.0283018867924528,0.528301886792453,0.0606060606060606,0.832547169811321,0.0636792452830189,0.0518867924528302,0.832547169811321,0.103030303030303,8,0.065
2025,E01006810,0.448713673195567,448,1.36915356607689,448,0.848620573394091,157,1.02423317145933,1.00378797414989,0.0267857142857143,0.524553571428571,0.0764331210191083,0.763392857142857,0.0446428571428571,0.0379464285714286,0.763392857142857,0.089171974522293,7,0.05
2025,E01006811,1.25427653386972,557,1.1115930169287,557,1.59932342225093,293,1.01345572206529,1.00565612130295,0.0610412926391382,0.420107719928187,0.10580204778157,0.617594254937163,0.175942549371634,0.107719928186715,0.617594254937163,0.174061433447099,2,0.174
2025,E01006812,1.69535364195657,566,0.922185667316957,566,1.69146487121929,338,0.999371279499517,1.00264982708509,0.0795053003533569,0.277385159010601,0.118343195266272,0.530035335689046,0.337455830388693,0.146643109540636,0.530035335689046,0.183431952662722,1,0.329
2025,E01006813,1.88562899337968,598,1.28362921543606,598,1.8600065261855,381,0.993936852817848,1.00104106573364,0.108695652173913,0.397993311036789,0.139107611548556,0.735785953177258,0.20066889632107,0.158862876254181,0.735785953177258,0.199475065616798,2,0.21
2025,E01006814,0.390793512631918,548,1.18312243746096,548,0.468438116182332,239,1.00556058531244,1.00254404203263,0.0237226277372263,0.397810218978102,0.0376569037656904,0.673357664233577,0.0583941605839416,0.0328467153284672,0.673357664233577,0.0502092050209205,7,0.059
2025,E01006815,1.45968152912804,472,1.22214242191822,472,1.64545451000278,235,1.0055586899639,1.00735362258009,0.0826271186440678,0.396186440677966,0.131914893617021,0.694915254237288,0.186440677966102,0.122881355932203,0.694915254237288,0.174468085106383,3,0.168
2025,E01006816,1.72391893599339,649,0.835350747240669,649,1.69041164803637,396,1.00139085538965,1.00633091918524,0.0909090909090909,0.278890600924499,0.121212121212121,0.471494607087827,0.317411402157165,0.146379044684129,0.471494607087827,0.181818181818182,1,0.335
2025,E01006817,2.26234044855698,600,0.854352830916698,600,2.16770691441741,414,1.00083536466202,1.00823777170663,0.116666666666667,0.275,0.154589371980676,0.485,0.408333333333333,0.191666666666667,0.485,0.231884057971015,1,0.415
2025,E01006818,0.830231518123037,478,1.48104908401981,478,0.998343500132729,189,1.01179129664324,0.999281853859781,0.0502092050209205,0.523012552301255,0.0793650793650794,0.836820083682008,0.0774058577405858,0.0690376569037657,0.836820083682008,0.105820105820106,6,0.089
2025,E01006819,1.253720711011,666,0.877498313932965,666,1.37556301949553,380,1.00681738603604,1.00184007757272,0.0735735735735736,0.294294294294294,0.113157894736842,0.498498498498499,0.216216216216216,0.105105105105105,0.498498498498499,0.144736842105263,2,0.198
2025,E01006820,2.51316264379965,566,0.999350965985773,566,2.46005706759762,329,1.00180980949921,1.00705780952925,0.123674911660777,0.30565371024735,0.164133738601824,0.568904593639576,0.390459363957597,0.215547703180212,0.568904593639576,0.267477203647416,1,0.356
2025,E01006821,2.81946171735903,610,1.09158370744884,610,2.56026003432545,414,1.004182819157,1.00358081108128,0.139344262295082,0.352459016393443,0.171497584541063,0.619672131147541,0.398360655737705,0.240983606557377,0.619672131147541,0.277777777777778,1,0.405
2025,E01006822,0.426748676929055,550,1.11349247561465,550,0.552232695648044,300,1.00043936660092,0.998008020948503,0.0309090909090909,0.376363636363636,0.0533333333333333,0.634545454545455,0.0618181818181818,0.0345454545454545,0.634545454545455,0.0566666666666667,8,0.058
2025,E01006823,0.4567578479761,510,1.36168363319568,510,0.639484199117549,273,1.02267639158162,1.00005984262426,0.0333333333333333,0.525490196078431,0.0622710622710623,0.758823529411765,0.0431372549019608,0.0372549019607843,0.758823529411765,0.0659340659340659,9,0.042
2025,E01006824,0.61586678587492,455,1.25324109110061,455,0.753232012459673,246,1.01427703287497,1.00004318356774,0.032967032967033,0.441758241758242,0.0569105691056911,0.707692307692308,0.0637362637362637,0.0527472527472528,0.707692307692308,0.0813008130081301,8,0.046
2025,E01006825,0.201159417884119,559,1.17878096480197,559,0.237319444664584,289,1.02251812697673,0.998587889817411,0.0161001788908766,0.449016100178891,0.0242214532871972,0.658318425760286,0.0304114490161002,0.0161001788908766,0.658318425760286,0.0242214532871972,9,0.035
2025,E01006826,1.4121993012988,531,0.819063270537313,531,1.37065205661144,327,1.00510353704623,1.00397687118904,0.0564971751412429,0.265536723163842,0.0764525993883792,0.467043314500942,0.273069679849341,0.124293785310734,0.467043314500942,0.152905198776758,2,0.247
2025,E01006827,0.484776364091676,556,1.28762465547037,556,0.523249603133987,284,1.0001607575065,0.999326845426926,0.0251798561151079,0.411870503597122,0.0387323943661972,0.735611510791367,0.0629496402877698,0.0413669064748201,0.735611510791367,0.0563380281690141,8,0.063
2025,E01006828,0.374902204657132,785,1.45666212338939,785,0.527852117277688,418,1.0188523577379,0.998387351135896,0.0267515923566879,0.559235668789809,0.0478468899521531,0.814012738853503,0.0394904458598726,0.0305732484076433,0.814012738853503,0.0550239234449761,9,0.046
2025,E01006829,0.206309794087938,627,0.688984783422238,627,0.18678232043622,395,1.01215251174167,0.998791987774903,0.0111642743221691,0.267942583732057,0.0126582278481013,0.384370015948963,0.0414673046251994,0.0175438596491228,0.384370015948963,0.020253164556962,7,0.043
2025,E01006830,2.09779914998743,565,0.762084489051814,565,1.94269863735224,371,1.00495826086259,1.00825236208407,0.113274336283186,0.256637168141593,0.142857142857143,0.428318584070797,0.348672566371681,0.176991150442478,0.428318584070797,0.207547169811321,1,0.34
2025,E01006831,1.61063702714546,614,1.19239893650072,614,1.5194688180091,394,0.99705605259188,1.00324773238317,0.0798045602605863,0.364820846905537,0.106598984771574,0.680781758957655,0.187296416938111,0.138436482084691,0.680781758957655,0.16497461928934,3,0.184
2025,E01006832,1.33918162754254,686,0.986679529152439,686,1.23279816066933,481,0.967635892464619,1.00168124747399,0.0597667638483965,0.244897959183673,0.079002079002079,0.577259475218659,0.202623906705539,0.116618075801749,0.577259475218659,0.135135135135135,2,0.203
2025,E01006833,0.503318153570632,860,0.766403439177992,860,0.473147308805438,635,0.98311816532152,0.998844820795829,0.0313953488372093,0.226744186046512,0.0362204724409449,0.441860465116279,0.0988372093023256,0.0418604651162791,0.441860465116279,0.0503937007874016,4,0.106
2025,E01006834,2.16528588724248,543,1.18814338009553,543,1.99259512336175,397,0.978819390711062,1.00457695573315,0.116022099447514,0.325966850828729,0.146095717884131,0.686924493554328,0.287292817679558,0.184162062615101,0.686924493554328,0.214105793450882,1,0.265
2025,E01006835,1.36512967341744,537,1.4809324591383,537,1.28518364171401,295,0.998470396862202,1.00260064421917,0.0763500931098697,0.459962756052142,0.0915254237288136,0.847299813780261,0.132216014897579,0.115456238361266,0.847299813780261,0.138983050847458,3,0.142
2025,E01006836,1.72510648697277,528,1.29157705492861,528,1.95039342360361,278,1.01195698297245,1.00266410106991,0.102272727272727,0.46969696969697,0.158273381294964,0.725378787878788,0.198863636363636,0.143939393939394,0.725378787878788,0.205035971223022,3,0.208
2025,E01006837,1.30186745119247,530,1.38912892169403,530,1.37382541189928,283,1.00512814919897,1.00049319582096,0.0735849056603774,0.477358490566038,0.109540636042403,0.786792452830189,0.149056603773585,0.109433962264151,0.786792452830189,0.144876325088339,4,0.156
2025,E01006838,1.51157663940259,616,0.845247974444146,616,1.51943732386315,387,1.00692473726349,1.00204944285072,0.0892857142857143,0.287337662337662,0.126614987080103,0.478896103896104,0.214285714285714,0.126623376623377,0.478896103896104,0.160206718346253,2,0.237
2025,E01006839,0.991510108651577,487,1.17279340316151,487,1.32323083332006,244,1.00474669403373,1.00336776965705,0.0636550308008214,0.416837782340862,0.110655737704918,0.661190965092403,0.137577002053388,0.082135523613963,0.661190965092403,0.139344262295082,3,0.125
2025,E01006840,0.986979100619563,562,1.2159920999575,562,0.973768209520944,306,1.00563117138136,1.00306054756409,0.0533807829181495,0.405693950177936,0.0718954248366013,0.688612099644128,0.126334519572954,0.0836298932384342,0.688612099644128,0.104575163398693,5,0.111
2025,E01006841,0.391309643648078,566,1.10707858098796,566,0.52738574125179,262,1.00049015332324,0.999558106009439,0.0212014134275618,0.365724381625442,0.0381679389312977,0.630742049469965,0.0530035335689046,0.0335689045936396,0.630742049469965,0.0572519083969466,8,0.061
2025,E01006842,1.59241747195472,607,0.888379093109275,607,1.62021204237862,366,1.0039898966441,1.00538288659867,0.0939044481054366,0.304777594728171,0.128415300546448,0.500823723228995,0.265238879736409,0.133443163097199,0.500823723228995,0.172131147540984,2,0.253
2025,E01006843,1.68409022980232,445,1.29023737215273,445,2.14954143494588,221,1.01606530933235,1.00301865079329,0.110112359550562,0.460674157303371,0.180995475113122,0.725842696629214,0.186516853932584,0.139325842696629,0.725842696629214,0.226244343891403,4,0.165
2025,E01006844,2.53798859639546,726,1.10895314325719,726,2.10717991883025,490,0.989690505579862,1.00516128829683,0.108815426997245,0.323691460055096,0.13469387755102,0.636363636363636,0.333333333333333,0.21900826446281,0.636363636363636,0.228571428571429,1,0.332
2025,E01006845,0.907829360996169,858,0.792770771896262,858,0.810361311830284,603,0.985000006946282,1.00099311133215,0.0501165501165501,0.219114219114219,0.0646766169154229,0.459207459207459,0.193473193473193,0.0769230769230769,0.459207459207459,0.0862354892205639,2,0.208
2025,E01006846,0.773212029377473,558,1.20661915362363,558,0.925256418358526,255,1.0042186015877,1.00026560077526,0.039426523297491,0.406810035842294,0.0745098039215686,0.684587813620072,0.0985663082437276,0.0663082437275986,0.684587813620072,0.0980392156862745,4,0.105
2025,E01006847,1.39348826139221,720,0.630720616631274,720,1.23746927701169,457,1.00932851399816,1.00722856388325,0.0652777777777778,0.2,0.0809628008752735,0.356944444444444,0.3875,0.119444444444444,0.356944444444444,0.133479212253829,1,0.375
2025,E01006848,1.11925593617245,538,1.15154815535376,538,1.50695416102022,284,1.00350151264701,1.00660105416633,0.0743494423791822,0.394052044609665,0.133802816901408,0.646840148698885,0.130111524163569,0.0929368029739777,0.646840148698885,0.158450704225352,4,0.129
2025,E01006849,2.15596604735686,578,0.924867393250775,578,1.90766243512375,373,1.00914982057684,1.00821156750237,0.105536332179931,0.301038062283737,0.134048257372654,0.52076124567474,0.349480968858132,0.185121107266436,0.52076124567474,0.206434316353887,1,0.354
2025,E01006850,1.87993802203555,693,1.07636471082507,693,1.90520095389703,444,0.996437894125886,1.00481145714852,0.0923520923520923,0.347763347763348,0.130630630630631,0.61038961038961,0.268398268398268,0.16017316017316,0.61038961038961,0.204954954954955,1,0.27
2025,E01006851,0.857360211720804,540,1.2159058338935,540,0.919716757937493,295,1.0092434444981,1.00528024132242,0.0462962962962963,0.405555555555556,0.0677966101694915,0.687037037037037,0.137037037037037,0.0722222222222222,0.687037037037037,0.0983050847457627,4,0.14
2025,E01006852,0.480048518448553,472,1.39845388919923,472,0.54100266476236,180,1.01405122107842,1.00316639703864,0.0275423728813559,0.51271186440678,0.05,0.783898305084746,0.0529661016949153,0.0402542372881356,0.783898305084746,0.0555555555555556,7,0.055
2025,E01006853,0.551856009761891,657,0.896010779008352,657,0.529140938314525,419,1.00083155746911,1.00222283593354,0.0289193302891933,0.28310502283105,0.0381861575178998,0.512937595129376,0.115677321156773,0.0471841704718417,0.512937595129376,0.0572792362768496,4,0.119
2025,E01006854,1.49141048427042,562,1.48360770588783,562,1.5301859531507,320,0.995693744502175,1.00401635657458,0.0836298932384342,0.459074733096086,0.109375,0.848754448398577,0.138790035587189,0.126334519572954,0.848754448398577,0.165625,3,0.139
2025,E01006855,1.2942207664485,597,1.1809464138164,597,1.30442474125946,325,1.01254576314728,1.00356897571774,0.0720268006700168,0.425460636515913,0.101538461538462,0.663316582914573,0.182579564489112,0.108877721943049,0.663316582914573,0.138461538461538,3,0.193
2025,E01006856,0.564981366956722,615,1.12137756361024,615,0.5399868467647,390,0.980585151374162,0.995763596137514,0.0357723577235772,0.331707317073171,0.0487179487179487,0.648780487804878,0.0666666666666667,0.0471544715447155,0.648780487804878,0.0564102564102564,7,0.071
2025,E01006857,0.267373993283162,535,1.2897881202851,535,0.28746432904161,274,1.00868117148347,0.999600509374196,0.0149532710280374,0.467289719626168,0.0291970802919708,0.723364485981309,0.0355140186915888,0.0224299065420561,0.723364485981309,0.0291970802919708,9,0.039
2025,E01006858,2.42195273946592,565,1.43455951408645,565,2.31734534675531,419,0.998366019809723,1.00227830308848,0.129203539823009,0.431858407079646,0.157517899761337,0.821238938053097,0.242477876106195,0.205309734513274,0.821238938053097,0.250596658711217,2,0.242
2025,E01006859,0.369236803975918,640,1.158866185748,640,0.445589800983183,376,0.995413443365445,0.996493937648957,0.021875,0.390625,0.0345744680851064,0.659375,0.040625,0.03125,0.659375,0.0478723404255319,8,0.044
2025,E01006860,1.04896969618206,591,0.899527086826106,591,1.08428153082327,392,0.994581036586725,1.00227081038726,0.0609137055837564,0.291032148900169,0.086734693877551,0.510998307952623,0.165820642978003,0.0879864636209814,0.510998307952623,0.114795918367347,3,0.178
2025,E01006861,1.11029772567908,699,0.506209110577648,699,1.01151020932938,472,1.00298354682194,1.00487249211586,0.0629470672389127,0.167381974248927,0.0720338983050848,0.286123032904149,0.309012875536481,0.0929899856938484,0.286123032904149,0.108050847457627,1,0.317
2025,E01006862,0.453753022018571,955,0.395635127039892,955,0.420072165030057,696,0.995768893262656,1.00194064387705,0.025130890052356,0.119371727748691,0.028735632183908,0.226178010471204,0.218848167539267,0.0387434554973822,0.226178010471204,0.0459770114942529,2,0.231
2025,E01006863,1.5594096782699,739,0.843653501128612,739,1.3777763994884,472,0.985215226331665,1.00447404417993,0.0798376184032476,0.230040595399188,0.0974576271186441,0.488497970230041,0.269282814614344,0.132611637347767,0.488497970230041,0.148305084745763,1,0.263
2025,E01006864,0.930767833963922,760,1.02379849874789,760,0.965683620762582,467,0.978639628932174,0.998107840146436,0.0447368421052632,0.275,0.0663811563169165,0.596052631578947,0.117105263157895,0.0802631578947369,0.596052631578947,0.104925053533191,5,0.106
2025,E01006865,0.882454136929466,1181,0.483594004762727,1181,0.761894480807371,890,1.00413577731608,1.00210589205997,0.0406435224386113,0.166807790008467,0.048314606741573,0.273497036409822,0.320914479254869,0.0762066045723963,0.273497036409822,0.0831460674157303,1,0.326
2025,E01006866,1.6726395070169,628,1.02767320563415,628,1.67004544231702,353,1.00423976850589,1.00685007645997,0.0971337579617834,0.347133757961783,0.127478753541077,0.579617834394905,0.243630573248408,0.140127388535032,0.579617834394905,0.178470254957507,2,0.241
2025,E01006867,0.539319965857423,746,0.910873348290571,746,0.48594134177041,405,0.98589057580428,1.00104153247378,0.0308310991957105,0.264075067024129,0.0395061728395062,0.525469168900804,0.0898123324396783,0.0455764075067024,0.525469168900804,0.0518518518518519,6,0.087
2025,E01006868,1.56407755647366,579,0.913190313390277,579,1.43897224099909,344,0.997647462499759,1.00186015109388,0.0673575129533679,0.281519861830743,0.0930232558139535,0.523316062176166,0.259067357512953,0.136442141623489,0.523316062176166,0.156976744186047,2,0.247
2025,E01006869,1.30994617910936,662,0.824668065473387,662,1.1967282609221,418,0.989530357291228,0.999617710947007,0.0694864048338369,0.261329305135952,0.0861244019138756,0.472809667673716,0.25226586102719,0.11178247734139,0.472809667673716,0.129186602870813,2,0.265
2025,E01006870,2.34390681611425,591,1.34470356407233,591,2.32761752532167,397,0.983262278427138,1.00035692926522,0.115059221658206,0.38409475465313,0.161209068010076,0.776649746192893,0.262267343485618,0.201353637901861,0.776649746192893,0.251889168765743,1,0.266
2025,E01006871,1.48602316324445,699,0.61265102768827,699,1.29884715997016,486,0.996003079045392,1.00343165900688,0.067238912732475,0.175965665236052,0.0843621399176955,0.353361945636624,0.34620886981402,0.128755364806867,0.353361945636624,0.141975308641975,1,0.335
2025,E01006872,1.70633950495126,869,0.560754192144527,869,1.43357527276861,687,0.984386274413983,1.00355715458097,0.0701956271576525,0.143843498273878,0.0829694323144105,0.327963176064442,0.375143843498274,0.149597238204833,0.327963176064442,0.158660844250364,1,0.37
2025,E01006873,1.41759341495169,540,0.526779571597281,540,1.25802909112168,359,1.00874958986364,1.00871851190495,0.0740740740740741,0.181481481481482,0.0947075208913649,0.296296296296296,0.425925925925926,0.12037037037037,0.296296296296296,0.133704735376045,1,0.435
2025,E01006874,3.19093393293682,553,0.968276845096245,553,2.71086886003234,383,0.996033024178151,1.00695615209199,0.121157323688969,0.274864376130199,0.138381201044386,0.555153707052441,0.515370705244123,0.280289330922242,0.555153707052441,0.302872062663185,1,0.513
2025,E01006875,2.09338570550568,478,1.02768095734531,478,1.97456805120697,333,1.00241719293304,1.00776626147387,0.106694560669456,0.294979079497908,0.132132132132132,0.585774058577406,0.303347280334728,0.177824267782427,0.585774058577406,0.213213213213213,1,0.311
2025,E01006876,1.91048349917788,584,1.52464223232158,584,2.05647001599872,364,0.992443499371952,1.00317234531086,0.0958904109589041,0.453767123287671,0.137362637362637,0.875,0.186643835616438,0.162671232876712,0.875,0.222527472527473,2,0.189
2025,E01006877,2.04660593029347,752,0.919366924554727,752,1.83692716649414,513,0.98424191818874,1.00291606284902,0.0811170212765958,0.26063829787234,0.0974658869395711,0.531914893617021,0.321808510638298,0.179521276595745,0.531914893617021,0.204678362573099,1,0.329
2025,E01006878,1.38123553700028,570,1.41927652057636,570,1.62857086895362,329,0.990449143340254,1.00282288739186,0.0719298245614035,0.410526315789474,0.109422492401216,0.817543859649123,0.13859649122807,0.117543859649123,0.817543859649123,0.17629179331307,3,0.157
2025,E01006879,1.94406606053651,563,1.16339250123359,563,1.88232555505747,319,0.999140432626113,1.00483076070525,0.101243339253996,0.371225577264654,0.147335423197492,0.662522202486679,0.246891651865009,0.165186500888099,0.662522202486679,0.200626959247649,2,0.241
2025,E01006880,2.6170135101328,630,0.960264247270809,630,2.40076034135687,475,0.982398834202169,1.00659174796448,0.115873015873016,0.273015873015873,0.147368421052632,0.555555555555556,0.401587301587302,0.226984126984127,0.555555555555556,0.263157894736842,1,0.413
2025,E01006881,2.08462668466259,609,0.86580525937096,609,1.87917969007673,435,0.978616340271793,1.0031840515028,0.077175697865353,0.215106732348112,0.101149425287356,0.505747126436782,0.374384236453202,0.183908045977012,0.505747126436782,0.209195402298851,1,0.379
2025,E01006882,0.179826156315865,408,1.43738489316745,408,0.209401361437657,190,1.02777267453986,1.00312575170837,0.0122549019607843,0.561274509803922,0.0210526315789474,0.79656862745098,0.0196078431372549,0.0147058823529412,0.79656862745098,0.0210526315789474,9,0.036
2025,E01006883,0.806955730095662,504,1.2557657890141,504,1.0447518834942,262,1.01114294920035,0.99993373135188,0.0496031746031746,0.450396825396825,0.083969465648855,0.706349206349206,0.0813492063492063,0.0674603174603175,0.706349206349206,0.110687022900763,7,0.07
2025,E01006884,0.861781967594623,529,1.33455007094965,529,0.935690561807222,287,1.01485389953447,1.00048891716016,0.0529300567107751,0.480151228733459,0.083623693379791,0.752362948960302,0.0907372400756144,0.0718336483931947,0.752362948960302,0.0975609756097561,6,0.097
2025,E01006885,0.374026201133777,445,1.35203889828554,445,0.440956251980421,237,1.01895615372069,1.00348905346222,0.0224719101123596,0.489887640449438,0.0379746835443038,0.757303370786517,0.049438202247191,0.0314606741573034,0.757303370786517,0.0464135021097046,7,0.052
2025,E01006886,0.52120069601486,469,1.50031586091726,469,0.557522386629053,223,1.0170816073968,1.00136245471708,0.0362473347547974,0.567164179104478,0.0493273542600897,0.840085287846482,0.0533049040511727,0.0426439232409382,0.840085287846482,0.0582959641255605,8,0.055
2025,E01006887,0.871840094574102,540,0.973082754414956,540,0.831725960671771,357,1.01080034485226,1.00451732093912,0.0462962962962963,0.337037037037037,0.0588235294117647,0.548148148148148,0.127777777777778,0.0740740740740741,0.548148148148148,0.0896358543417367,4,0.121
2025,E01006888,0.795167650788411,463,1.44462471289717,463,1.18462430713506,211,1.02670663223775,1.00240767867124,0.0583153347732181,0.565874730021598,0.109004739336493,0.799136069114471,0.0734341252699784,0.0647948164146868,0.799136069114471,0.123222748815166,8,0.059
2025,E01006889,0.414861513740098,510,1.30361988872173,510,0.519567580618366,251,1.01111020473569,0.999116405291302,0.0235294117647059,0.43921568627451,0.0398406374501992,0.73921568627451,0.0509803921568627,0.0352941176470588,0.73921568627451,0.0557768924302789,8,0.04
2025,E01006890,1.24733587840311,554,1.31780787391465,554,1.46599366834849,303,0.999996033712539,1.00328252717127,0.072202166064982,0.436823104693141,0.115511551155116,0.745487364620939,0.135379061371841,0.104693140794224,0.745487364620939,0.155115511551155,3,0.141
2025,E01006891,0.425630856471336,585,1.05807274359621,585,0.45529255250199,335,1.01122701847828,1.00298585953288,0.0239316239316239,0.365811965811966,0.0388059701492537,0.594871794871795,0.082051282051282,0.0358974358974359,0.594871794871795,0.0477611940298508,6,0.087
2025,E01006892,0.700364702721679,518,0.807022111968341,518,0.939108070273954,284,1.00887354287408,1.00203390434712,0.0482625482625483,0.299227799227799,0.0845070422535211,0.451737451737452,0.133204633204633,0.0579150579150579,0.451737451737452,0.0985915492957746,5,0.122
2025,E01006893,1.4778243077619,538,1.36823903334792,538,1.78166194431835,293,0.993283835277733,1.00073476901489,0.0855018587360595,0.4182156133829,0.133105802047782,0.784386617100372,0.154275092936803,0.12453531598513,0.784386617100372,0.191126279863481,4,0.143
2025,E01006894,0.635717942676306,545,0.982906705824743,545,0.801499974132699,259,1.02540660810895,1.00518786315735,0.0385321100917431,0.361467889908257,0.0656370656370656,0.548623853211009,0.0880733944954129,0.0532110091743119,0.548623853211009,0.0849420849420849,5,0.1
2025,E01006895,0.538330742483247,556,1.19562827426573,556,0.76643293505105,269,1.02488178923532,0.999905104718643,0.0323741007194245,0.456834532374101,0.0594795539033457,0.669064748201439,0.0629496402877698,0.0449640287769784,0.669064748201439,0.0817843866171004,9,0.053
2025,E01006896,0.978673888503955,600,1.45558802334315,600,1.21924382688244,271,1.01836838844021,1.00305196750103,0.0583333333333333,0.535,0.0959409594095941,0.813333333333333,0.0966666666666667,0.0816666666666667,0.813333333333333,0.129151291512915,4,0.096
2025,E01006897,0.946428032680954,582,1.12919606043421,582,1.03648198560831,322,1.00677811658637,1.00400986942375,0.0498281786941581,0.371134020618557,0.0745341614906832,0.639175257731959,0.127147766323024,0.0807560137457045,0.639175257731959,0.111801242236025,4,0.115
2025,E01006898,1.57626296012203,675,1.29040212227363,675,1.48154836779271,420,1.00578456246462,1.00460257051177,0.0711111111111111,0.414814814814815,0.0928571428571429,0.733333333333333,0.191111111111111,0.136296296296296,0.733333333333333,0.161904761904762,2,0.188
2025,E01006899,1.28073581846149,765,1.02737926477576,765,1.1903045658721,590,0.996677744387614,1.00513310525844,0.0705882352941176,0.318954248366013,0.0830508474576271,0.584313725490196,0.202614379084967,0.108496732026144,0.584313725490196,0.128813559322034,2,0.212
2025,E01006900,0.56640444274031,1205,0.675840019321536,1205,0.551334402147797,843,0.983172430445104,0.998743302744314,0.0298755186721992,0.187551867219917,0.0391459074733096,0.39253112033195,0.126141078838174,0.0481327800829876,0.39253112033195,0.0593119810201661,5,0.119
2025,E01006901,0.415115694076357,562,0.998168365766203,562,0.45758401756642,317,0.995359394699943,1.00029989860568,0.0284697508896797,0.311387900355872,0.0410094637223975,0.571174377224199,0.0658362989323843,0.0338078291814947,0.571174377224199,0.0473186119873817,6,0.069
2025,E01006903,1.89045225063924,685,0.837888072892726,685,1.8652356170797,429,0.994713649306358,1.00695552059231,0.091970802919708,0.262773722627737,0.121212121212121,0.477372262773723,0.335766423357664,0.162043795620438,0.477372262773723,0.202797202797203,1,0.316
2025,E01006904,1.40453707252186,601,1.35064323153261,601,1.74022436004637,302,1.00039086786819,1.00496734073048,0.0715474209650582,0.425956738768719,0.115894039735099,0.768718801996672,0.161397670549085,0.119800332778702,0.768718801996672,0.188741721854305,3,0.174
2025,E01006905,1.36529142865685,557,0.71697416936507,557,1.24753301748336,314,1.00879760181428,1.00803623671099,0.0574506283662478,0.242369838420108,0.089171974522293,0.402154398563734,0.33572710951526,0.118491921005386,0.402154398563734,0.133757961783439,1,0.326
2025,E01006906,1.34903748306457,591,1.24379903690964,591,1.29374013866108,354,0.994431797642391,1.0030188778877,0.0693739424703892,0.375634517766498,0.096045197740113,0.71404399323181,0.155668358714044,0.115059221658206,0.71404399323181,0.138418079096045,3,0.15
2025,E01006907,1.39137041238226,657,1.05669422800843,657,1.33745247589142,363,0.998602504844343,1.00528365336995,0.0745814307458143,0.342465753424658,0.104683195592286,0.599695585996956,0.200913242009132,0.118721461187215,0.599695585996956,0.143250688705234,2,0.205
2025,E01006908,2.5315086459845,581,0.913224188412572,581,2.2504491574351,389,0.985967903113508,1.00231062767214,0.101549053356282,0.27710843373494,0.12853470437018,0.524956970740103,0.413080895008606,0.222030981067126,0.524956970740103,0.249357326478149,1,0.385
2025,E01006909,2.35024925805404,490,0.733031061784657,490,2.07242790325679,325,1.00722854198154,1.00815494890192,0.0897959183673469,0.212244897959184,0.104615384615385,0.418367346938776,0.506122448979592,0.206122448979592,0.418367346938776,0.230769230769231,1,0.498
2025,E01006910,1.23602768129478,716,0.780619363283581,716,1.1394442053843,473,0.999476015382711,1.00456368331644,0.053072625698324,0.21927374301676,0.0697674418604651,0.449720670391061,0.254189944134078,0.107541899441341,0.449720670391061,0.124735729386892,2,0.258
2025,E01006911,0.4636903990107,560,1.24296871196394,560,0.575968564838889,231,1.02000611587616,1.00196333206584,0.0267857142857143,0.4625,0.051948051948052,0.694642857142857,0.0571428571428571,0.0392857142857143,0.694642857142857,0.0606060606060606,6,0.062
2025,E01006912,1.15587556657942,665,0.571883537431651,665,0.902501767928722,461,0.989254095585982,1.00150193647823,0.0631578947368421,0.183458646616541,0.0629067245119306,0.32781954887218,0.296240601503759,0.0977443609022556,0.32781954887218,0.0976138828633406,2,0.27
2025,E01006913,1.18156248254151,561,0.660901508328172,561,1.26352517910197,330,1.0192175856819,1.00680305826597,0.0623885918003565,0.228163992869875,0.096969696969697,0.368983957219251,0.311942959001783,0.0998217468805704,0.368983957219251,0.133333333333333,1,0.314
2025,E01006914,0.225966972135722,482,1.38062963696289,482,0.328265989975348,235,1.01874259001047,1.00081453453842,0.0145228215767635,0.514522821576763,0.0297872340425532,0.773858921161826,0.029045643153527,0.0186721991701245,0.773858921161826,0.0340425531914894,9,0.025
2025,E01006915,1.86409541439307,609,1.2259428313948,609,2.07136553930732,370,1.01150079282863,1.00455594019743,0.106732348111658,0.423645320197044,0.162162162162162,0.689655172413793,0.200328407224959,0.155993431855501,0.689655172413793,0.218918918918919,2,0.202
2025,E01006916,1.08762990938854,571,1.37801045661497,571,1.13678956959764,332,0.99939134013826,1.00386243355259,0.0647985989492119,0.432574430823117,0.0903614457831325,0.786339754816112,0.110332749562172,0.0910683012259194,0.786339754816112,0.120481927710843,3,0.129
2025,E01006917,0.267131748360275,615,1.37319972200952,615,0.28853440442377,357,1.01055137710717,1.00089186417464,0.0146341463414634,0.482926829268293,0.0224089635854342,0.775609756097561,0.0308943089430894,0.0227642276422764,0.775609756097561,0.030812324929972,9,0.035
2025,E01006918,0.920096475290211,434,1.41168174526047,434,1.25300881671051,237,0.996603022496769,1.00050493139111,0.0506912442396313,0.451612903225806,0.0928270042194093,0.806451612903226,0.0990783410138249,0.0783410138248848,0.806451612903226,0.135021097046414,6,0.089
2025,E01006919,1.77439563815301,681,0.838647021190334,681,1.66397920577447,440,1.00121776042554,1.00608328929818,0.0954478707782673,0.268722466960352,0.125,0.475770925110132,0.325991189427313,0.149779735682819,0.475770925110132,0.177272727272727,1,0.332
2025,E01006920,0.984286460496744,608,1.28705673685337,608,1.04246645282929,382,1.01182699091254,1.00169359152835,0.0592105263157895,0.472039473684211,0.0863874345549738,0.723684210526316,0.118421052631579,0.0822368421052632,0.723684210526316,0.109947643979058,6,0.127
2025,E01006921,0.415085759606658,492,1.26628693494021,492,0.547623125503983,260,1.02612198817789,0.998815144234045,0.0284552845528455,0.51219512195122,0.05,0.703252032520325,0.0589430894308943,0.0345528455284553,0.703252032520325,0.0576923076923077,8,0.063
2025,E01006922,0.36076645195127,500,1.35009408316822,500,0.466858361698176,261,1.03188212406532,1.00059550339133,0.022,0.572,0.0344827586206897,0.74,0.038,0.03,0.74,0.0498084291187739,8,0.045
2025,E01006923,0.601459929610664,563,1.27412050513084,563,0.629565678533745,309,1.02620295758486,1.00603640939357,0.0355239786856128,0.479573712255773,0.0550161812297735,0.708703374777975,0.0621669626998224,0.0497335701598579,0.708703374777975,0.0647249190938511,7,0.08
2025,E01006924,1.79961568077395,602,0.909912174454264,602,1.55561362642043,472,1.00842274311641,1.00672828645086,0.0913621262458472,0.32890365448505,0.10593220338983,0.508305647840532,0.300664451827243,0.152823920265781,0.508305647840532,0.167372881355932,2,0.297
2025,E01006925,1.21877518802456,648,0.855958937914109,648,1.10336888898969,465,1.00752802904249,1.00360086814214,0.0601851851851852,0.283950617283951,0.0731182795698925,0.484567901234568,0.223765432098765,0.104938271604938,0.484567901234568,0.120430107526882,3,0.209
2025,E01006926,0.21260970340801,610,1.38471410332235,610,0.216156683592382,350,1.03280624784843,1.0017712135358,0.0114754098360656,0.544262295081967,0.0171428571428571,0.768852459016394,0.0213114754098361,0.0180327868852459,0.768852459016394,0.0228571428571429,10,0.032
2025,E01006927,0.935820951933246,641,1.01492776313095,641,1.04393618624689,410,1.01334036649065,1.0015988807422,0.0592823712948518,0.34789391575663,0.0902439024390244,0.575663026521061,0.117004680187208,0.078003120124805,0.575663026521061,0.109756097560976,6,0.108
2025,E01006928,0.767035331328855,503,1.33178972397808,503,0.792975821579371,336,1.01578208534433,0.998960880115648,0.0397614314115308,0.479125248508946,0.0535714285714286,0.751491053677933,0.0755467196819086,0.0656063618290259,0.751491053677933,0.0863095238095238,8,0.076
2025,E01006929,1.3525919842796,546,1.40851789619929,546,1.44126911582908,297,1.00022668122296,0.998557566390238,0.0714285714285714,0.470695970695971,0.104377104377104,0.802197802197802,0.13003663003663,0.115384615384615,0.802197802197802,0.154882154882155,5,0.137
2025,E01006930,1.11955817457439,536,1.3340891602171,536,1.33022376582502,322,1.01024523600228,1.00804902582913,0.0671641791044776,0.460820895522388,0.108695652173913,0.748134328358209,0.132462686567164,0.0932835820895522,0.748134328358209,0.139751552795031,5,0.148
2025,E01006931,0.888322456843156,565,1.33901750529681,565,1.09133034633645,337,1.00628137437395,0.998770129480253,0.0548672566371681,0.463716814159292,0.0890207715133531,0.75929203539823,0.0884955752212389,0.0743362831858407,0.75929203539823,0.115727002967359,8,0.061
2025,E01006932,0.417863611245067,516,1.49557315483514,516,0.522822863461396,274,1.01122442112136,0.998685417550726,0.0271317829457364,0.542635658914729,0.0474452554744526,0.839147286821705,0.0445736434108527,0.0348837209302326,0.839147286821705,0.0547445255474453,9,0.041
2025,E01006933,0.845027546044503,491,1.23519940418364,491,0.796453849458829,310,0.993172338353873,1.00096616895227,0.0386965376782077,0.380855397148676,0.0516129032258065,0.706720977596741,0.10183299389002,0.0733197556008147,0.706720977596741,0.0870967741935484,5,0.135
2025,E01006934,0.928215632766216,539,1.40197945676689,539,0.863528532014578,363,0.994074026305939,1.00162956347102,0.0445269016697588,0.437847866419295,0.0578512396694215,0.801484230055659,0.10760667903525,0.0797773654916512,0.801484230055659,0.09366391184573,5,0.105
2025,E01006935,0.791951012479994,606,1.38344203903858,606,0.739573570774052,421,1.00436782835085,1.00219964701313,0.0445544554455446,0.450495049504951,0.0522565320665083,0.785478547854785,0.0759075907590759,0.0676567656765677,0.785478547854785,0.0807600950118765,6,0.089
2025,E01006936,0.451321651006541,569,1.05084951912289,569,0.446349257969328,374,1.02625893968615,0.998787894563825,0.0246045694200352,0.407732864674868,0.0347593582887701,0.585237258347979,0.0685413005272408,0.0386643233743409,0.585237258347979,0.0481283422459893,8,0.075
2025,E01006937,0.472537027049263,436,1.57677680087142,436,0.64347275867586,236,1.01794617998648,0.999040240433689,0.0321100917431193,0.56651376146789,0.0550847457627119,0.88302752293578,0.0412844036697248,0.0389908256880734,0.88302752293578,0.0677966101694915,9,0.035
2025,E01006938,0.517009296105884,478,1.01284886973975,478,0.547055160294597,289,1.01606000569472,0.995006679091627,0.0292887029288703,0.387029288702929,0.041522491349481,0.566945606694561,0.0606694560669456,0.0439330543933054,0.566945606694561,0.0588235294117647,7,0.059
2025,E01006939,0.781532429319471,549,1.25003565949822,549,0.837539111741902,343,0.995711612139182,0.998204495321957,0.0473588342440802,0.39344262295082,0.075801749271137,0.717668488160291,0.0837887067395264,0.0655737704918033,0.717668488160291,0.087463556851312,6,0.092
2025,E01006940,0.64935010486839,480,1.1618448690515,480,0.564394943415516,283,1.01314014209142,0.999470961652339,0.03125,0.41875,0.0459363957597173,0.654166666666667,0.0770833333333333,0.05625,0.654166666666667,0.0600706713780919,7,0.074
2025,E01006941,0.628455826387574,525,1.21610214808583,525,0.760777593243095,282,1.0210242105279,0.99888135481803,0.0438095238095238,0.457142857142857,0.074468085106383,0.678095238095238,0.0647619047619048,0.0514285714285714,0.678095238095238,0.0780141843971631,6,0.084
2025,E01006942,1.10910646160638,490,1.34906190949491,490,1.1960951935503,280,0.993649122188029,1.00068637742757,0.063265306122449,0.412244897959184,0.0892857142857143,0.773469387755102,0.112244897959184,0.0938775510204082,0.773469387755102,0.128571428571429,5,0.111
2025,E01006943,0.45589600551245,404,1.58620087076618,404,0.668358979727266,204,1.01458397340386,0.998376979317177,0.0346534653465347,0.581683168316832,0.0686274509803922,0.888613861386139,0.0396039603960396,0.0371287128712871,0.888613861386139,0.0686274509803922,10,0.032
2025,E01006944,0.884493781517221,716,0.637904327587017,716,0.761207945102274,571,1.02677922703179,1.00281075808889,0.0405027932960894,0.222067039106145,0.0455341506129597,0.358938547486034,0.160614525139665,0.0768156424581006,0.358938547486034,0.0840630472854641,2,0.177
2025,E01006945,1.39074002374252,679,1.04197072803151,679,1.30376074242909,480,0.987144489333849,0.998232175023691,0.0648011782032401,0.30780559646539,0.08125,0.600883652430044,0.191458026509573,0.120765832106038,0.600883652430044,0.14375,2,0.188
2025,E01006946,1.00808720192946,615,1.21469610069846,615,1.11743614501026,387,1.0199744935451,1.00228185846006,0.0601626016260163,0.465040650406504,0.0878552971576227,0.679674796747968,0.123577235772358,0.0845528455284553,0.679674796747968,0.118863049095607,5,0.117
2025,E01006947,0.703429423692004,546,1.46181956051633,546,0.831488872664836,307,1.02577746508357,1.00444507912154,0.043956043956044,0.567765567765568,0.0684039087947883,0.811355311355311,0.0732600732600733,0.0586080586080586,0.811355311355311,0.0879478827361564,7,0.078
2025,E01006948,1.84323726435944,569,0.897597283635327,569,1.59120616511094,420,1.01307279115827,1.00437651486076,0.105448154657293,0.330404217926186,0.121428571428571,0.502636203866432,0.263620386643234,0.154657293497364,0.502636203866432,0.169047619047619,2,0.28
2025,E01006949,1.13871777387676,647,1.12075639325534,647,1.17129770152901,465,1.03325998727395,1.00372619629117,0.0571870170015456,0.445131375579598,0.0795698924731183,0.619783616692427,0.129829984544049,0.0973724884080371,0.619783616692427,0.126881720430108,6,0.131
2025,E01006950,1.90669566003087,727,1.02668536621995,727,1.64167571481587,579,0.9864007997515,1.00319517343218,0.0701513067400275,0.279229711141678,0.0811744386873921,0.59009628610729,0.277854195323246,0.169188445667125,0.59009628610729,0.184801381692573,1,0.271
2025,E01006951,1.04145446146733,651,1.04905677371695,651,0.926692465450543,461,1.01678084256789,0.999033701053153,0.0552995391705069,0.384024577572965,0.06941431670282,0.589861751152074,0.138248847926267,0.0890937019969278,0.589861751152074,0.0997830802603037,5,0.119
2025,E01006952,2.37713484261967,450,0.867667560940119,450,1.97431270617671,339,0.989265123245844,1.00365806335987,0.104444444444444,0.237777777777778,0.115044247787611,0.5,0.404444444444444,0.206666666666667,0.5,0.218289085545723,1,0.395
2025,E01006953,1.68463209971155,539,0.93135909027845,539,1.48141773824059,371,0.995874115727546,1.00393453603637,0.0797773654916512,0.289424860853432,0.0943396226415094,0.532467532467532,0.230055658627087,0.144712430426716,0.532467532467532,0.161725067385445,2,0.256
2025,E01006954,1.40884496649952,513,1.2623108437795,513,1.56580029411821,293,1.01303033793298,1.00197999361293,0.0818713450292398,0.43859649122807,0.122866894197952,0.711500974658869,0.134502923976608,0.118908382066277,0.711500974658869,0.167235494880546,4,0.14
2025,E01006955,0.739062152760497,492,1.25969681932501,492,0.69242409636531,270,0.996909336900178,0.99883999480015,0.040650406504065,0.388211382113821,0.0555555555555556,0.723577235772358,0.0894308943089431,0.0630081300813008,0.723577235772358,0.0740740740740741,6,0.095
2025,E01006956,1.64829021116221,491,1.33110164393294,491,1.70601065650992,300,0.972063283368369,0.997899413923855,0.0875763747454175,0.35234215885947,0.126666666666667,0.778004073319756,0.189409368635438,0.140529531568228,0.778004073319756,0.183333333333333,2,0.201
2025,E01006957,1.78188304826627,577,0.830744394851734,577,1.5368070567238,388,0.97865044542597,1.00052517356604,0.0693240901213172,0.204506065857886,0.0927835051546392,0.48526863084922,0.308492201039861,0.157712305025997,0.48526863084922,0.170103092783505,1,0.322
2025,E01006958,1.94589817973188,511,1.17616173330802,511,1.86228278732866,326,0.990159707763189,0.998862706632233,0.0841487279843444,0.354207436399217,0.113496932515337,0.677103718199609,0.240704500978474,0.170254403131115,0.677103718199609,0.205521472392638,2,0.201
2025,E01006959,1.30571703610426,501,1.32191965685994,501,1.28874658882182,297,0.992248464803974,0.999116789582353,0.0558882235528942,0.401197604790419,0.0774410774410774,0.758483033932136,0.139720558882236,0.11377245508982,0.758483033932136,0.141414141414141,3,0.148
2025,E01006960,0.97494055720272,399,1.58862039363242,399,1.36175228277556,192,1.01254653299134,1.00066778375962,0.0551378446115288,0.551378446115288,0.104166666666667,0.894736842105263,0.0927318295739348,0.0827067669172932,0.894736842105263,0.145833333333333,3,0.103
2025,E01006961,2.71914992519289,625,1.20694340918089,625,2.56855092825177,442,0.993964159861977,1.00215452220117,0.1312,0.3536,0.171945701357466,0.6944,0.336,0.2352,0.6944,0.280542986425339,1,0.352
2025,E01006962,1.99840389039009,564,0.977091656723683,564,1.81340966958132,385,1.00277337186402,1.0037575523608,0.104609929078014,0.292553191489362,0.12987012987013,0.560283687943262,0.25177304964539,0.170212765957447,0.560283687943262,0.194805194805195,2,0.23
2025,E01006963,2.90201854030997,568,1.06465462551021,568,2.67343307932905,456,0.993956958989222,1.00060106317805,0.132042253521127,0.292253521126761,0.164473684210526,0.61443661971831,0.422535211267606,0.251760563380282,0.61443661971831,0.293859649122807,1,0.44
2025,E01006964,2.98069089039189,638,1.28288856221869,638,2.73358699360959,425,0.991016163323688,1.00297619450423,0.126959247648903,0.357366771159875,0.164705882352941,0.739811912225705,0.344827586206897,0.260188087774295,0.739811912225705,0.301176470588235,1,0.353
2025,E01006965,2.28668647919342,518,0.976689826907287,518,2.07228697531948,357,1.01430265291277,1.00591830598174,0.108108108108108,0.326254826254826,0.140056022408964,0.55019305019305,0.355212355212355,0.196911196911197,0.55019305019305,0.224089635854342,1,0.352
2025,E01006966,2.06703244609531,632,0.983931931568651,632,2.06509418276463,424,1.00613493935638,1.0019645439748,0.106012658227848,0.310126582278481,0.143867924528302,0.563291139240506,0.286392405063291,0.177215189873418,0.563291139240506,0.224056603773585,2,0.273
2025,E01006967,2.09760506909139,749,0.78289842397117,749,1.75047530805742,583,0.985358645238894,1.0038782258497,0.0694259012016021,0.198931909212283,0.0823327615780446,0.455273698264353,0.389853137516689,0.186915887850467,0.455273698264353,0.197255574614065,1,0.365
2025,E01006968,1.87105936669624,935,0.98275857241426,935,1.55296126354717,705,0.976398247080025,0.999819857282415,0.067379679144385,0.252406417112299,0.0765957446808511,0.574331550802139,0.284491978609626,0.165775401069519,0.574331550802139,0.174468085106383,1,0.268
2025,E01006969,1.42301133654793,581,1.24685227162122,581,1.33120716761289,415,0.984847296418718,0.999867063115529,0.0688468158347676,0.352839931153184,0.0867469879518072,0.719449225473322,0.153184165232358,0.122203098106713,0.719449225473322,0.144578313253012,2,0.183
2025,E01006970,1.72363404394057,681,1.19797800986438,681,1.46524335595219,502,0.984505283916656,0.996251964919279,0.0763582966226138,0.336270190895742,0.0896414342629482,0.696035242290749,0.187958883994126,0.149779735682819,0.696035242290749,0.161354581673307,2,0.178
2025,E01006971,0.748549410552285,645,0.957246755648291,645,0.728026649270708,482,1.02106170383744,1.00174672575232,0.048062015503876,0.350387596899225,0.0601659751037344,0.534883720930233,0.0883720930232558,0.062015503875969,0.534883720930233,0.0767634854771784,5,0.101
2025,E01006972,0.767459218445149,669,0.813167425652365,669,0.759412257923774,506,1.03087436199206,1.00224892540829,0.038863976083707,0.306427503736921,0.0494071146245059,0.45440956651719,0.101644245142003,0.0657698056801196,0.45440956651719,0.08300395256917,5,0.132
2025,E01006973,0.824868575772852,534,0.971743458210195,534,0.801991229528617,396,1.02530388578853,1.00211980340042,0.0393258426966292,0.367041198501873,0.047979797979798,0.543071161048689,0.108614232209738,0.0711610486891386,0.543071161048689,0.0883838383838384,7,0.091
2025,E01006974,0.6115905506538,566,1.11837342409645,566,0.705087182127139,361,1.01568500523001,0.996750503068337,0.0371024734982332,0.411660777385159,0.0581717451523546,0.630742049469965,0.0583038869257951,0.0512367491166078,0.630742049469965,0.074792243767313,9,0.044
2025,E01006976,1.38630156817958,525,1.28391811654333,525,1.348774528472,301,1.00324016878054,0.999846252051969,0.0742857142857143,0.436190476190476,0.109634551495017,0.725714285714286,0.15047619047619,0.118095238095238,0.725714285714286,0.142857142857143,4,0.152
2025,E01006977,1.30350570070643,782,0.57377182490268,782,1.10910556806483,572,1.00735290445669,1.00197287318293,0.0690537084398977,0.181585677749361,0.0769230769230769,0.327365728900256,0.248081841432225,0.111253196930946,0.327365728900256,0.120629370629371,2,0.264
2025,E01006978,1.12500611936175,482,1.43351783380549,482,1.47152587438058,232,1.00811792426767,1.00228999647469,0.0726141078838174,0.491701244813278,0.125,0.811203319502075,0.101659751037344,0.0933609958506224,0.811203319502075,0.155172413793103,5,0.091
2025,E01006979,1.75264375829626,561,0.694787998977238,561,1.60327387874266,455,1.00194887514288,1.00420725187166,0.0819964349376114,0.221033868092692,0.101098901098901,0.393939393939394,0.352941176470588,0.149732620320856,0.393939393939394,0.173626373626374,1,0.336
2025,E01006980,2.16528270494675,542,0.922926524173519,542,1.80654597556737,443,0.994244732441575,1.00591827927745,0.0738007380073801,0.236162361623616,0.0835214446952596,0.535055350553506,0.359778597785978,0.191881918819188,0.535055350553506,0.203160270880361,1,0.358
2025,E01006981,1.85471740605833,536,0.852325823816202,536,1.66029207694775,397,1.00414758598415,1.00351302909621,0.0876865671641791,0.287313432835821,0.10831234256927,0.483208955223881,0.332089552238806,0.16044776119403,0.483208955223881,0.181360201511335,1,0.33
2025,E01006982,1.49223648813359,482,1.37797108427642,482,1.60907564305657,290,1.01405211776161,1.00116886663148,0.0892116182572614,0.487551867219917,0.13448275862069,0.773858921161826,0.170124481327801,0.12448132780083,0.773858921161826,0.168965517241379,3,0.155
2025,E01006983,0.996407809853506,614,0.902533220807972,614,1.03614340983696,354,0.993561782452009,0.998591416088603,0.0488599348534202,0.278501628664495,0.0706214689265537,0.519543973941368,0.144951140065147,0.0863192182410423,0.519543973941368,0.112994350282486,4,0.137
2025,E01006984,1.93871704722506,461,0.876373951733399,461,1.62434263398962,374,1.01182359223672,1.00401347106573,0.101952277657267,0.301518438177874,0.106951871657754,0.494577006507592,0.3470715835141,0.164859002169197,0.494577006507592,0.176470588235294,1,0.36
2025,E01006985,0.272612808454056,517,1.27138978752817,517,0.252786389618701,264,1.02043404488159,0.999050385003444,0.0154738878143133,0.479690522243714,0.0227272727272727,0.711798839458414,0.0290135396518375,0.02321083172147,0.711798839458414,0.0265151515151515,10,0.029
2025,E01006986,0.216926045366183,452,0.944513580407806,452,0.276360070450895,249,1.0323105265354,1.00009155568329,0.0154867256637168,0.396017699115044,0.0281124497991968,0.519911504424779,0.0398230088495575,0.0176991150442478,0.519911504424779,0.0281124497991968,9,0.043
2025,E01006987,0.595196090466462,485,1.41047486910017,485,0.7243174675181,250,1.03162090592158,1.00129632630871,0.0371134020618557,0.575257731958763,0.064,0.777319587628866,0.0597938144329897,0.0494845360824742,0.777319587628866,0.076,9,0.055
2025,E01006988,0.697021240723177,552,0.996324779232671,552,0.761107728285428,353,1.01550349839922,1.00389229772507,0.0307971014492754,0.356884057971014,0.0481586402266289,0.559782608695652,0.108695652173913,0.0597826086956522,0.559782608695652,0.0821529745042493,6,0.128
2025,E01006989,0.410149054481722,477,1.3161690445801,477,0.522544321669384,238,1.02347288575672,0.997389610395822,0.0293501048218029,0.530398322851153,0.046218487394958,0.733752620545073,0.0524109014675052,0.0335429769392034,0.733752620545073,0.0546218487394958,9,0.045
2025,E01006990,0.441945710854079,421,1.26349741265465,421,0.528641629106699,207,1.02510429283425,1.00007193945045,0.0308788598574822,0.515439429928741,0.0531400966183575,0.700712589073634,0.0451306413301663,0.0356294536817102,0.700712589073634,0.0531400966183575,10,0.022
2025,E01006991,0.329061716549207,540,1.45185834667545,540,0.398683086868744,275,1.02140953008836,0.999693342325477,0.0185185185185185,0.55,0.0254545454545455,0.811111111111111,0.0333333333333333,0.0277777777777778,0.811111111111111,0.0436363636363636,10,0.036
2025,E01006992,0.305695437468854,474,0.865203160683668,474,0.205549377186939,322,1.00911322301287,1.00312011095887,0.0189873417721519,0.284810126582279,0.015527950310559,0.489451476793249,0.0654008438818566,0.0253164556962025,0.489451476793249,0.0217391304347826,8,0.076
2025,E01006993,0.263290552187818,509,1.34164022913406,509,0.418624493304917,251,1.02159061220642,1.00051698383018,0.0176817288801572,0.524557956777996,0.0358565737051793,0.744597249508841,0.0255402750491159,0.0216110019646365,0.744597249508841,0.0438247011952191,10,0.028
2025,E01006994,1.79666448390483,586,1.43130916911193,586,1.60230021537463,424,0.995722407799564,1.00576438034402,0.0955631399317406,0.42320819112628,0.113207547169811,0.81740614334471,0.187713310580205,0.151877133105802,0.81740614334471,0.172169811320755,3,0.182
2025,E01006995,0.779949599522824,517,1.23243839272768,517,0.759064530593019,366,1.00672456180218,1.00292495016304,0.0522243713733075,0.400386847195358,0.0655737704918033,0.69825918762089,0.0831721470019342,0.0638297872340426,0.69825918762089,0.0792349726775956,6,0.086
2025,E01006996,1.00194980463314,622,1.14115495180941,622,0.83503674926149,471,0.991122513501102,0.999551183560363,0.0482315112540193,0.347266881028939,0.0573248407643312,0.655948553054662,0.141479099678457,0.0868167202572347,0.655948553054662,0.0912951167728238,3,0.151
2025,E01006997,1.2236834912812,550,1.42001870275631,550,1.22333794013229,347,1.00195142332201,1.0022203390767,0.0581818181818182,0.46,0.0835734870317003,0.807272727272727,0.129090909090909,0.105454545454545,0.807272727272727,0.132564841498559,4,0.131
2025,E01006998,1.72002125716527,592,1.46839898920717,592,1.67642642257994,390,1.00844824805941,1.00083918857995,0.103040540540541,0.489864864864865,0.133333333333333,0.829391891891892,0.16722972972973,0.14527027027027,0.829391891891892,0.17948717948718,3,0.162
2025,E01006999,0.8398741390084,632,1.01161374501339,632,0.836310415517983,397,1.01301222454274,1.00297867544248,0.0537974683544304,0.352848101265823,0.0705289672544081,0.572784810126582,0.136075949367089,0.069620253164557,0.572784810126582,0.0881612090680101,5,0.134
2025,E01007000,1.03002717001167,554,0.838492392534744,554,0.926439019716502,428,1.00138163098707,1.00172424619897,0.0505415162454874,0.292418772563177,0.0630841121495327,0.472924187725632,0.203971119133574,0.0884476534296029,0.472924187725632,0.100467289719626,3,0.193
2025,E01007001,1.17860878820378,557,1.2432516878669,557,1.10244192687854,376,0.99697744577466,1.00467685354663,0.0700179533213645,0.385996409335727,0.0851063829787234,0.709156193895871,0.154398563734291,0.0987432675044883,0.709156193895871,0.117021276595745,4,0.141
2025,E01007002,0.15957010793153,959,0.613519948084328,959,0.164810192006972,728,1.00508274272554,0.998941703693265,0.00938477580813347,0.225234619395203,0.0123626373626374,0.344108446298227,0.0573514077163712,0.013555787278415,0.344108446298227,0.0178571428571429,8,0.056
2025,E01007003,2.63409551860643,508,1.03207224717542,508,2.22500462449647,424,0.980234622169752,1.00292206849674,0.114173228346457,0.253937007874016,0.125,0.604330708661417,0.429133858267717,0.230314960629921,0.604330708661417,0.247641509433962,1,0.435
2025,E01007004,3.06493692766074,534,1.19681257247771,534,2.71116445056961,373,0.995400165614987,1.00346851852939,0.151685393258427,0.370786516853933,0.187667560321716,0.685393258426966,0.350187265917603,0.264044943820225,0.685393258426966,0.294906166219839,1,0.354
2025,E01007005,2.88725412306488,547,0.93310351930515,547,2.47220745469732,424,0.989678986356043,1.00189301022376,0.126142595978062,0.276051188299817,0.148584905660377,0.535648994515539,0.455210237659964,0.250457038391225,0.535648994515539,0.27122641509434,1,0.445
2025,E01007006,2.74399441948229,553,1.07754576707641,553,2.31622847765326,448,1.00499315010882,1.00287174807049,0.11754068716094,0.350813743218807,0.138392857142857,0.61121157323689,0.4249547920434,0.23869801084991,0.61121157323689,0.254464285714286,1,0.414
2025,E01007007,1.54071608777594,544,0.549687707993262,544,1.24376452061707,413,0.991258785853199,1.00347535606099,0.0643382352941176,0.163602941176471,0.0677966101694915,0.316176470588235,0.474264705882353,0.134191176470588,0.316176470588235,0.138014527845036,1,0.51
2025,E01007008,2.16783305583706,571,0.833671727583652,571,1.76231802038034,443,0.988804676188683,1.00285989422124,0.108581436077058,0.243432574430823,0.115124153498871,0.478108581436077,0.411558669001751,0.185639229422067,0.478108581436077,0.191873589164786,1,0.413
2025,E01007009,1.37281348896146,745,0.537444247924739,745,1.07229722783643,561,0.982785691745264,1.00191664513991,0.0429530201342282,0.134228187919463,0.0427807486631016,0.312751677852349,0.416107382550336,0.122147651006711,0.312751677852349,0.121212121212121,1,0.406
2025,E01007010,2.22662680687378,573,0.78658009230979,573,1.9497187742332,455,0.987544994695345,1.00152040641792,0.0994764397905759,0.239092495636998,0.116483516483516,0.452006980802792,0.425828970331588,0.193717277486911,0.452006980802792,0.215384615384615,1,0.393
2025,E01007011,1.96431762489827,634,0.643915650725195,634,1.74709127927364,462,0.998584845121347,1.00342153815825,0.0867507886435331,0.192429022082019,0.101731601731602,0.367507886435331,0.414826498422713,0.170347003154574,0.367507886435331,0.192640692640693,1,0.415
2025,E01007012,1.81992598305108,565,0.893165463709869,565,1.77876275280933,387,0.990287084998212,1.00163782802053,0.0902654867256637,0.284955752212389,0.116279069767442,0.507964601769912,0.297345132743363,0.155752212389381,0.507964601769912,0.193798449612403,1,0.291
2025,E01007013,2.84688750707426,633,1.10152586632634,633,2.61044623287628,493,0.991918547658775,1.00153869232219,0.134281200631912,0.304897314375987,0.16632860040568,0.635071090047393,0.369668246445498,0.246445497630332,0.635071090047393,0.286004056795132,1,0.375
2025,E01007014,1.01992750428256,582,1.32589209549064,582,1.21336531782804,327,1.01067158994093,1.002696774898,0.0601374570446735,0.457044673539519,0.100917431192661,0.747422680412371,0.11340206185567,0.0859106529209622,0.747422680412371,0.128440366972477,5,0.105
2025,E01007016,2.11459912262097,649,1.04959138178427,649,2.03584149455941,442,0.993376676972873,1.00387549960284,0.106317411402157,0.309707241910632,0.138009049773756,0.600924499229584,0.315870570107858,0.181818181818182,0.600924499229584,0.221719457013575,1,0.314
2025,E01007017,1.79817666028762,658,0.725707081161869,658,1.47242639963446,522,0.993515326333627,1.00052783549969,0.0866261398176292,0.21580547112462,0.0957854406130268,0.416413373860182,0.320668693009119,0.155015197568389,0.416413373860182,0.160919540229885,1,0.333
2025,E01007019,1.59095594484983,533,0.568616996972257,533,1.3908339471872,459,0.998184512178646,1.00452322018616,0.0881801125703565,0.178236397748593,0.100217864923747,0.324577861163227,0.439024390243902,0.135084427767355,0.324577861163227,0.150326797385621,1,0.454
2025,E01007020,1.45839819728089,470,0.9241008187508,470,1.38039843441997,318,0.999576595933358,1.00369088491666,0.0680851063829787,0.304255319148936,0.0849056603773585,0.523404255319149,0.227659574468085,0.125531914893617,0.523404255319149,0.150943396226415,2,0.213
2025,E01007021,0.540979236266067,449,1.46556851040938,449,0.616527925979123,248,1.02176537906592,0.998062119912472,0.0378619153674833,0.55456570155902,0.0564516129032258,0.819599109131403,0.0579064587973274,0.044543429844098,0.819599109131403,0.0645161290322581,9,0.039
2025,E01007022,2.03933444500442,472,1.29918294720136,472,1.90768465401957,341,1.01087886490257,1.00278143410383,0.110169491525424,0.466101694915254,0.140762463343109,0.730932203389831,0.209745762711864,0.173728813559322,0.730932203389831,0.205278592375367,3,0.219
2025,E01007023,0.583872855083706,432,1.40813826877029,432,0.779130916978155,220,1.0273722354225,1.00041392723455,0.037037037037037,0.546296296296296,0.0681818181818182,0.780092592592593,0.0694444444444445,0.0486111111111111,0.780092592592593,0.0818181818181818,8,0.053
2025,E01007024,0.659570919841328,443,0.505903078512167,443,0.586311923252869,357,1.01590046259093,1.00612463469202,0.0338600451467269,0.173814898419865,0.0364145658263305,0.284424379232506,0.26410835214447,0.0564334085778781,0.284424379232506,0.0644257703081232,2,0.273
2025,E01007025,0.521068768211766,428,1.58888910166542,428,0.648518532316604,200,1.02992877906917,0.998098508319927,0.0303738317757009,0.651869158878505,0.05,0.878504672897196,0.0537383177570094,0.044392523364486,0.878504672897196,0.07,9,0.044
2025,E01007026,1.71745939441565,421,0.903599610515937,421,1.69373305978258,314,1.00109273132098,1.00068864939005,0.106888361045131,0.315914489311164,0.140127388535032,0.508313539192399,0.263657957244656,0.142517814726841,0.508313539192399,0.178343949044586,2,0.261
2025,E01007027,0.324897903063353,787,1.29577637320353,787,0.41710508500697,409,1.02414277851938,1.00072859397529,0.02287166454892,0.509529860228717,0.0366748166259169,0.719186785260483,0.036848792884371,0.0266836086404066,0.719186785260483,0.0440097799511002,9,0.041
2025,E01007028,0.72500564624812,559,1.21786278886658,559,0.778591767556937,332,1.0107159479227,1.00304119632647,0.0339892665474061,0.432915921288014,0.0542168674698795,0.683363148479428,0.0930232558139535,0.0626118067978533,0.683363148479428,0.0843373493975904,6,0.104
2025,E01007029,0.817116851909943,521,1.41640496442021,521,0.790591414675189,332,1.03835146166502,1.0044927618462,0.0460652591170825,0.579654510556622,0.0632530120481928,0.779270633397313,0.103646833013436,0.0690978886756238,0.779270633397313,0.0843373493975904,6,0.107
2025,E01007030,1.26014290256867,576,1.11413589970902,576,1.2841937642151,354,1.0137191008097,1.00395206912114,0.0798611111111111,0.401041666666667,0.104519774011299,0.625,0.154513888888889,0.104166666666667,0.625,0.135593220338983,4,0.15
2025,E01007031,0.88434314509432,572,1.15568732462858,572,0.924872910370139,320,1.00904783648505,1.00067965242065,0.0576923076923077,0.41958041958042,0.08125,0.65034965034965,0.113636363636364,0.0734265734265734,0.65034965034965,0.096875,7,0.095
2025,E01007032,0.700174958206521,506,1.35145821699229,506,0.758572325048658,320,1.0253709394665,1.00287812037515,0.0474308300395257,0.503952569169961,0.071875,0.756916996047431,0.0671936758893281,0.0573122529644269,0.756916996047431,0.078125,9,0.064
2025,E01007033,0.682890786726479,511,1.39422900736461,511,0.75664263001817,266,1.02200808473984,1.00375134280736,0.0410958904109589,0.528375733855186,0.0639097744360902,0.774951076320939,0.076320939334638,0.0567514677103718,0.774951076320939,0.0789473684210526,6,0.078
2025,E01007034,0.690982322851456,507,1.45117917111847,507,0.793014523685129,324,1.02151961352315,1.00030556604571,0.0453648915187377,0.548323471400395,0.0679012345679012,0.810650887573965,0.0670611439842209,0.0571992110453649,0.810650887573965,0.0833333333333333,9,0.05
2025,E01007035,0.910464446125645,536,1.50440595097328,536,0.915010314728448,338,1.01636956266591,1.00307548517628,0.0541044776119403,0.548507462686567,0.0710059171597633,0.843283582089552,0.100746268656716,0.0764925373134328,0.843283582089552,0.0976331360946746,7,0.094
2025,E01007036,0.456555751399001,439,1.24037865380607,439,0.601613627621521,221,1.02049543055192,1.00267873533119,0.0250569476082005,0.473804100227791,0.0497737556561086,0.690205011389522,0.0569476082004556,0.0387243735763098,0.690205011389522,0.0633484162895928,7,0.06
2025,E01007037,0.614533549471821,571,1.33408086368053,571,0.7423609290134,300,1.02116717541618,1.00023957105599,0.0332749562171629,0.523642732049037,0.0566666666666667,0.742556917688266,0.0718038528896673,0.0525394045534151,0.742556917688266,0.08,6,0.089
2025,E01007038,0.97044082176056,618,0.870232044821698,618,0.965412682227099,443,1.0135651400685,1.00471062188594,0.0517799352750809,0.300970873786408,0.0699774266365689,0.491909385113269,0.182847896440129,0.0825242718446602,0.491909385113269,0.103837471783296,2,0.188
2025,E01007039,0.892734750696222,479,1.0447511729298,479,0.974072639941596,279,1.01318077864153,1.0023261218252,0.0521920668058455,0.377870563674322,0.0752688172043011,0.58455114822547,0.121085594989562,0.0751565762004175,0.58455114822547,0.103942652329749,5,0.119
2025,E01007040,0.687774656574169,758,0.87042924932149,758,0.730381283977569,433,1.00226987652193,1.00151444975321,0.0461741424802111,0.300791556728232,0.0646651270207852,0.489445910290238,0.129287598944591,0.0567282321899736,0.489445910290238,0.0762124711316397,4,0.123
2025,E01007041,0.995032626158188,489,1.02159728789679,489,1.1646800830572,255,1.00812526464772,0.999793263743649,0.0613496932515337,0.368098159509202,0.0901960784313725,0.574642126789366,0.116564417177914,0.0838445807770961,0.574642126789366,0.125490196078431,4,0.111
2025,E01007042,0.922882036213926,487,1.15153913003957,487,1.1325010841754,264,1.01246249583937,0.999579081104065,0.0554414784394251,0.416837782340862,0.0909090909090909,0.646817248459959,0.121149897330596,0.0780287474332649,0.646817248459959,0.121212121212121,4,0.124
2025,E01007043,0.659237843082471,537,1.40809162629775,537,0.960860075246954,270,1.02299724393894,0.999507078987536,0.0465549348230913,0.571694599627561,0.0888888888888889,0.780260707635009,0.0651769087523278,0.0540037243947858,0.780260707635009,0.1,7,0.082
2025,E01007044,0.625857013979911,525,1.27103305536592,525,0.921898451341759,253,1.02816988566936,0.999920526209585,0.0438095238095238,0.516190476190476,0.0909090909090909,0.704761904761905,0.0628571428571429,0.0514285714285714,0.704761904761905,0.0948616600790514,7,0.071
2025,E01007045,0.477982768079364,417,1.13761019634616,417,0.665473537489479,193,1.01639177683944,1.00064376280566,0.0359712230215827,0.443645083932854,0.0673575129533679,0.635491606714628,0.0599520383693046,0.0383693045563549,0.635491606714628,0.0673575129533679,6,0.074
2025,E01007046,0.726778197550583,610,0.95256355430808,610,0.933237282802365,334,1.00235371597553,0.998710188286121,0.0475409836065574,0.326229508196721,0.0808383233532934,0.540983606557377,0.118032786885246,0.060655737704918,0.540983606557377,0.0988023952095808,4,0.115
2025,E01007047,1.20455272520367,590,0.842180910347226,590,1.11403222692983,405,0.998721537135552,1.00077018074497,0.0610169491525424,0.284745762711864,0.0765432098765432,0.477966101694915,0.223728813559322,0.103389830508475,0.477966101694915,0.120987654320988,2,0.231
2025,E01007048,1.25172470806677,553,0.669752791172551,553,1.10641442291111,451,1.00730010390115,1.00494371390997,0.0578661844484629,0.216998191681736,0.0665188470066519,0.379746835443038,0.316455696202532,0.108499095840868,0.379746835443038,0.121951219512195,1,0.335
2025,E01007049,0.651029121679603,771,0.470715210203033,771,0.586478106015298,581,1.00386799717807,1.00074250964642,0.0259403372243839,0.149156939040208,0.0309810671256454,0.268482490272374,0.214007782101167,0.0570687418936446,0.268482490272374,0.0654044750430293,3,0.204
2025,E01007050,1.48895528369179,424,1.20180944450449,424,1.74989931303615,214,1.00565915276992,1.00157050491606,0.0778301886792453,0.39622641509434,0.14018691588785,0.681603773584906,0.193396226415094,0.127358490566038,0.681603773584906,0.186915887850467,3,0.157
2025,E01007051,2.33873293649727,468,0.895042874906757,468,2.03142131947137,380,1.01090818666758,1.00339169091122,0.126068376068376,0.320512820512821,0.147368421052632,0.502136752136752,0.35042735042735,0.198717948717949,0.502136752136752,0.218421052631579,1,0.365
2025,E01007052,1.19884333066956,497,0.883110039362167,497,1.03923453761312,397,1.00550724487961,1.00622244187017,0.0583501006036217,0.275653923541247,0.0654911838790932,0.498993963782696,0.203219315895372,0.10261569416499,0.498993963782696,0.113350125944584,2,0.242
2025,E01007053,0.961985061670672,475,1.17921949939737,475,0.841857958664654,251,1.00670206932176,1.0006543549418,0.0589473684210526,0.402105263157895,0.0756972111553785,0.667368421052632,0.138947368421053,0.08,0.667368421052632,0.0876494023904383,4,0.14
2025,E01007054,1.23902837657304,538,0.942529041415129,538,1.22446242158783,358,1.00679311592433,1.0031359478629,0.0706319702602231,0.317843866171004,0.0893854748603352,0.535315985130112,0.211895910780669,0.104089219330855,0.535315985130112,0.131284916201117,2,0.233
2025,E01007055,2.20817215897966,515,1.17047130305855,515,1.97917640344148,344,1.00442148730154,1.00517910214165,0.124271844660194,0.384466019417476,0.148255813953488,0.666019417475728,0.29126213592233,0.186407766990291,0.666019417475728,0.212209302325581,1,0.288
2025,E01007056,1.37281495776595,591,1.42044539978709,591,1.33441430808671,354,1.00387235485897,1.00283420472065,0.0727580372250423,0.445008460236887,0.0932203389830508,0.808798646362098,0.155668358714044,0.116751269035533,0.808798646362098,0.14406779661017,5,0.152
2025,E01007057,0.968980616706203,531,1.44152240249685,531,0.884635345869802,339,1.00038468190922,1.00080246454387,0.0583804143126177,0.457627118644068,0.0678466076696165,0.822975517890772,0.096045197740113,0.0809792843691149,0.822975517890772,0.0943952802359882,5,0.105
2025,E01007058,1.96487009719059,622,1.39714388412668,622,1.8254038144521,415,1.0015775000949,1.00228832789477,0.118971061093248,0.466237942122187,0.149397590361446,0.790996784565916,0.204180064308682,0.163987138263666,0.790996784565916,0.192771084337349,3,0.182
2025,E01007059,1.28739848377056,564,1.58182276953509,564,1.15852632055516,355,0.996883055832228,1.00137545736747,0.0762411347517731,0.49468085106383,0.101408450704225,0.902482269503546,0.120567375886525,0.108156028368794,0.902482269503546,0.12112676056338,6,0.112
2025,E01007060,1.20174452714932,538,1.07450545931207,538,1.2147608801817,354,1.00748109515763,1.00730169122683,0.0631970260223048,0.353159851301115,0.0903954802259887,0.605947955390335,0.182156133828996,0.102230483271375,0.605947955390335,0.129943502824859,3,0.192
2025,E01007061,0.71467602565143,454,1.41936433040363,454,0.728819881482044,297,1.00266870017083,1.00228293117106,0.0440528634361234,0.466960352422908,0.0572390572390572,0.806167400881057,0.0704845814977974,0.0594713656387665,0.806167400881057,0.0774410774410774,7,0.078
2025,E01007062,1.14740193891778,528,1.53039090042724,528,1.15673718056161,347,1.00942050304157,0.999943978767653,0.0738636363636364,0.539772727272727,0.0979827089337176,0.861742424242424,0.106060606060606,0.0946969696969697,0.861742424242424,0.121037463976945,6,0.099
2025,E01007063,1.25512270648151,544,1.46300367761471,544,1.26581199144553,324,0.999784330945455,1.00152554859943,0.0661764705882353,0.457720588235294,0.0895061728395062,0.834558823529412,0.126838235294118,0.106617647058824,0.834558823529412,0.135802469135802,5,0.12
2025,E01007064,0.970342365655723,413,1.54878597462241,413,1.06982890300143,275,1.0152316866247,0.999842852533908,0.0532687651331719,0.547215496368039,0.0727272727272727,0.871670702179177,0.0920096852300242,0.0823244552058111,0.871670702179177,0.116363636363636,6,0.089
2025,E01007065,0.809108358994934,445,1.56570980463595,445,0.762708700187008,286,1.01641991444921,1.00129069059648,0.049438202247191,0.575280898876405,0.0629370629370629,0.876404494382023,0.0831460674157303,0.0674157303370787,0.876404494382023,0.0804195804195804,7,0.081
2025,E01007066,0.724541442810949,520,1.38497110027986,520,0.782109929213556,313,1.0000689637227,0.999537087949715,0.0403846153846154,0.446153846153846,0.0638977635782748,0.792307692307692,0.0730769230769231,0.0615384615384615,0.792307692307692,0.0830670926517572,7,0.078
2025,E01007067,0.374046850960839,512,1.17662078735837,512,0.446926186348249,277,1.01379632176966,0.999196578063352,0.0234375,0.41796875,0.0397111913357401,0.662109375,0.05078125,0.03125,0.662109375,0.0469314079422383,8,0.056
2025,E01007068,0.366683380289221,433,1.34956175332517,433,0.507200947143844,191,1.02460781760279,1.00224310020292,0.0254041570438799,0.524249422632795,0.0471204188481675,0.745958429561201,0.0438799076212471,0.0300230946882217,0.745958429561201,0.0523560209424084,9,0.047
2025,E01007069,0.865445895452716,557,1.09019085768587,557,0.910979212099326,345,1.00715043312125,1.00223627209364,0.0466786355475763,0.384201077199282,0.063768115942029,0.614003590664273,0.129263913824057,0.0736086175942549,0.614003590664273,0.0985507246376812,5,0.139
2025,E01007070,0.400033036720925,563,1.25181632623563,563,0.564723358498116,267,1.02755299991126,1.00058403575761,0.0230905861456483,0.483126110124334,0.0449438202247191,0.696269982238011,0.0497335701598579,0.0337477797513322,0.696269982238011,0.0599250936329588,9,0.052
2025,E01007071,0.466659033751939,516,1.0515937363186,516,0.605778429830649,282,1.01190645690537,0.998091434379568,0.0310077519379845,0.37984496124031,0.0531914893617021,0.59108527131783,0.062015503875969,0.0387596899224806,0.59108527131783,0.0638297872340426,7,0.076
2025,E01007072,0.615515427975114,582,0.982947986155451,582,0.774056119614826,318,1.02775918450711,1.00369760696432,0.0360824742268041,0.362542955326461,0.0628930817610063,0.551546391752577,0.0807560137457045,0.0515463917525773,0.551546391752577,0.0817610062893082,7,0.077
2025,E01007073,0.551236334797041,435,1.51057407191433,435,0.814676217705041,209,1.01982611653039,1.00213908317756,0.0344827586206897,0.563218390804598,0.0669856459330144,0.84367816091954,0.0597701149425287,0.0459770114942529,0.84367816091954,0.0861244019138756,8,0.059
2025,E01007074,0.876035136200418,565,0.989843673545309,565,0.878378721201634,321,1.01145239727502,1.00155532705213,0.047787610619469,0.343362831858407,0.0685358255451713,0.55929203539823,0.130973451327434,0.0743362831858407,0.55929203539823,0.0934579439252336,4,0.148
2025,E01007075,0.790013417338413,529,1.25325064783187,529,1.07999844487453,281,1.02694983291106,1.00334528169242,0.0491493383742911,0.478260869565217,0.0925266903914591,0.697542533081285,0.0964083175803403,0.0661625708884688,0.697542533081285,0.113879003558719,7,0.084
2025,E01007076,0.300336298279152,709,0.833678938977058,709,0.290773182069915,484,1.01551222490424,1.00195512830332,0.0169252468265162,0.311706629055007,0.0227272727272727,0.466854724964739,0.0832157968970381,0.0253878702397743,0.466854724964739,0.0309917355371901,6,0.077
2025,E01007077,0.790327136194806,530,1.23118738896929,530,1.01526327109913,278,1.00460007760445,1.00235142298509,0.0490566037735849,0.411320754716981,0.0827338129496403,0.69811320754717,0.0943396226415094,0.0660377358490566,0.69811320754717,0.107913669064748,7,0.09
2025,E01007078,0.40089050048947,568,1.30236107452157,568,0.353913126220656,297,1.0238473116351,1.00403378859137,0.0246478873239437,0.491197183098592,0.0303030303030303,0.725352112676056,0.0440140845070423,0.0334507042253521,0.725352112676056,0.037037037037037,9,0.041
2025,E01007079,0.225198962265483,553,1.11075389058542,553,0.192353583407408,303,1.01264303298706,0.996279590706399,0.0180831826401447,0.410488245931284,0.0198019801980198,0.623869801084991,0.0307414104882459,0.0180831826401447,0.623869801084991,0.0198019801980198,10,0.04
2025,E01007080,0.8596886204907,557,1.21503560187291,557,1.06395826296641,305,1.02235311766687,1.0054731752879,0.052064631956912,0.443447037701975,0.0918032786885246,0.678635547576302,0.10951526032316,0.0718132854578097,0.678635547576302,0.111475409836066,7,0.102
2025,E01007081,0.60906165368205,631,1.01460931938281,631,0.543275587789642,404,1.03131884323191,1.00161545991206,0.0316957210776545,0.386687797147385,0.0371287128712871,0.565768621236133,0.0729001584786054,0.05229793977813,0.565768621236133,0.0594059405940594,9,0.071
2025,E01007082,0.532446986047861,525,1.08953246617806,525,0.561111456654447,257,1.01419168879149,1.00074280854612,0.0361904761904762,0.398095238095238,0.0505836575875486,0.60952380952381,0.0704761904761905,0.0438095238095238,0.60952380952381,0.0583657587548638,8,0.068
2025,E01007083,1.47862698797369,413,1.15826090366964,413,1.55075602504129,225,1.02044357601185,1.00002567341933,0.089588377723971,0.445520581113802,0.124444444444444,0.646489104116223,0.198547215496368,0.123486682808717,0.646489104116223,0.164444444444444,3,0.178
2025,E01007084,0.28446276337253,455,0.987479366423356,455,0.301759117524799,190,0.999909532173084,0.998060692957214,0.0153846153846154,0.338461538461539,0.0263157894736842,0.558241758241758,0.0571428571428571,0.0241758241758242,0.558241758241758,0.0315789473684211,7,0.053
2025,E01007085,1.66791571645672,497,0.756484927277823,497,1.59549732819763,364,1.00585208115256,1.00574048471905,0.0945674044265593,0.233400402414487,0.112637362637363,0.430583501006036,0.325955734406439,0.138832997987928,0.430583501006036,0.17032967032967,1,0.329
2025,E01007086,2.17084472874188,447,0.86595858608942,447,1.86502592982058,344,0.997794538344607,1.00283454902597,0.087248322147651,0.279642058165548,0.104651162790698,0.494407158836689,0.348993288590604,0.190156599552573,0.494407158836689,0.206395348837209,1,0.356
2025,E01007087,1.48075676051458,533,0.745383957829067,533,1.43110699482795,367,0.998390627112995,1.00233356155043,0.0619136960600375,0.232645403377111,0.0844686648501362,0.424015009380863,0.307692307692308,0.129455909943715,0.424015009380863,0.158038147138965,1,0.31
2025,E01007088,0.971310056780255,491,0.742304888839659,491,1.00329953811258,319,1.00879040827822,1.00664306474299,0.0488798370672098,0.228105906313646,0.0658307210031348,0.423625254582485,0.195519348268839,0.0835030549898167,0.423625254582485,0.109717868338558,2,0.186
2025,E01007089,1.82538300256831,586,0.807368798460773,586,1.56259799025074,461,1.00828951675486,1.00603936385782,0.0904436860068259,0.255972696245734,0.0997830802603037,0.459044368600683,0.348122866894198,0.156996587030717,0.459044368600683,0.171366594360087,1,0.35
2025,E01007090,1.3356962878309,467,0.731640680634367,467,1.24996029094495,369,0.993188975009202,1.00261462194341,0.0642398286937902,0.218415417558887,0.0758807588075881,0.419700214132762,0.276231263383298,0.115631691648822,0.419700214132762,0.138211382113821,1,0.311
2025,E01007091,1.02690454752951,493,0.781829680977578,493,0.9793871196684,294,1.01364448932446,1.0051090986766,0.0486815415821501,0.26369168356998,0.0748299319727891,0.442190669371197,0.231237322515213,0.0892494929006085,0.442190669371197,0.105442176870748,2,0.212
2025,E01007092,1.64989387937538,433,0.848697085748547,433,1.43462475849506,317,1.00709622857274,1.00441517210794,0.0831408775981524,0.279445727482679,0.100946372239748,0.478060046189376,0.290993071593534,0.140877598152425,0.478060046189376,0.154574132492114,1,0.319
2025,E01007095,0.517888451915212,615,1.2568958170761,615,0.618824365110361,330,1.01865319719529,1.00077872376223,0.0373983739837398,0.473170731707317,0.0606060606060606,0.702439024390244,0.0650406504065041,0.0422764227642276,0.702439024390244,0.0636363636363636,8,0.054
2025,E01007096,0.41314572540644,504,1.33782852784522,504,0.674767708765015,230,1.02484878681456,1.00158760306538,0.0297619047619048,0.527777777777778,0.0652173913043478,0.744047619047619,0.0535714285714286,0.0337301587301587,0.744047619047619,0.0695652173913044,9,0.053
2025,E01007097,0.538114919793348,573,1.2017183970809,573,0.66630303418725,321,1.02057947465676,0.998310421210009,0.031413612565445,0.476439790575916,0.0498442367601246,0.668411867364747,0.0645724258289703,0.0453752181500873,0.668411867364747,0.0716510903426791,8,0.067
2025,E01007098,0.322526123404695,662,0.926703446420194,662,0.396991886820727,377,1.01085907686068,1.00046945939506,0.0196374622356495,0.327794561933535,0.0318302387267905,0.522658610271903,0.06797583081571,0.027190332326284,0.522658610271903,0.0424403183023873,7,0.071
2025,E01007099,0.878554254555842,606,1.07224454565407,606,1.03402571146018,377,1.02717293957644,1.00162280291179,0.0511551155115512,0.422442244224422,0.0769230769230769,0.594059405940594,0.113861386138614,0.0742574257425743,0.594059405940594,0.111405835543767,5,0.12
2025,E01007100,0.662741112691387,513,1.07708728163602,513,0.788208501613663,272,1.016926629898,1.00073092748728,0.0350877192982456,0.387914230019493,0.0588235294117647,0.604288499025341,0.087719298245614,0.0565302144249513,0.604288499025341,0.0845588235294118,8,0.071
2025,E01007101,0.600717323597082,547,1.2306060505169,547,0.822220452782797,271,1.02178044011332,0.998256437945924,0.0329067641681901,0.471663619744059,0.0627306273062731,0.687385740402194,0.0749542961608775,0.0511882998171847,0.687385740402194,0.0885608856088561,8,0.063
2025,E01007102,1.47442544597595,407,1.43853420218535,407,1.6216970338353,232,0.987228516125062,0.999990630406746,0.0786240786240786,0.42997542997543,0.125,0.825552825552826,0.147420147420147,0.125307125307125,0.825552825552826,0.172413793103448,4,0.13
2025,E01007103,0.535478019145505,490,1.49790197413854,490,0.615358002189858,281,1.00182960016323,0.998764635151064,0.0326530612244898,0.497959183673469,0.0569395017793594,0.851020408163265,0.0530612244897959,0.0448979591836735,0.851020408163265,0.0640569395017794,7,0.063
2025,E01007104,0.726465888457298,453,1.47844802801059,453,0.739543802762335,282,0.997347044562712,0.997566503232203,0.0397350993377483,0.479028697571744,0.0638297872340426,0.84326710816777,0.0750551876379691,0.0618101545253863,0.84326710816777,0.0780141843971631,7,0.09
2025,E01007105,0.859297016301902,553,1.25465537264998,553,0.869233327648443,316,1.00269170791359,0.99807541126347,0.0506329113924051,0.405063291139241,0.0727848101265823,0.719710669077758,0.0867992766726944,0.0723327305605787,0.719710669077758,0.0917721518987342,7,0.101
2025,E01007106,1.16911143927582,607,0.887256386377614,607,1.3145343004543,388,1.00580229770687,0.998858344776349,0.0741350906095552,0.308072487644152,0.108247422680412,0.502471169686985,0.158154859967051,0.0971993410214168,0.502471169686985,0.139175257731959,5,0.134
2025,E01007107,0.682669154298973,389,1.60994090836763,389,0.864914537832595,189,1.01028028203034,0.999438847725266,0.0437017994858612,0.557840616966581,0.0793650793650794,0.910025706940874,0.0668380462724936,0.0565552699228792,0.910025706940874,0.0899470899470899,8,0.069
2025,E01007108,0.928444711189306,471,1.46980763607181,471,1.08754837281178,251,1.00423512590666,0.997008914768238,0.0552016985138004,0.509554140127389,0.0916334661354582,0.834394904458599,0.0955414012738854,0.0785562632696391,0.834394904458599,0.115537848605578,6,0.095
2025,E01007109,1.32569046036394,513,1.40933473055273,513,1.47744230254693,313,1.00519935000966,0.998761694173115,0.0818713450292398,0.489278752436647,0.124600638977636,0.797270955165692,0.148148148148148,0.111111111111111,0.797270955165692,0.156549520766773,4,0.125
2025,E01007110,0.415017679833399,624,1.23649777449093,624,0.446036354521349,339,1.00298700825092,0.995700208481783,0.0240384615384615,0.431089743589744,0.0383480825958702,0.703525641025641,0.0592948717948718,0.0352564102564103,0.703525641025641,0.0471976401179941,7,0.052
2025,E01007111,0.524203203073428,512,1.69412908449571,512,0.88758929192045,228,1.01276230649218,1.00001762091021,0.037109375,0.61328125,0.0833333333333333,0.953125,0.044921875,0.04296875,0.953125,0.0921052631578947,9,0.043
2025,E01007112,1.15214515869997,549,1.3933484630319,549,1.33343520589262,291,1.00567362009714,1.00365767958156,0.0673952641165756,0.453551912568306,0.106529209621993,0.790528233151184,0.1183970856102,0.0965391621129326,0.790528233151184,0.140893470790378,4,0.119
2025,E01007113,0.630181723095553,472,1.4845220245671,472,0.840684383246364,258,1.00285575007914,0.999740870952701,0.0360169491525424,0.5,0.0658914728682171,0.843220338983051,0.0635593220338983,0.0529661016949153,0.843220338983051,0.0891472868217054,7,0.061
2025,E01007114,2.12938257116689,505,1.61653671399073,505,1.93049054963328,335,1.00352914129527,1.00393525957786,0.116831683168317,0.530693069306931,0.146268656716418,0.918811881188119,0.201980198019802,0.18019801980198,0.918811881188119,0.205970149253731,3,0.197
2025,E01007115,1.33460873945393,562,1.51591178394315,562,1.50330508185112,318,1.0047066134829,1.00189764159556,0.0765124555160142,0.50711743772242,0.113207547169811,0.859430604982206,0.137010676156584,0.112099644128114,0.859430604982206,0.160377358490566,4,0.139
2025,E01007116,1.00169374134563,555,1.3856519993529,555,1.11001365308178,328,1.00552131444149,0.99809504166615,0.0666666666666667,0.482882882882883,0.100609756097561,0.785585585585586,0.104504504504505,0.0828828828828829,0.785585585585586,0.115853658536585,6,0.083
2025,E01007117,0.586966651337172,556,1.63083764471467,556,0.627250786386273,307,1.00207051998314,1.00072763093929,0.0377697841726619,0.553956834532374,0.0553745928338762,0.926258992805755,0.052158273381295,0.0485611510791367,0.926258992805755,0.0651465798045603,8,0.046
2025,E01007118,1.67897050551996,556,1.30521201446077,556,1.54898557016664,389,0.998102818573033,1.00602046086407,0.0989208633093525,0.408273381294964,0.120822622107969,0.742805755395684,0.194244604316547,0.140287769784173,0.742805755395684,0.16452442159383,3,0.188
2025,E01007119,0.91856162778233,561,0.461402238915962,561,0.893682393647526,381,1.01253350872954,1.00820353288444,0.0499108734402852,0.163992869875223,0.062992125984252,0.258467023172906,0.320855614973262,0.0784313725490196,0.258467023172906,0.0971128608923885,1,0.308
2025,E01007120,0.565097486493198,431,0.55079851597602,431,0.540623498765883,289,1.00949055847898,1.00498396122552,0.0255220417633411,0.190255220417633,0.0346020761245675,0.310904872389791,0.241299303944316,0.0487238979118329,0.310904872389791,0.0588235294117647,1,0.276
2025,E01007121,3.53812217571888,609,1.14449393987233,609,2.98382076092586,511,1.00104468711201,1.00560516487775,0.174055829228243,0.371100164203612,0.195694716242661,0.650246305418719,0.463054187192118,0.302134646962233,0.650246305418719,0.322896281800391,1,0.471
2025,E01007122,1.68330114250166,818,0.496741821434225,818,1.32826712838431,719,0.997931780345605,1.00399072302851,0.0709046454767726,0.15158924205379,0.0723226703755216,0.28239608801956,0.568459657701712,0.146699266503668,0.28239608801956,0.147426981919332,1,0.549
2025,E01007123,2.1825091753859,593,0.749429191760993,593,1.80094346378844,487,1.00033915119624,1.00507308666189,0.104553119730185,0.231028667790894,0.108829568788501,0.428330522765599,0.462057335581788,0.187183811129848,0.428330522765599,0.197125256673511,1,0.425
2025,E01007124,1.08441883410465,625,0.34572856110304,625,0.969788209143961,465,1.00983645826799,1.00533736145665,0.0528,0.1136,0.0623655913978495,0.1952,0.4832,0.0928,0.1952,0.105376344086022,1,0.469
2025,E01007125,2.52834279879356,647,1.30520553545742,647,2.26880780918675,481,0.99833169297789,1.00421018111417,0.132921174652241,0.414219474497682,0.155925155925156,0.744976816074189,0.281298299845441,0.21483771251932,0.744976816074189,0.245322245322245,1,0.286
2025,E01007126,1.85230546095793,960,0.760158158734134,960,1.54648877821854,773,0.965066525563476,1.00183599691981,0.053125,0.165625,0.0582147477360931,0.45,0.415625,0.166666666666667,0.45,0.177231565329884,1,0.435
2025,E01007127,2.88143374378798,632,0.918453256538649,632,2.44292764157353,472,0.998738464986708,1.00582794553591,0.113924050632911,0.268987341772152,0.129237288135593,0.528481012658228,0.511075949367089,0.251582278481013,0.528481012658228,0.271186440677966,1,0.504
2025,E01007128,3.11541046982858,753,0.920547915815044,753,2.59547296464636,578,0.989051504750382,1.00357177950639,0.108897742363878,0.258964143426295,0.121107266435986,0.531208499335989,0.455511288180611,0.274900398406375,0.531208499335989,0.290657439446367,1,0.498
2025,E01007129,3.27947069933008,623,1.07117159173885,623,2.81021922308136,460,0.978471911617139,1.00318513250164,0.128410914927769,0.271268057784912,0.154347826086957,0.626003210272873,0.425361155698234,0.28892455858748,0.626003210272873,0.31304347826087,1,0.431
2025,E01007130,2.86677679544933,638,1.36542282880732,638,2.58307068097048,486,0.999482972152799,1.00246189899991,0.164576802507837,0.424764890282132,0.195473251028807,0.778996865203762,0.307210031347962,0.241379310344828,0.778996865203762,0.275720164609054,1,0.335
2025,E01007131,2.76180057870424,651,1.07423518238722,651,2.40359295505756,486,1.00039128874836,1.00352229256818,0.147465437788018,0.344086021505376,0.183127572016461,0.61136712749616,0.374807987711214,0.233486943164363,0.61136712749616,0.255144032921811,1,0.371
2025,E01007133,1.6172596622968,627,0.410547564158809,627,1.30842569209883,541,0.979395810524715,1.00680324372701,0.0462519936204147,0.10207336523126,0.0499075785582255,0.239234449760766,0.542264752791069,0.145135566188198,0.239234449760766,0.149722735674677,1,0.581
2025,E01007135,0.721780452029102,550,1.3373485775453,550,0.80326219354442,272,1.00408204987938,1.00175389708293,0.0472727272727273,0.454545454545455,0.0698529411764706,0.756363636363636,0.0818181818181818,0.06,0.756363636363636,0.0845588235294118,7,0.068
2025,E01007136,2.24063321794919,604,1.14989944884594,604,2.13243201380199,437,1.01193678034401,1.00698135341095,0.129139072847682,0.390728476821192,0.169336384439359,0.645695364238411,0.266556291390728,0.188741721854305,0.645695364238411,0.226544622425629,2,0.259
2025,E01007137,1.19909482160543,627,0.988634488861737,627,0.973136841495357,394,0.994804832766323,1.00357676241246,0.062200956937799,0.298245614035088,0.0736040609137056,0.566188197767145,0.172248803827751,0.10207336523126,0.566188197767145,0.104060913705584,3,0.18
2025,E01007138,2.77175814627917,656,1.21240671769948,656,2.33657014063513,472,1.00334865216318,1.00797530736834,0.138719512195122,0.391768292682927,0.167372881355932,0.685975609756098,0.31859756097561,0.236280487804878,0.685975609756098,0.25,1,0.318
2025,E01007139,1.76383162415186,558,1.2177496791936,558,1.74851294675351,340,0.992299028384123,1.0019701838807,0.0896057347670251,0.365591397849462,0.126470588235294,0.698924731182796,0.211469534050179,0.150537634408602,0.698924731182796,0.188235294117647,1,0.228
2025,E01007140,0.651217734963835,1012,0.68794820519481,1012,0.584937746259613,744,0.992419807027255,0.997961094052311,0.0395256916996047,0.208498023715415,0.0483870967741936,0.395256916996047,0.138339920948617,0.0543478260869565,0.395256916996047,0.0618279569892473,3,0.145
2025,E01007141,1.65461174115714,695,1.30306500341348,695,1.72617270225736,337,0.996929026613815,1.00149606143551,0.0863309352517986,0.41726618705036,0.13353115727003,0.743884892086331,0.175539568345324,0.141007194244604,0.743884892086331,0.183976261127596,2,0.173
2025,E01007142,0.529596172202194,697,0.877116905502974,697,0.54239314219313,393,1.00990980819038,1.00035684675892,0.03012912482066,0.276901004304161,0.0381679389312977,0.500717360114778,0.0703012912482066,0.0444763271162123,0.500717360114778,0.0585241730279898,7,0.059
2025,E01007143,0.548959377297612,692,0.925335719417397,692,0.542933817765164,443,0.987420734896313,1.0021734016566,0.0390173410404624,0.274566473988439,0.0496613995485327,0.531791907514451,0.088150289017341,0.0447976878612717,0.531791907514451,0.0564334085778781,5,0.102
2025,E01007144,0.486406797521184,482,1.44777870254023,482,0.546239273891947,261,1.01721521760076,0.99941414944697,0.0269709543568465,0.537344398340249,0.0498084291187739,0.809128630705394,0.049792531120332,0.04149377593361,0.809128630705394,0.0574712643678161,7,0.057
2025,E01007145,0.189718818593744,442,1.33043685818079,442,0.252150594446353,184,1.02845667414457,0.998390324561609,0.0113122171945701,0.538461538461538,0.016304347826087,0.735294117647059,0.0271493212669683,0.0158371040723982,0.735294117647059,0.0271739130434783,9,0.029
2025,E01007146,0.182901626990421,545,1.05310032343926,545,0.266742212642819,293,1.01583913333428,0.997072488549687,0.0128440366972477,0.418348623853211,0.0238907849829352,0.588990825688073,0.0293577981651376,0.0146788990825688,0.588990825688073,0.0273037542662116,10,0.038
2025,E01007147,0.312161062075235,513,1.32942408511698,513,0.426763823769772,271,1.02148135183942,0.996646932741517,0.0233918128654971,0.53411306042885,0.040590405904059,0.738791423001949,0.0292397660818713,0.0253411306042885,0.738791423001949,0.044280442804428,9,0.029
2025,E01007148,0.473724282286433,537,1.41845985448966,537,0.768337407135356,247,1.01819056736983,0.995710872468716,0.0316573556797021,0.556797020484171,0.0647773279352227,0.793296089385475,0.0540037243947858,0.0391061452513967,0.793296089385475,0.0809716599190283,8,0.056
2025,E01007149,0.258710782071337,524,1.42783485695493,524,0.347257716401179,255,1.01635837108495,0.999568974304841,0.0190839694656489,0.534351145038168,0.0352941176470588,0.799618320610687,0.0286259541984733,0.0209923664122137,0.799618320610687,0.0352941176470588,10,0.032
2025,E01007150,0.424411726177777,466,1.3282368662918,466,0.673106095172707,216,1.00710099103045,0.997511713736021,0.0321888412017167,0.459227467811159,0.0648148148148148,0.753218884120172,0.0429184549356223,0.0343347639484979,0.753218884120172,0.0694444444444445,9,0.042
2025,E01007151,0.522275643736624,553,1.57351929059697,553,0.58248664633973,286,1.01105252727968,0.99710349548099,0.0253164556962025,0.584086799276673,0.041958041958042,0.886075949367089,0.0524412296564195,0.0452079566003617,0.886075949367089,0.0629370629370629,8,0.064
2025,E01007152,0.991381852573337,641,1.07874772598375,641,0.963966347413072,427,1.00197428158355,1.00010381453131,0.046801872074883,0.349453978159126,0.063231850117096,0.616224648985959,0.121684867394696,0.0858034321372855,0.616224648985959,0.105386416861827,5,0.12
2025,E01007153,1.7224982235616,529,1.34002784037416,529,1.75782064760442,351,1.02282080632915,1.00574032978301,0.102079395085066,0.504725897920605,0.142450142450142,0.746691871455577,0.179584120982987,0.143667296786389,0.746691871455577,0.185185185185185,3,0.184
2025,E01007154,0.475078541039915,538,1.56506037771447,538,0.609209599022505,269,1.01328566340851,1.002413789384,0.0315985130111524,0.552044609665428,0.0557620817843866,0.881040892193309,0.0464684014869888,0.0390334572490706,0.881040892193309,0.0631970260223048,8,0.061
2025,E01007155,2.3183056868566,685,1.00582744635814,685,2.07227945866472,495,0.986366767905201,1.00461553726301,0.0744525547445255,0.272992700729927,0.0848484848484849,0.582481751824818,0.310948905109489,0.207299270072993,0.582481751824818,0.236363636363636,1,0.308
2025,E01007156,1.25332504598921,541,1.23140286672431,541,1.35012554104145,308,0.99467302467025,1.00236549737969,0.0646950092421442,0.386321626617375,0.0974025974025974,0.704251386321627,0.127541589648799,0.105360443622921,0.704251386321627,0.142857142857143,4,0.129
2025,E01007157,0.917640961935905,514,1.37006474436994,514,0.941685357597332,275,0.99839804864438,1.00199801524409,0.0583657587548638,0.43579766536965,0.0836363636363636,0.780155642023346,0.0953307392996109,0.075875486381323,0.780155642023346,0.0981818181818182,4,0.111
2025,E01007158,0.778157186969619,556,1.34156544114402,556,0.920457831622439,308,1.00248824651351,0.99893099361661,0.0485611510791367,0.462230215827338,0.0746753246753247,0.760791366906475,0.0809352517985612,0.0647482014388489,0.760791366906475,0.0974025974025974,6,0.091
2025,E01007159,0.509272585256513,664,0.935992281389245,664,0.451172250256945,413,1.00272474559224,0.999865705068046,0.0256024096385542,0.311746987951807,0.0338983050847458,0.530120481927711,0.0843373493975904,0.0436746987951807,0.530120481927711,0.0484261501210654,5,0.096
2025,E01007160,1.41677646114262,605,1.12719104724349,605,1.53582049979062,392,0.988639110951688,0.999088006911575,0.0677685950413223,0.355371900826446,0.0969387755102041,0.646280991735537,0.166942148760331,0.122314049586777,0.646280991735537,0.168367346938776,4,0.156
2025,E01007161,1.19616887073698,491,1.24762368272266,491,1.09180624936665,260,1.00586546315662,1.00170713639693,0.0631364562118126,0.427698574338086,0.0923076923076923,0.704684317718941,0.134419551934827,0.10183299389002,0.704684317718941,0.115384615384615,4,0.132
2025,E01007162,1.35743467729391,507,0.702406386910491,507,1.11066635442795,401,1.01529672315871,1.00956947958753,0.0631163708086785,0.236686390532544,0.0748129675810474,0.392504930966469,0.303747534516765,0.116370808678501,0.392504930966469,0.119700748129676,1,0.329
2025,E01007163,0.753405741293299,801,0.868897972877934,801,0.695419543411377,474,1.00125502994085,1.00113837434451,0.0399500624219725,0.274656679151061,0.0527426160337553,0.495630461922597,0.121098626716604,0.0636704119850187,0.495630461922597,0.0738396624472574,5,0.11
2025,E01007164,0.305318934513881,709,1.00632397650659,709,0.323666061938372,469,0.990542545612102,1.00023370497053,0.0197461212976023,0.306064880112835,0.0277185501066098,0.576868829337094,0.0507757404795487,0.0253878702397743,0.576868829337094,0.0341151385927505,6,0.073
2025,E01007165,0.364417452080645,436,1.23505708750153,436,0.506261143617998,207,1.01608127918928,1.00031195625529,0.0252293577981651,0.454128440366972,0.0434782608695652,0.690366972477064,0.0389908256880734,0.0298165137614679,0.690366972477064,0.0531400966183575,8,0.046
2025,E01007166,0.268798214461015,500,1.2518674928041,500,0.334504781720102,260,1.01337557931562,1.00108802264677,0.018,0.43,0.0307692307692308,0.706,0.032,0.022,0.706,0.0346153846153846,8,0.044
2025,E01007167,0.925583929405249,556,1.05585789356737,556,0.924690583414292,358,1.00037412090156,1.00147445108198,0.0575539568345324,0.341726618705036,0.0782122905027933,0.600719424460432,0.142086330935252,0.0773381294964029,0.600719424460432,0.0977653631284916,3,0.173
2025,E01007168,1.42611509300859,653,0.984707628119219,653,1.2147149851191,469,1.00442049757512,1.00536595535243,0.0765696784073507,0.320061255742726,0.0895522388059701,0.557427258805513,0.232771822358346,0.120980091883614,0.557427258805513,0.130063965884861,2,0.235
2025,E01007169,0.960126104792616,645,1.23268622684333,645,0.867990698593734,402,1.00373127313837,1.00244788019215,0.0542635658914729,0.387596899224806,0.0671641791044776,0.703875968992248,0.111627906976744,0.0806201550387597,0.703875968992248,0.0920398009950249,3,0.132
2025,E01007170,0.434119443505607,709,0.974292196008113,709,0.465715408249123,442,1.00851264693314,0.998818603161556,0.0296191819464034,0.330042313117066,0.0429864253393665,0.554301833568406,0.0634696755994358,0.0352609308885755,0.554301833568406,0.0475113122171946,8,0.064
2025,E01007171,0.210567961962427,523,1.35102520497671,523,0.281590822540518,278,1.01169657028225,1.00067179425493,0.0152963671128107,0.464627151051625,0.0287769784172662,0.762906309751434,0.0344168260038241,0.017208413001912,0.762906309751434,0.0287769784172662,9,0.04
2025,E01007172,0.474063398643616,518,0.830032745780881,518,0.622140535026244,268,1.02134748150801,1.00183926737695,0.0250965250965251,0.297297297297297,0.0447761194029851,0.467181467181467,0.0617760617760618,0.0405405405405405,0.467181467181467,0.0671641791044776,9,0.058
2025,E01007173,1.1941659567073,493,1.50754798411403,493,1.4902959998694,254,1.01130214273995,1.00151670086821,0.0730223123732252,0.525354969574036,0.118110236220472,0.849898580121704,0.113590263691684,0.0993914807302231,0.849898580121704,0.15748031496063,5,0.125
2025,E01007174,1.37686538972999,619,1.2039730836235,619,1.37341317926606,401,1.00120389509773,1.00150414769415,0.0694668820678514,0.381260096930533,0.102244389027431,0.686591276252019,0.161550888529887,0.117932148626817,0.686591276252019,0.14713216957606,3,0.165
2025,E01007175,2.81352123169213,698,1.10534899989939,698,2.46263742014951,520,0.992197251193213,1.00589014127526,0.134670487106017,0.322349570200573,0.165384615384615,0.631805157593123,0.340974212034384,0.240687679083095,0.631805157593123,0.265384615384615,1,0.341
2025,E01007176,1.82792735836747,655,1.15708189310043,655,1.61685317286194,422,0.987743571283564,1.00371503359655,0.0931297709923664,0.323664122137405,0.118483412322275,0.665648854961832,0.23969465648855,0.155725190839695,0.665648854961832,0.172985781990521,1,0.238
2025,E01007177,1.31546489234045,567,1.07160532384552,567,1.22803750285619,360,1.00290743338233,1.00243118076944,0.072310405643739,0.347442680776014,0.0944444444444444,0.610229276895944,0.181657848324515,0.111111111111111,0.610229276895944,0.130555555555556,3,0.182
2025,E01007178,1.85031517754063,619,1.1751531118931,619,1.93257885783467,401,0.998400501750906,1.00135955541912,0.0936995153473344,0.368336025848142,0.13216957605985,0.670436187399031,0.239095315024233,0.158319870759289,0.670436187399031,0.209476309226933,2,0.219
2025,E01007179,2.36113618160602,541,1.06670059533805,541,2.16908237417738,430,0.98464211364638,1.00021399573771,0.10720887245841,0.293900184842884,0.130232558139535,0.621072088724584,0.327171903881701,0.205175600739372,0.621072088724584,0.23953488372093,1,0.315
2025,E01007180,2.12543193635889,552,1.44925255546377,552,1.91765641537395,344,0.99977355220364,1.00292725946481,0.0960144927536232,0.445652173913043,0.119186046511628,0.827898550724638,0.21195652173913,0.182971014492754,0.827898550724638,0.209302325581395,2,0.202
2025,E01007181,2.04052488041535,537,1.40381854057182,537,2.13826302851363,306,0.994268409924968,1.00367598360862,0.106145251396648,0.417132216014898,0.156862745098039,0.804469273743017,0.206703910614525,0.173184357541899,0.804469273743017,0.228758169934641,2,0.197
2025,E01007182,0.500349282007553,562,1.04486495864141,562,0.50458405824345,347,1.01664958854139,0.997982969070597,0.0284697508896797,0.386120996441281,0.037463976945245,0.588967971530249,0.0587188612099644,0.0427046263345196,0.588967971530249,0.0547550432276657,9,0.067
2025,E01007183,0.842074039013133,441,1.54341771655362,441,1.1440855506032,226,1.00481905807293,0.998240201656277,0.0430839002267574,0.530612244897959,0.084070796460177,0.875283446712018,0.0884353741496599,0.072562358276644,0.875283446712018,0.123893805309735,6,0.074
2025,E01007184,0.459528098886656,535,1.40216247842036,535,0.487118473472044,322,1.00841948778571,0.998926963776066,0.0242990654205607,0.491588785046729,0.0341614906832298,0.794392523364486,0.0504672897196262,0.0392523364485981,0.794392523364486,0.0527950310559006,9,0.058
2025,E01007185,0.935544264617187,586,1.334380573225,586,1.04289132090069,354,0.998270494696137,0.998292817347374,0.0563139931740614,0.440273037542662,0.0875706214689266,0.761092150170649,0.104095563139932,0.0784982935153584,0.761092150170649,0.110169491525424,6,0.104
2025,E01007186,0.547883982538119,531,1.43158397807419,531,0.72949883763566,277,1.01757062284706,0.998854469787556,0.0357815442561205,0.529190207156309,0.0649819494584838,0.804143126177024,0.0508474576271187,0.0451977401129944,0.804143126177024,0.075812274368231,10,0.041
2025,E01007187,0.225998679245342,530,1.31818016076982,530,0.198817800473412,292,1.02171356025738,0.998412964631936,0.0150943396226415,0.518867924528302,0.0205479452054795,0.732075471698113,0.0245283018867925,0.0188679245283019,0.732075471698113,0.0205479452054795,10,0.02
2025,E01007188,0.261784623242866,507,1.48475058302191,507,0.35219198446332,268,1.02022847582798,0.998954714475664,0.0177514792899408,0.575936883629191,0.0298507462686567,0.828402366863905,0.0335305719921105,0.0216962524654832,0.828402366863905,0.0373134328358209,10,0.028
2025,E01007189,0.31995261538124,560,1.25022874197622,560,0.394997228103054,305,1.01615291386066,0.997317570412003,0.0196428571428571,0.473214285714286,0.0295081967213115,0.701785714285714,0.0321428571428571,0.0267857142857143,0.701785714285714,0.0426229508196721,10,0.031
2025,E01007190,0.118956574723134,506,1.29785643392078,506,0.16676228239606,283,1.01565189083833,0.9970415323519,0.00790513833992095,0.484189723320158,0.0141342756183746,0.729249011857708,0.0138339920948617,0.00988142292490119,0.729249011857708,0.0176678445229682,10,0.02
2025,E01007191,0.182306539472922,440,1.46371036835565,440,0.188927747172317,239,1.02576444545542,0.996773597100544,0.00909090909090909,0.611363636363636,0.0125523012552301,0.809090909090909,0.0181818181818182,0.0159090909090909,0.809090909090909,0.0209205020920502,10,0.017
2025,E01007192,0.76524419859042,550,0.799399656277422,550,0.874669333734412,349,1.01701561953143,1.00126434353799,0.0381818181818182,0.28,0.0601719197707736,0.450909090909091,0.105454545454545,0.0654545454545455,0.450909090909091,0.0945558739255014,6,0.106
2025,E01007193,0.608061941932911,603,1.07613704379696,603,0.6003583544709,403,1.00946166906124,0.999289631408599,0.033167495854063,0.359867330016584,0.0421836228287841,0.61028192371476,0.0729684908789387,0.0514096185737977,0.61028192371476,0.0645161290322581,7,0.061
2025,E01007194,1.10918842218508,520,1.36836810506958,520,1.0631117131327,340,1.00479494288671,0.999629468169572,0.0692307692307692,0.455769230769231,0.0911764705882353,0.778846153846154,0.105769230769231,0.0923076923076923,0.778846153846154,0.111764705882353,6,0.101
2025,E01007195,0.346006951687329,550,1.41077937512777,550,0.464555744571759,283,1.01129848559568,0.997810157283373,0.0218181818181818,0.507272727272727,0.03886925795053,0.794545454545455,0.0454545454545455,0.0290909090909091,0.794545454545455,0.049469964664311,9,0.05
2025,E01007196,0.667567003245222,603,1.0184300969221,603,0.610718888781651,399,1.02263665485672,1.00196601342535,0.0381426202321725,0.366500829187396,0.0476190476190476,0.575456053067993,0.0796019900497513,0.0563847429519071,0.575456053067993,0.0651629072681704,6,0.098
2025,E01007197,0.600871893149969,559,1.44040948078963,559,0.719738548871867,283,1.01120158061068,0.998351802956206,0.0286225402504472,0.509838998211091,0.049469964664311,0.81216457960644,0.0554561717352415,0.0518783542039356,0.81216457960644,0.0777385159010601,8,0.051
2025,E01007198,0.833151995763861,587,1.15100891454414,587,0.858053054210224,407,0.991007166826144,0.998395095530636,0.0596252129471891,0.347529812606474,0.0835380835380835,0.662691652470187,0.0851788756388416,0.0681431005110733,0.662691652470187,0.0884520884520885,7,0.066
2025,E01007199,0.358230704217892,513,1.51247661799271,513,0.501061209353643,255,1.02201724154903,1.00012457212795,0.0253411306042885,0.596491228070175,0.0509803921568627,0.842105263157895,0.0350877192982456,0.0292397660818713,0.842105263157895,0.0509803921568627,10,0.035
2025,E01007200,0.388045434129079,533,1.56832636723399,533,0.4705752496352,303,1.00585459151772,0.99789368649798,0.026266416510319,0.544090056285178,0.0396039603960396,0.889305816135084,0.0412757973733584,0.0318949343339587,0.889305816135084,0.0495049504950495,10,0.042
2025,E01007201,0.78506147061566,492,1.46108621086352,492,0.868684686792891,289,1.00633483943195,0.999195825844763,0.0426829268292683,0.5,0.0657439446366782,0.827235772357724,0.0792682926829268,0.0670731707317073,0.827235772357724,0.0934256055363322,6,0.089
2025,E01007202,1.59614830697604,527,1.13284904785624,527,1.49317508148772,365,0.995837651944404,0.999908647137457,0.079696394686907,0.356736242884251,0.104109589041096,0.648956356736243,0.184060721062619,0.136622390891841,0.648956356736243,0.161643835616438,4,0.158
2025,E01007203,0.481112453568853,695,0.761738365210392,695,0.482881735571696,424,0.989823997821463,0.994663157261425,0.0302158273381295,0.248920863309353,0.0377358490566038,0.435971223021583,0.083453237410072,0.0402877697841727,0.435971223021583,0.0518867924528302,7,0.082
2025,E01007204,2.29379954830031,569,0.929430160349597,569,1.86973537135388,517,1.00427819897718,1.00466092558175,0.124780316344464,0.305799648506151,0.127659574468085,0.525483304042179,0.411247803163445,0.193321616871705,0.525483304042179,0.201160541586074,1,0.412
2025,E01007205,2.21994886188257,515,1.32709673346918,515,2.01778065638242,371,0.998118648770117,0.995092783792683,0.122330097087379,0.433009708737864,0.153638814016173,0.757281553398058,0.246601941747573,0.188349514563107,0.757281553398058,0.215633423180593,2,0.256
2025,E01007206,1.34533822502045,546,1.07501028499189,546,1.25089451812651,348,0.991209082467574,0.996490662466923,0.0769230769230769,0.347985347985348,0.103448275862069,0.617216117216117,0.181318681318681,0.113553113553114,0.617216117216117,0.132183908045977,4,0.17
2025,E01007207,2.12624634430362,511,0.821648617888327,511,1.77709518909395,419,0.99927368000829,0.999687414179134,0.10958904109589,0.273972602739726,0.119331742243437,0.467710371819961,0.405088062622309,0.181996086105675,0.467710371819961,0.193317422434368,1,0.396
2025,E01007208,1.41760954345123,525,1.07098809286764,525,1.4852674839267,338,1.00176240495032,0.99939648450687,0.0876190476190476,0.371428571428571,0.121301775147929,0.605714285714286,0.201904761904762,0.118095238095238,0.605714285714286,0.156804733727811,2,0.19
2025,E01007209,1.1395892621493,500,0.610460418467992,500,1.0225891804366,402,1.0108769447567,1.00266692674711,0.058,0.232,0.0671641791044776,0.342,0.31,0.098,0.342,0.111940298507463,1,0.304
2025,E01007210,2.18664703006382,674,1.12910246636778,674,2.0556457761904,505,0.996959145544326,0.99900547107358,0.118694362017804,0.370919881305638,0.144554455445545,0.642433234421365,0.295252225519288,0.185459940652819,0.642433234421365,0.221782178217822,1,0.306
2025,E01007211,1.06806453031071,415,1.58739715330811,415,1.27618967505214,229,1.00937781424203,1.0006468751647,0.0650602409638554,0.549397590361446,0.104803493449782,0.896385542168675,0.0939759036144578,0.0891566265060241,0.896385542168675,0.135371179039301,5,0.101
2025,E01007212,1.295227901737,498,1.58922731021882,498,1.66189879309714,274,1.00665149371423,1.00307860395583,0.070281124497992,0.546184738955823,0.124087591240876,0.897590361445783,0.118473895582329,0.110441767068273,0.897590361445783,0.178832116788321,4,0.125
2025,E01007213,1.22405861546285,529,1.36508203650978,529,1.33625342289181,289,1.00314083744511,1.00104547448006,0.0661625708884688,0.463137996219282,0.107266435986159,0.773156899810964,0.119092627599244,0.103969754253308,0.773156899810964,0.141868512110727,4,0.11
2025,E01007214,1.7742137240502,582,1.06133485280553,582,1.71713066499401,396,1.00297091559604,1.00383315326635,0.0962199312714777,0.350515463917526,0.121212121212121,0.601374570446735,0.218213058419244,0.149484536082474,0.601374570446735,0.184343434343434,2,0.208
2025,E01007215,2.47983163572185,600,1.04231851918608,600,2.20248606642387,442,0.991573232056828,1.00261909909223,0.101666666666667,0.291666666666667,0.119909502262443,0.601666666666667,0.353333333333333,0.216666666666667,0.601666666666667,0.244343891402715,1,0.334
2025,E01007216,1.40703476449694,550,1.31208028080633,550,1.5255409088935,357,0.996054724348999,1.00131839480508,0.0836363636363636,0.427272727272727,0.120448179271709,0.747272727272727,0.16,0.118181818181818,0.747272727272727,0.162464985994398,2,0.174
2025,E01007217,1.78512881380482,655,1.38245705192225,655,1.65257456655857,453,0.982541851878622,1.00065580714306,0.0916030534351145,0.37557251908397,0.116997792494481,0.803053435114504,0.184732824427481,0.152671755725191,0.803053435114504,0.178807947019868,2,0.196
2025,E01007218,2.11951482554638,563,1.3912926615246,563,1.83438406028145,386,0.998152099527593,1.00415533350984,0.113676731793961,0.429840142095915,0.132124352331606,0.795737122557727,0.225577264653641,0.179396092362345,0.795737122557727,0.196891191709845,2,0.238
2025,E01007219,2.34897135713246,512,1.45753952959359,512,2.32401037675328,312,0.99549743564981,1.00383539313357,0.130859375,0.439453125,0.176282051282051,0.833984375,0.212890625,0.197265625,0.833984375,0.246794871794872,2,0.215
2025,E01007220,2.09794040179814,511,0.832269404724065,511,1.79246464361514,392,0.995858848048592,1.00555523776643,0.107632093933464,0.250489236790607,0.130102040816327,0.473581213307241,0.39334637964775,0.178082191780822,0.473581213307241,0.191326530612245,1,0.413
2025,E01007221,1.35115284546617,475,1.49809538606623,475,1.38428187699392,288,1.00520107369565,0.999703910114938,0.08,0.505263157894737,0.118055555555556,0.850526315789474,0.138947368421053,0.113684210526316,0.850526315789474,0.145833333333333,4,0.143
2025,E01007222,0.955939345411419,486,1.24390991075105,486,1.08385597563828,279,0.996398962295829,0.997616105619258,0.0617283950617284,0.401234567901235,0.0967741935483871,0.711934156378601,0.102880658436214,0.0802469135802469,0.711934156378601,0.114695340501792,6,0.095
2025,E01007223,1.1543841704725,407,0.954746802466593,407,1.20819675043956,238,0.992948204244245,1.00199111280873,0.0737100737100737,0.302211302211302,0.109243697478992,0.542997542997543,0.154791154791155,0.0958230958230958,0.542997542997543,0.126050420168067,5,0.122
2025,E01007224,0.493259557230598,426,1.23943707383193,426,0.516858401035068,233,1.00952896724678,0.999614601990993,0.0258215962441315,0.448356807511737,0.0386266094420601,0.699530516431925,0.0774647887323944,0.0422535211267606,0.699530516431925,0.055793991416309,7,0.079
2025,E01007225,0.457634088421467,620,0.969978135953883,620,0.503257122584718,410,1.01178243143932,0.998995915580449,0.0274193548387097,0.35,0.0414634146341463,0.545161290322581,0.0758064516129032,0.0387096774193548,0.545161290322581,0.0536585365853659,6,0.082
2025,E01007226,1.16845037147368,531,1.45365825372806,531,1.15098689729512,314,1.00959598507817,1.00020349819553,0.0583804143126177,0.519774011299435,0.0796178343949045,0.819209039548023,0.109227871939736,0.0998116760828625,0.819209039548023,0.124203821656051,5,0.112
2025,E01007227,2.23750431194519,451,0.912560225287775,451,2.05488945785921,343,1.01440178807796,1.00723702160412,0.12860310421286,0.30820399113082,0.163265306122449,0.516629711751663,0.321507760532151,0.188470066518847,0.516629711751663,0.21865889212828,1,0.308
2025,E01007228,1.47592056643001,498,0.871371649147277,498,1.34459974514652,403,1.00829481631963,1.00257502115796,0.0803212851405623,0.301204819277108,0.0967741935483871,0.491967871485944,0.28714859437751,0.124497991967871,0.491967871485944,0.143920595533499,1,0.289
2025,E01007229,1.54126778662494,584,1.36725881080311,584,1.5301573796372,363,0.991827913964037,1.00079005881737,0.0839041095890411,0.412671232876712,0.115702479338843,0.784246575342466,0.166095890410959,0.13013698630137,0.784246575342466,0.162534435261708,4,0.154
2025,E01007230,1.86929965802979,497,1.43832981363072,497,1.94012197839439,277,1.00521286266068,0.999974133351511,0.0985915492957746,0.490945674044266,0.137184115523466,0.816901408450704,0.191146881287726,0.158953722334004,0.816901408450704,0.209386281588448,3,0.154
2025,E01007231,1.23196292052091,552,1.28006955537004,552,1.24547037677205,324,0.998624646350026,1.00041874016527,0.0634057971014493,0.402173913043478,0.0925925925925926,0.730072463768116,0.13768115942029,0.105072463768116,0.730072463768116,0.132716049382716,4,0.134
2025,E01007232,2.0527236238503,501,1.38392573102708,501,1.93884760397199,306,0.994163495142981,1.00217313564789,0.0878243512974052,0.427145708582834,0.127450980392157,0.792415169660679,0.203592814371258,0.179640718562874,0.792415169660679,0.212418300653595,2,0.198
2025,E01007233,1.54531917032284,632,1.21390861477601,632,1.40845294362345,404,0.995961047789836,1.00233276854808,0.0743670886075949,0.371835443037975,0.0915841584158416,0.693037974683544,0.185126582278481,0.132911392405063,0.693037974683544,0.153465346534653,3,0.18
2025,E01007234,2.02323152086227,552,1.51251151389097,552,2.24325635294141,288,0.990826281718816,1.0005503842072,0.105072463768116,0.451086956521739,0.166666666666667,0.867753623188406,0.188405797101449,0.172101449275362,0.867753623188406,0.239583333333333,3,0.176
2025,E01007235,1.50612618464985,512,1.62838578581402,512,1.50314682393103,299,1.00872573033985,1.00176684949506,0.083984375,0.5625,0.110367892976589,0.919921875,0.13671875,0.126953125,0.919921875,0.160535117056856,4,0.128
2025,E01007236,1.84943498581689,487,1.46364226881254,487,1.83031577087288,278,0.995806153383756,1.00179211570856,0.0985626283367557,0.453798767967146,0.140287769784173,0.835728952772074,0.172484599589322,0.15605749486653,0.835728952772074,0.194244604316547,3,0.173
2025,E01007237,1.30231532188342,690,0.808586074324372,690,1.1206252257564,497,1.00909796699916,1.00113989792899,0.0652173913043478,0.257971014492754,0.0784708249496982,0.46231884057971,0.17536231884058,0.111594202898551,0.46231884057971,0.120724346076459,3,0.183
2025,E01007238,2.28217163260425,685,1.05104358978212,685,2.09106881597202,474,0.994908335465216,1.00468080745769,0.0832116788321168,0.306569343065693,0.10126582278481,0.604379562043796,0.315328467153285,0.201459854014599,0.604379562043796,0.234177215189873,1,0.314
2025,E01007239,1.96491693791702,611,1.08709346411691,611,1.78592458640525,411,0.973467809686749,0.9985937639393,0.0900163666121113,0.266775777414075,0.104622871046229,0.639934533551555,0.243862520458265,0.170212765957447,0.639934533551555,0.197080291970803,1,0.254
2025,E01007240,1.06999183437926,580,0.941726417710208,580,0.833819503820834,401,0.975070464123779,1.00014335605525,0.0482758620689655,0.232758620689655,0.0623441396508728,0.551724137931035,0.153448275862069,0.0931034482758621,0.551724137931035,0.0897755610972569,3,0.153
2025,E01007241,0.657736979027843,531,0.985009255508141,531,0.7326991484875,314,1.02467519655494,0.998762932654669,0.0357815442561205,0.378531073446328,0.054140127388535,0.549905838041431,0.0753295668549906,0.0564971751412429,0.549905838041431,0.0796178343949045,7,0.083
2025,E01007242,0.63757811700859,669,1.1225894598266,669,0.621440765126948,420,1.00247164238948,0.998106417365483,0.0373692077727952,0.393124065769806,0.0476190476190476,0.636771300448431,0.0732436472346786,0.0538116591928251,0.636771300448431,0.0666666666666667,7,0.076
2025,E01007243,1.13130819719591,610,1.1525903767569,610,1.20248110608848,367,1.00393504042319,1.00121523673958,0.0655737704918033,0.395081967213115,0.0926430517711172,0.654098360655738,0.114754098360656,0.0950819672131147,0.654098360655738,0.128065395095368,5,0.106
2025,E01007244,1.85913102869364,699,1.25924362986215,699,1.68828829229645,481,0.986750368903771,1.0012558635033,0.108726752503577,0.363376251788269,0.135135135135135,0.725321888412017,0.220314735336195,0.155937052932761,0.725321888412017,0.178794178794179,2,0.22
2025,E01007245,0.589588087060991,507,1.20655166167068,507,0.74943566207555,239,1.0090528008723,0.99784528712659,0.0374753451676529,0.429980276134122,0.0627615062761506,0.680473372781065,0.0650887573964497,0.0493096646942801,0.680473372781065,0.0794979079497908,7,0.073
2025,E01007246,0.416943009707934,487,1.25794646782009,487,0.547370634839748,240,1.00692826643377,1.00089330062193,0.0246406570841889,0.433264887063655,0.0416666666666667,0.712525667351129,0.0616016427104723,0.0349075975359343,0.712525667351129,0.0583333333333333,6,0.07
2025,E01007247,0.462369716449347,514,0.912204182319763,514,0.642652648965838,211,1.01329291982385,1.00374587944773,0.0272373540856031,0.326848249027237,0.0616113744075829,0.509727626459144,0.0583657587548638,0.0389105058365759,0.509727626459144,0.0663507109004739,6,0.064
2025,E01007248,0.741011272739126,453,1.35382303632923,453,0.808704309595419,279,1.00554446328216,0.99775093489208,0.0463576158940397,0.443708609271523,0.0645161290322581,0.770419426048565,0.0640176600441501,0.0618101545253863,0.770419426048565,0.0860215053763441,6,0.069
2025,E01007249,1.95604721641353,497,1.02161090015338,497,1.75476528982181,379,1.00075590506909,1.00296739302306,0.100603621730382,0.323943661971831,0.121372031662269,0.58148893360161,0.293762575452716,0.167002012072435,0.58148893360161,0.189973614775726,2,0.289
2025,E01007250,0.637404312666666,464,1.46461005453621,464,0.840981965384173,223,1.00249337495943,0.99987610718881,0.0366379310344828,0.502155172413793,0.0672645739910314,0.829741379310345,0.0668103448275862,0.0538793103448276,0.829741379310345,0.0896860986547085,8,0.063
2025,E01007251,0.88057038791785,419,1.0303377332381,419,0.965906837780504,264,1.00072297284531,0.999804817436854,0.0501193317422434,0.341288782816229,0.0757575757575758,0.587112171837709,0.102625298329356,0.0739856801909308,0.587112171837709,0.102272727272727,6,0.097
2025,E01007252,1.19155874823202,550,1.43562217430147,550,1.38696851401995,260,0.999038964615165,0.99855138065896,0.0727272727272727,0.48,0.119230769230769,0.818181818181818,0.109090909090909,0.1,0.818181818181818,0.146153846153846,5,0.101
2025,E01007253,2.55182307776619,584,0.900353602090589,584,2.40067671080695,430,1.00164109701183,1.00188535774538,0.13527397260274,0.301369863013699,0.176744186046512,0.511986301369863,0.450342465753425,0.217465753424658,0.511986301369863,0.258139534883721,1,0.446
2025,E01007254,0.0684983448859412,514,1.19078548196794,514,0.0992987312726085,278,1.01043561482407,0.998465316262379,0.00389105058365759,0.429961089494164,0.00719424460431655,0.667315175097276,0.0116731517509728,0.00583657587548638,0.667315175097276,0.0107913669064748,10,0.025
2025,E01007255,0.679905620778442,571,1.27093465701202,571,0.835889034943057,341,0.997121566672691,0.998026288975197,0.0472854640980736,0.432574430823117,0.0733137829912024,0.7215411558669,0.0788091068301226,0.0560420315236427,0.7215411558669,0.0879765395894428,5,0.095
2025,E01007256,0.667950256031583,596,1.40566623202923,596,0.714721961210786,334,1.01864603906668,0.999508397328542,0.0436241610738255,0.526845637583893,0.062874251497006,0.788590604026846,0.0788590604026846,0.0553691275167785,0.788590604026846,0.0748502994011976,8,0.072
2025,E01007257,2.32485503893729,516,0.918821322837885,516,2.10657557848362,388,1.00283192315244,1.0052891865164,0.114341085271318,0.292635658914729,0.13659793814433,0.523255813953488,0.35077519379845,0.199612403100775,0.523255813953488,0.229381443298969,1,0.351
2025,E01007258,0.543104831716724,505,1.12434939013939,505,0.608828550312483,281,1.01225132381048,1.00267078233475,0.0297029702970297,0.392079207920792,0.0462633451957295,0.633663366336634,0.0712871287128713,0.0455445544554455,0.633663366336634,0.0640569395017794,9,0.056
2025,E01007259,0.7133230222547,386,1.62654441432362,386,0.877598242325876,198,1.01507742242477,0.999320267918028,0.0414507772020725,0.603626943005181,0.0757575757575758,0.911917098445596,0.0595854922279793,0.0595854922279793,0.911917098445596,0.0909090909090909,9,0.047
2025,E01007260,0.479185351064837,522,1.34518492877396,522,0.456353229868976,291,1.00411471438047,0.996669377562819,0.028735632183908,0.475095785440613,0.0378006872852234,0.762452107279693,0.053639846743295,0.0402298850574713,0.762452107279693,0.0481099656357388,8,0.055
2025,E01007261,0.42789880728041,472,1.38750015463944,472,0.490079698173284,249,1.02483954999109,0.999891030880251,0.0254237288135593,0.546610169491525,0.0401606425702811,0.771186440677966,0.048728813559322,0.0360169491525424,0.771186440677966,0.0522088353413655,9,0.032
2025,E01007262,0.224708278860766,530,1.25425777837175,530,0.254803710360393,301,1.01224288521982,0.99601973242382,0.0132075471698113,0.483018867924528,0.0232558139534884,0.70188679245283,0.0245283018867925,0.0188679245283019,0.70188679245283,0.026578073089701,10,0.03
2025,E01007263,1.86621041940867,540,1.11055754631471,540,1.6592999363676,371,1.0135914691864,1.00328085468581,0.105555555555556,0.401851851851852,0.134770889487871,0.62037037037037,0.262962962962963,0.157407407407407,0.62037037037037,0.175202156334232,2,0.263
2025,E01007264,0.296375033401753,516,1.17933941439424,516,0.276129104300025,273,1.01732044172997,1.00127439897306,0.0155038759689922,0.455426356589147,0.021978021978022,0.656976744186046,0.0484496124031008,0.0251937984496124,0.656976744186046,0.0293040293040293,9,0.06
2025,E01007265,0.86873982696129,441,1.54889971121054,441,1.01021145594365,235,1.01269873385315,0.999795737907,0.0521541950113379,0.555555555555556,0.0851063829787234,0.870748299319728,0.0793650793650794,0.072562358276644,0.870748299319728,0.106382978723404,6,0.078
2025,E01007266,0.415097078952707,485,1.22974718363724,485,0.513053404422795,257,1.01711005285799,0.999459396184229,0.0247422680412371,0.461855670103093,0.0428015564202335,0.688659793814433,0.045360824742268,0.0350515463917526,0.688659793814433,0.0544747081712062,9,0.047
2025,E01007267,0.672584426292644,521,1.24194887886599,521,0.82791379903904,289,1.0119410526727,1.00164225813867,0.0441458733205374,0.456813819577735,0.0726643598615917,0.696737044145873,0.0825335892514396,0.0556621880998081,0.696737044145873,0.0865051903114187,7,0.09
2025,E01007268,0.759360129002022,501,1.04875757071886,501,0.779011566553583,289,1.02362085728387,1.00218084053679,0.0439121756487026,0.385229540918164,0.0622837370242215,0.588822355289421,0.0998003992015968,0.063872255489022,0.588822355289421,0.0830449826989619,8,0.09
2025,E01007269,2.63429678367958,629,1.15941485736094,629,2.19059816566138,503,0.993300799832988,1.00843331496925,0.127186009538951,0.338632750397456,0.141153081510934,0.661367249602544,0.343402225755167,0.224165341812401,0.661367249602544,0.236580516898608,1,0.33
2025,E01007270,2.31547296555465,699,1.06536641290084,699,2.01910552722407,494,0.993163809920486,1.00507382872045,0.104434907010014,0.319027181688126,0.125506072874494,0.610872675250358,0.343347639484979,0.200286123032904,0.610872675250358,0.220647773279352,1,0.355
2025,E01007271,2.51103314427104,644,1.23937427486289,644,2.30172265104785,448,0.998335414096097,1.00329524695505,0.125776397515528,0.361801242236025,0.151785714285714,0.712732919254658,0.287267080745342,0.214285714285714,0.712732919254658,0.25,1,0.274
2025,E01007272,2.43014530191974,525,1.05228504719164,525,2.09203569442698,420,1.00085319724758,1.00677046327842,0.137142857142857,0.327619047619048,0.15,0.598095238095238,0.323809523809524,0.203809523809524,0.598095238095238,0.223809523809524,1,0.342
2025,E01007273,2.88400902414748,547,0.959208830070849,547,2.45257572154802,433,1.00269034348334,1.00655002244208,0.137111517367459,0.279707495429616,0.161662817551963,0.550274223034735,0.447897623400366,0.246800731261426,0.550274223034735,0.265588914549654,1,0.458
2025,E01007274,2.15195468953069,607,0.593362330955563,607,1.61903205243573,487,0.995586945282366,1.01025165182709,0.103789126853377,0.171334431630972,0.104722792607803,0.341021416803954,0.505766062602965,0.184514003294893,0.341021416803954,0.176591375770021,1,0.493
2025,E01007275,2.23650835615284,553,1.23446194602343,553,1.96814475354494,407,0.994443098841306,1.00197945131517,0.110307414104882,0.381555153707052,0.13022113022113,0.705244122965642,0.296564195298373,0.191681735985533,0.705244122965642,0.213759213759214,1,0.3
2025,E01007276,1.82483973232381,492,1.64515087911099,492,1.98303744461091,276,1.00426428045774,1.00228976592693,0.107723577235772,0.544715447154472,0.155797101449275,0.932926829268293,0.16869918699187,0.152439024390244,0.932926829268293,0.210144927536232,2,0.164
2025,E01007277,2.41555576579664,526,1.00863381373328,526,2.17723713285226,369,1.00705224302999,1.00364294696086,0.14638783269962,0.342205323193916,0.176151761517615,0.570342205323194,0.332699619771863,0.201520912547529,0.570342205323194,0.230352303523035,1,0.336
2025,E01007278,2.67065551283351,542,1.13704058469287,542,2.21537409934979,392,0.996489312147413,1.00580479238986,0.129151291512915,0.350553505535055,0.160714285714286,0.64760147601476,0.361623616236162,0.228782287822878,0.64760147601476,0.237244897959184,1,0.367
2025,E01007279,0.809336123536354,541,1.41346111284544,541,0.872287908938995,320,1.00948241914785,0.99917492362032,0.055452865064695,0.502772643253235,0.08125,0.796672828096118,0.077634011090573,0.066543438077634,0.796672828096118,0.090625,8,0.078
2025,E01007280,0.365027162750504,577,1.33723315589383,577,0.439585611119056,311,1.01153563943036,1.00065793094972,0.0259965337954939,0.476603119584055,0.0418006430868167,0.755632582322357,0.0346620450606586,0.0294627383015598,0.755632582322357,0.045016077170418,8,0.055
2025,E01007281,0.273098630719927,484,1.24347260474346,484,0.328428604925367,291,1.0229024571784,0.997710214357567,0.0185950413223141,0.481404958677686,0.0309278350515464,0.694214876033058,0.0309917355371901,0.0227272727272727,0.694214876033058,0.0343642611683849,10,0.038
2025,E01007282,0.748486112746119,496,1.33366912955147,496,0.847519849135039,324,1.00012232584831,0.997539777352861,0.0463709677419355,0.441532258064516,0.0709876543209877,0.764112903225807,0.0725806451612903,0.0625,0.764112903225807,0.0895061728395062,7,0.078
2025,E01007283,0.176005478188372,403,1.18897319745781,403,0.253940760266879,219,1.02265140183157,0.996060598470339,0.00992555831265509,0.481389578163772,0.0182648401826484,0.660049627791563,0.0198511166253102,0.0148883374689826,0.660049627791563,0.0273972602739726,8,0.014
2025,E01007284,0.350236008216715,563,1.45533789137728,563,0.424083157111432,280,1.01633623807021,0.999604851602882,0.0230905861456483,0.536412078152753,0.0392857142857143,0.817051509769094,0.0284191829484902,0.0284191829484902,0.817051509769094,0.0428571428571429,9,0.032
2025,E01007285,0.622747139387855,488,1.3216696579676,488,0.801945990068882,275,1.01875621583944,1.00281094045148,0.0327868852459016,0.489754098360656,0.0545454545454545,0.739754098360656,0.0778688524590164,0.0532786885245902,0.739754098360656,0.0872727272727273,8,0.077
2025,E01007286,0.732238159077258,500,1.14091933754188,500,0.827407294703409,280,1.01050735488489,1.00006503366002,0.048,0.418,0.0714285714285714,0.64,0.102,0.06,0.64,0.0857142857142857,6,0.102
2025,E01007287,0.855364293850815,675,1.34046643439096,675,0.804371713814921,387,1.02371115987822,1.0039909858846,0.0459259259259259,0.506666666666667,0.0645994832041344,0.746666666666667,0.114074074074074,0.0725925925925926,0.746666666666667,0.0852713178294574,6,0.111
2025,E01007288,1.17180064403484,621,1.14987834988988,621,1.09506989197451,410,1.01977531030484,1.00533236664401,0.07085346215781,0.429951690821256,0.0853658536585366,0.642512077294686,0.154589371980676,0.0982286634460548,0.642512077294686,0.117073170731707,5,0.153
2025,E01007289,2.11672897877489,608,0.751059681734471,608,1.92485857226476,505,0.999493765464055,1.0060070350942,0.105263157894737,0.215460526315789,0.122772277227723,0.430921052631579,0.444078947368421,0.180921052631579,0.430921052631579,0.20990099009901,1,0.479
2025,E01007290,1.68022702281801,776,0.720103053359403,776,1.35011961850883,603,0.995427821333283,1.00684803248307,0.0708762886597938,0.206185567010309,0.0729684908789387,0.413659793814433,0.364690721649485,0.145618556701031,0.413659793814433,0.149253731343284,1,0.384
2025,E01007291,2.74145426530172,683,1.11043733420535,683,2.32748094453679,522,0.989634083212271,1.00389125540915,0.124450951683748,0.304538799414348,0.147509578544061,0.641288433382138,0.380673499267936,0.235724743777452,0.641288433382138,0.252873563218391,1,0.388
2025,E01007292,2.29879715654926,628,0.916175419654793,628,2.18377973882907,465,0.990965812088784,1.00562406414092,0.111464968152866,0.256369426751592,0.137634408602151,0.527070063694268,0.377388535031847,0.197452229299363,0.527070063694268,0.238709677419355,1,0.39
2025,E01007293,2.18168720057057,639,0.573880946503075,639,1.8376936283555,552,0.999722522192423,1.00870342727044,0.0876369327073553,0.164319248826291,0.0960144927536232,0.330203442879499,0.510172143974961,0.190923317683881,0.330203442879499,0.204710144927536,1,0.52
2025,E01007294,2.47261030510057,553,1.43966495183441,553,2.43531311893073,387,1.00042825203152,1.0028151675595,0.144665461121157,0.475587703435805,0.183462532299742,0.817359855334539,0.256781193490054,0.207956600361664,0.817359855334539,0.260981912144703,2,0.234
2025,E01007295,1.52755656956619,589,0.668341230870479,589,1.34582430948651,468,0.99364178924104,1.00177268915961,0.0848896434634975,0.193548387096774,0.094017094017094,0.383701188455009,0.34974533106961,0.129032258064516,0.383701188455009,0.145299145299145,1,0.347
2025,E01007296,2.9478494415813,690,1.20758657246292,690,2.58774362897417,492,0.996241706157508,1.00251480743235,0.153623188405797,0.37536231884058,0.178861788617886,0.689855072463768,0.340579710144928,0.249275362318841,0.689855072463768,0.278455284552846,1,0.341
2025,E01007297,0.714164593632128,513,0.642727767824621,513,0.688329907279691,364,1.0117716353446,1.00176743360785,0.0409356725146199,0.243664717348928,0.0521978021978022,0.358674463937622,0.167641325536062,0.0604288499025341,0.358674463937622,0.0741758241758242,3,0.176
2025,E01007298,0.392108061625075,488,1.34454714225682,488,0.467450674237634,283,1.02522076546316,0.99770282558775,0.0245901639344262,0.516393442622951,0.03886925795053,0.752049180327869,0.040983606557377,0.0327868852459016,0.752049180327869,0.049469964664311,8,0.044
2025,E01007299,0.98457691209158,482,1.01309106484158,482,1.12491575137938,304,1.01443904592955,1.00285323818206,0.0663900414937759,0.365145228215768,0.0953947368421053,0.572614107883817,0.109958506224066,0.0809128630705394,0.572614107883817,0.118421052631579,6,0.096
2025,E01007300,0.962726918348536,783,0.669552076341963,783,0.855504649204663,616,1.00208303265627,1.00323848360635,0.053639846743295,0.222222222222222,0.0616883116883117,0.379310344827586,0.222222222222222,0.0817369093231162,0.379310344827586,0.0925324675324675,2,0.24
2025,E01007301,0.435143940623762,524,0.950281238369055,524,0.558086891108221,303,1.01651398397742,0.999827464671751,0.0267175572519084,0.33587786259542,0.0429042904290429,0.536259541984733,0.0744274809160305,0.0362595419847328,0.536259541984733,0.0594059405940594,7,0.087
2025,E01007302,0.838148196256269,732,0.685860383943246,732,0.812857388504256,536,1.00103394750063,0.999903797902953,0.0478142076502732,0.228142076502732,0.0597014925373134,0.389344262295082,0.188524590163934,0.0710382513661202,0.389344262295082,0.0876865671641791,3,0.181
2025,E01007303,2.92712198203527,608,0.944210812813547,608,2.51458986631263,494,1.00584669393271,1.00465827870022,0.149671052631579,0.314144736842105,0.168016194331984,0.536184210526316,0.439144736842105,0.25,0.536184210526316,0.273279352226721,1,0.429
2025,E01007304,1.9859933525335,525,1.0239931022356,525,1.77788453754639,425,1.00645396828527,1.00633384521921,0.0971428571428571,0.321904761904762,0.112941176470588,0.580952380952381,0.325714285714286,0.16952380952381,0.580952380952381,0.192941176470588,1,0.316
2025,E01007305,0.804913939249784,549,1.29681714368336,549,0.925925338853429,290,1.00849881009312,0.998211684635759,0.0510018214936248,0.489981785063752,0.0862068965517242,0.728597449908925,0.0783242258652095,0.0673952641165756,0.728597449908925,0.096551724137931,6,0.082
2025,E01007306,0.820847362650078,511,1.10788354292374,511,0.754434241286926,294,0.995246212046866,0.999262650241964,0.0410958904109589,0.334637964774951,0.054421768707483,0.637964774951076,0.103718199608611,0.0704500978473581,0.637964774951076,0.0816326530612245,7,0.087
2025,E01007307,0.485992866124982,578,1.50332093284755,578,0.608880617485563,332,1.00532039347507,0.998704883664214,0.0259515570934256,0.505190311418685,0.0421686746987952,0.852941176470588,0.0467128027681661,0.041522491349481,0.852941176470588,0.0662650602409639,6,0.065
2025,E01007308,0.589749644554534,583,1.22834371398789,583,0.638850067753715,322,1.01344508488983,0.998985891165877,0.0411663807890223,0.463121783876501,0.062111801242236,0.687821612349914,0.0548885077186964,0.0480274442538593,0.687821612349914,0.0652173913043478,8,0.058
2025,E01007309,0.850789711575767,503,1.5803797258657,503,1.07968380013666,253,1.00934839548992,1.00051540664953,0.0576540755467197,0.544731610337972,0.102766798418972,0.892644135188867,0.0715705765407555,0.0695825049701789,0.892644135188867,0.110671936758893,8,0.062
2025,E01007310,0.74660078950798,458,1.59720442589208,458,0.96791128492441,247,1.00958485961421,0.998108279193786,0.0524017467248908,0.576419213973799,0.0850202429149798,0.899563318777293,0.0655021834061135,0.0611353711790393,0.899563318777293,0.101214574898785,7,0.071
2025,E01007311,0.635698619739078,510,1.46640478316362,510,0.677428992525734,264,1.01146256517723,0.999853725821166,0.0411764705882353,0.525490196078431,0.0568181818181818,0.827450980392157,0.0588235294117647,0.0529411764705882,0.827450980392157,0.071969696969697,8,0.063
2025,E01007312,1.35918207674941,578,1.27092001090968,578,1.56104485053385,355,1.00490751757661,1.00171700315743,0.0882352941176471,0.441176470588235,0.138028169014085,0.719723183391004,0.14878892733564,0.112456747404844,0.719723183391004,0.163380281690141,4,0.142
2025,E01007313,1.42702674710248,592,1.05786968657136,592,1.51950927772827,378,1.00507714670084,1.00332118630487,0.089527027027027,0.347972972972973,0.12962962962963,0.603040540540541,0.163851351351351,0.118243243243243,0.603040540540541,0.158730158730159,4,0.169
2025,E01007314,1.31886615395269,496,1.64651679119625,496,1.31759084014449,297,1.00536341180307,1.00032265103637,0.0846774193548387,0.554435483870968,0.111111111111111,0.933467741935484,0.110887096774194,0.108870967741935,0.933467741935484,0.138047138047138,4,0.11
2025,E01007315,0.818083124246017,525,1.63462796174813,525,1.0640208575127,257,1.00270014915388,0.999060505415965,0.0495238095238095,0.548571428571429,0.0856031128404669,0.931428571428571,0.0761904761904762,0.0685714285714286,0.931428571428571,0.11284046692607,7,0.083
2025,E01007316,0.901282903531757,532,1.68116968660901,532,1.14876730588475,272,1.01805046845182,1.00104980558616,0.0545112781954887,0.627819548872181,0.0919117647058824,0.93984962406015,0.0827067669172932,0.075187969924812,0.93984962406015,0.121323529411765,7,0.069
2025,E01012367,2.06186745705386,782,0.929619885135853,782,1.96962123762527,533,0.988696309902687,1.00054358814544,0.107416879795396,0.28772378516624,0.138836772983114,0.533248081841432,0.312020460358056,0.176470588235294,0.533248081841432,0.213883677298311,1,0.326
2025,E01012368,1.38342969314815,802,0.94739951552945,802,1.33754809790497,552,0.999342058356209,1.00226058470466,0.0785536159600998,0.293017456359102,0.103260869565217,0.542394014962594,0.184538653366584,0.117206982543641,0.542394014962594,0.143115942028986,3,0.179
2025,E01012369,1.21123584316859,657,1.0702844888986,657,1.26133001165541,404,1.00752079018477,1.00278023998935,0.0639269406392694,0.357686453576865,0.0915841584158416,0.604261796042618,0.184170471841705,0.103500761035008,0.604261796042618,0.136138613861386,3,0.176
2025,E01012370,1.87221501295196,763,1.27607800781999,763,1.78981021587279,545,0.97922564473172,0.998762325630707,0.0996068152031455,0.35910878112713,0.124770642201835,0.740498034076016,0.212319790301442,0.159895150720839,0.740498034076016,0.194495412844037,2,0.213
2025,E01012371,0.23927668056046,445,0.918857666503462,445,0.300260670340451,250,1.00882531894435,1.00062559951338,0.0134831460674157,0.323595505617978,0.024,0.51685393258427,0.0561797752808989,0.0202247191011236,0.51685393258427,0.032,6,0.062
2025,E01012372,0.324621770227352,434,1.09439778443572,434,0.518600661601671,213,0.999907062173051,0.998535689997184,0.0184331797235023,0.391705069124424,0.0375586854460094,0.619815668202765,0.043778801843318,0.0276497695852535,0.619815668202765,0.0563380281690141,7,0.035
2025,E01012373,0.312942639027697,461,1.15378801139531,461,0.426860687307556,180,1.01846459964247,0.999802859754025,0.0195227765726681,0.440347071583514,0.0388888888888889,0.644251626898048,0.0303687635574837,0.0260303687635575,0.644251626898048,0.0444444444444444,8,0.033
2025,E01012374,0.182016971272191,958,0.84490791331399,958,0.196186790239105,555,0.996345104540001,0.997654158154358,0.00939457202505219,0.286012526096033,0.0126126126126126,0.480167014613779,0.0365344467640919,0.0156576200417537,0.480167014613779,0.0216216216216216,9,0.037
2025,E01012375,0.0845578213909067,538,0.988022328974022,538,0.142672854585271,250,1.01095862424937,0.997781306673877,0.00371747211895911,0.349442379182156,0.008,0.555762081784387,0.0297397769516729,0.00743494423791822,0.555762081784387,0.016,9,0.035
2025,E01012376,0.140603849938628,922,0.511701669315599,922,0.144146031935926,536,0.987542583432273,0.996927578582422,0.00759219088937093,0.163774403470716,0.0130597014925373,0.293926247288503,0.0336225596529284,0.0119305856832972,0.293926247288503,0.0149253731343284,9,0.031
2025,E01012377,1.2794402391719,670,0.822700759311477,670,1.42635493178397,422,1.00841964475995,1.00665037821602,0.0671641791044776,0.261194029850746,0.101895734597156,0.467164179104478,0.23134328358209,0.108955223880597,0.467164179104478,0.154028436018957,2,0.216
2025,E01012378,0.530163160173191,599,1.24146311669146,599,0.745356825780199,310,1.01727792303384,1.0005024809348,0.0367278797996661,0.480801335559266,0.067741935483871,0.691151919866444,0.0701168614357262,0.0434056761268781,0.691151919866444,0.0774193548387097,6,0.067
2025,E01012379,1.35300752162645,663,0.996112000289921,663,1.25731641966002,417,1.00453474548916,1.00389656786458,0.0693815987933635,0.30920060331825,0.0863309352517986,0.570135746606335,0.173453996983409,0.116138763197587,0.570135746606335,0.136690647482014,2,0.193
2025,E01012380,1.83881573056675,547,1.0011437080899,547,1.75826684861728,378,1.0029268064397,1.00455550195536,0.093235831809872,0.305301645338208,0.119047619047619,0.572212065813528,0.308957952468007,0.157221206581353,0.572212065813528,0.19047619047619,1,0.316
2025,E01012381,0.983446086522244,716,0.345892828481229,716,0.858680322560562,580,0.997261550413286,1.00513897148144,0.0502793296089386,0.107541899441341,0.0568965517241379,0.196927374301676,0.456703910614525,0.0837988826815642,0.196927374301676,0.0931034482758621,1,0.42
2025,E01012382,1.47372195929097,695,0.571410238422493,695,1.37173984848884,518,1.00351046147219,1.00816949348142,0.0805755395683453,0.2,0.0965250965250965,0.320863309352518,0.389928057553957,0.123741007194245,0.320863309352518,0.146718146718147,1,0.403
2025,E01012383,1.27691293005984,650,0.936148496338235,650,1.15153579152353,421,1.00542713549324,1.00394140185374,0.0630769230769231,0.3,0.0831353919239905,0.532307692307692,0.218461538461538,0.109230769230769,0.532307692307692,0.123515439429929,2,0.217
2025,E01012384,1.40652029482813,653,1.07914409961852,653,1.42311877843008,438,1.00713799647573,1.0040926197641,0.0597243491577335,0.370597243491577,0.0799086757990868,0.609494640122512,0.206738131699847,0.122511485451761,0.609494640122512,0.157534246575342,2,0.218
2025,E01012385,0.168720191400289,695,0.673659052471127,695,0.120849751006629,469,0.993986552636389,0.996696805831711,0.0100719424460432,0.197122302158273,0.0106609808102345,0.389928057553957,0.0503597122302158,0.0143884892086331,0.389928057553957,0.0127931769722814,8,0.057
2025,E01012386,0.155189056680938,1021,0.439948159913356,1021,0.128479515922709,742,0.988718206043734,0.995530027719877,0.0107737512242899,0.149853085210578,0.0121293800539084,0.248775710088149,0.0528893241919687,0.0127326150832517,0.248775710088149,0.0134770889487871,8,0.051
2025,E01012387,0.317661858952849,425,1.35124932223335,425,0.442063730891905,198,1.00916189954248,0.998796904710865,0.0235294117647059,0.463529411764706,0.0454545454545455,0.764705882352941,0.0352941176470588,0.0258823529411765,0.764705882352941,0.0454545454545455,8,0.04
2025,E01012388,1.12298518599109,716,0.948628276191806,716,0.952519129163127,457,1.00577667333395,1.00535237262842,0.0572625698324022,0.303072625698324,0.0568927789934355,0.537709497206704,0.222067039106145,0.0963687150837989,0.537709497206704,0.105032822757112,2,0.251
2025,E01012389,0.435306909829253,652,1.25505576536265,652,0.628384051788029,273,1.02167986097212,1.00300525830842,0.0245398773006135,0.470858895705521,0.054945054945055,0.702453987730061,0.049079754601227,0.0368098159509202,0.702453987730061,0.0659340659340659,8,0.049
2025,E01012390,1.24663795055076,612,1.16625420580202,612,1.27430819385461,365,1.00872224893729,1.0031474844951,0.065359477124183,0.392156862745098,0.0931506849315068,0.660130718954248,0.181372549019608,0.106209150326797,0.660130718954248,0.136986301369863,3,0.185
2025,E01012391,1.17998746418694,884,0.937130770926007,884,1.05897944855651,569,0.998845971402422,1.00139102571825,0.0520361990950226,0.298642533936652,0.0615114235500879,0.535067873303167,0.211538461538462,0.102941176470588,0.535067873303167,0.117750439367311,2,0.21
2025,E01012392,0.255677841126169,1036,0.535454758245022,1036,0.2366884759446,651,0.986978213204898,0.996949539887444,0.0173745173745174,0.173745173745174,0.0230414746543779,0.306949806949807,0.0540540540540541,0.0212355212355212,0.306949806949807,0.0245775729646697,9,0.054
2025,E01012393,0.170383524107225,993,0.626658468843851,993,0.158685046249449,662,1.00333220836741,0.998547157875594,0.0120845921450151,0.223564954682779,0.0151057401812689,0.35448136958711,0.0382678751258812,0.014098690835851,0.35448136958711,0.0166163141993958,10,0.039
2025,E01012394,0.7053374144651,727,0.782688154230016,727,0.658452622393652,482,0.997629817633836,0.998465659547102,0.0385144429160935,0.247592847317744,0.045643153526971,0.447042640990371,0.132049518569464,0.0591471801925722,0.447042640990371,0.0705394190871369,4,0.134
2025,E01012395,0.363207693049153,608,1.02594717405248,608,0.496546335577972,308,1.01838352240577,1.00032297188018,0.0263157894736842,0.411184210526316,0.0454545454545455,0.569078947368421,0.0641447368421053,0.0296052631578947,0.569078947368421,0.051948051948052,8,0.047
2025,E01012396,1.80363511516246,528,0.860860400632755,528,1.61401948014209,407,1.00635276353144,1.00823218869565,0.0681818181818182,0.255681818181818,0.0810810810810811,0.490530303030303,0.34280303030303,0.15719696969697,0.490530303030303,0.179361179361179,1,0.345
2025,E01012397,1.63317168738234,649,0.86519519004297,649,1.34147661814156,517,0.994219647776599,1.00470015357444,0.0708782742681048,0.26502311248074,0.0812379110251451,0.494607087827427,0.326656394453005,0.14175654853621,0.494607087827427,0.147001934235977,1,0.333
2025,E01012398,1.06495057116155,451,1.24662688719917,451,1.28340334372366,264,1.00254084449725,1.00307132761687,0.0665188470066519,0.399113082039911,0.102272727272727,0.713968957871397,0.124168514412417,0.0886917960088692,0.713968957871397,0.136363636363636,5,0.132
2025,E01012399,1.48741877714518,579,0.892262937810219,579,1.33762325446293,403,0.990385088507135,1.00286030168162,0.0708117443868739,0.260794473229706,0.0942928039702233,0.512953367875648,0.265975820379965,0.127806563039724,0.512953367875648,0.143920595533499,1,0.276
2025,E01012400,0.757743006881913,435,1.39693332320035,435,0.911551600373717,255,0.989988177997577,1.000555947106,0.0413793103448276,0.418390804597701,0.0666666666666667,0.804597701149425,0.071264367816092,0.064367816091954,0.804597701149425,0.0980392156862745,5,0.079
2025,E01012401,0.689321043470392,693,1.36814823019823,693,0.862462159096401,391,1.02003388144815,0.998684511649159,0.0432900432900433,0.532467532467532,0.0690537084398977,0.763347763347763,0.0721500721500722,0.0577200577200577,0.763347763347763,0.0920716112531969,6,0.074
2025,E01012402,1.48995725567177,610,0.997901191113312,610,1.37730808926409,449,1.00466454244768,1.00549475214035,0.0721311475409836,0.324590163934426,0.0935412026726058,0.563934426229508,0.255737704918033,0.127868852459016,0.563934426229508,0.149220489977728,2,0.256
2025,E01012403,0.741529277558103,679,0.501743734264362,679,0.730731239856161,436,0.999571246791528,1.0037231014989,0.0309278350515464,0.141384388807069,0.0435779816513761,0.290132547864507,0.290132547864507,0.0648011782032401,0.290132547864507,0.0802752293577982,1,0.321
2025,E01012404,0.757513893668151,547,1.17600394711279,547,0.618193030326546,308,1.00052308626887,1.00304017841205,0.0402193784277879,0.352833638025594,0.0487012987012987,0.672760511882998,0.111517367458867,0.0639853747714808,0.672760511882998,0.0649350649350649,4,0.117
2025,E01012405,1.1323373570119,792,1.06774580897682,792,1.04272617665114,498,1.00112700772327,1.00260000791256,0.0606060606060606,0.340909090909091,0.0823293172690763,0.609848484848485,0.138888888888889,0.095959595959596,0.609848484848485,0.110441767068273,4,0.133
2025,E01012406,1.43767007842051,513,1.04328988049841,513,1.54875598838385,328,1.00000253403065,1.00522215534741,0.0721247563352827,0.325536062378168,0.103658536585366,0.594541910331384,0.218323586744639,0.12280701754386,0.594541910331384,0.167682926829268,2,0.209
2025,E01012407,1.13451660880005,699,0.483811271991779,699,0.943669098640733,459,0.982053458788078,1.0047678040339,0.0472103004291846,0.117310443490701,0.0501089324618736,0.281831187410587,0.330472103004292,0.0987124463519313,0.281831187410587,0.104575163398693,1,0.349
2025,E01012408,1.92060010379676,682,0.834070068700026,682,1.53817624549583,405,0.99819826736514,1.00858064554986,0.0777126099706745,0.243401759530792,0.0790123456790123,0.475073313782991,0.373900293255132,0.167155425219941,0.475073313782991,0.17037037037037,1,0.382
2025,E01012409,1.63325997898974,509,0.772061762765222,509,1.63217058538989,306,1.0006245925401,1.00472990055876,0.0805500982318271,0.239685658153242,0.107843137254902,0.44007858546169,0.255402750491159,0.139489194499018,0.44007858546169,0.176470588235294,1,0.255
2025,E01012410,0.318741978729509,456,0.990071830138311,456,0.406253784923916,217,1.01138847675226,0.999485147954616,0.0219298245614035,0.37719298245614,0.0414746543778802,0.552631578947369,0.0504385964912281,0.0263157894736842,0.552631578947369,0.0414746543778802,8,0.051
2025,E01012411,0.89206956082076,548,1.3753073180942,548,0.984755341902682,285,1.0160550806641,1.00666913614689,0.0529197080291971,0.476277372262774,0.0736842105263158,0.773722627737226,0.0912408759124088,0.0748175182481752,0.773722627737226,0.105263157894737,5,0.122
2025,E01012412,0.907679402532138,731,0.758781060702211,731,0.800500554446923,535,0.991935081621676,1.00424198845495,0.0437756497948016,0.224350205198358,0.0485981308411215,0.436388508891929,0.19015047879617,0.0779753761969904,0.436388508891929,0.0878504672897196,2,0.193
2025,E01012413,1.4079310488014,594,0.911086253921442,594,1.32081250487675,376,1.00406340931922,1.00538073575582,0.0740740740740741,0.301346801346801,0.0984042553191489,0.515151515151515,0.237373737373737,0.11952861952862,0.515151515151515,0.140957446808511,2,0.236
2025,E01012414,0.421134299106586,447,1.1926436074806,447,0.508187581396379,217,1.00880814420063,1.00066875118195,0.0246085011185682,0.41834451901566,0.0368663594470046,0.67337807606264,0.0604026845637584,0.0357941834451902,0.67337807606264,0.0552995391705069,6,0.078
2025,E01012415,0.233268427739505,478,1.37906113298594,478,0.274423378387947,221,1.0168510955025,1.00426680512801,0.0146443514644351,0.49581589958159,0.0271493212669683,0.774058577405858,0.0230125523012552,0.0188284518828452,0.774058577405858,0.0271493212669683,7,0.031
2025,E01012416,0.698044112987131,697,1.03465985984665,697,0.7213848891878,417,1.00048087849153,1.00118763932453,0.0387374461979914,0.329985652797704,0.0551558752997602,0.592539454806313,0.0760401721664275,0.0588235294117647,0.592539454806313,0.0767386091127098,6,0.088
2025,E01012417,1.67904234427292,476,1.40837133002679,476,1.62870823395514,267,0.984301457608131,0.999980133551017,0.0777310924369748,0.401260504201681,0.112359550561798,0.815126050420168,0.186974789915966,0.144957983193277,0.815126050420168,0.176029962546816,2,0.174
2025,E01012418,0.275824465205766,569,1.3590293260803,569,0.367377979854875,313,1.01694741607868,0.998972654142208,0.0175746924428823,0.518453427065026,0.0319488817891374,0.760984182776801,0.0351493848857645,0.0228471001757469,0.760984182776801,0.0383386581469649,8,0.047
2025,E01012419,0.85177753816157,442,0.473819642960972,442,0.8504115052061,253,1.0047219863513,1.00365870774656,0.0361990950226244,0.158371040723982,0.0474308300395257,0.269230769230769,0.31447963800905,0.0746606334841629,0.269230769230769,0.0948616600790514,1,0.313
2025,E01012420,1.012315666518,666,0.512595189284599,666,1.01240087875244,414,0.999900014158633,1.00525588074641,0.0555555555555556,0.16966966966967,0.072463768115942,0.28978978978979,0.354354354354354,0.0855855855855856,0.28978978978979,0.108695652173913,1,0.38
2025,E01012421,0.553846972542446,470,1.22113226560725,470,0.65033274472725,206,1.01246389740887,1.00362247597455,0.0319148936170213,0.431914893617021,0.058252427184466,0.68936170212766,0.0574468085106383,0.0468085106382979,0.68936170212766,0.0679611650485437,8,0.06
2025,E01012422,0.99429773844378,558,0.599842934699424,558,0.916280387023134,348,0.996040653152974,1.00440439938724,0.0627240143369176,0.182795698924731,0.0833333333333333,0.344086021505376,0.270609318996416,0.0824372759856631,0.344086021505376,0.0948275862068965,1,0.266
2025,E01012423,0.510896037632721,563,1.04176414919466,563,0.497855256145538,289,1.00383726884369,1.00113476029319,0.0301953818827709,0.341030195381883,0.0449826989619377,0.593250444049734,0.0817051509769094,0.0426287744227353,0.593250444049734,0.0519031141868512,6,0.093
2025,E01012424,2.36852782527853,704,0.89053051484094,704,2.11914765361835,415,1.00153701099106,1.00719582025715,0.113636363636364,0.272727272727273,0.144578313253012,0.507102272727273,0.380681818181818,0.203125,0.507102272727273,0.228915662650602,1,0.39
2025,E01012425,1.29017451528334,594,1.07918953827171,594,1.31950691157477,360,1.00643210206853,1.00388860387484,0.0774410774410774,0.353535353535354,0.108333333333333,0.612794612794613,0.202020202020202,0.107744107744108,0.612794612794613,0.138888888888889,2,0.224
2025,E01012426,0.766139429839782,506,1.48022336887847,506,0.970836410967803,266,1.01856510104489,1.00190910963785,0.0494071146245059,0.539525691699605,0.0827067669172932,0.828063241106719,0.0790513833992095,0.0632411067193676,0.828063241106719,0.101503759398496,6,0.081
2025,E01012427,0.757074307087287,614,0.90227860476133,614,0.835340837721717,360,1.00132777988241,1.00263078560922,0.0439739413680782,0.283387622149837,0.0638888888888889,0.514657980456026,0.164495114006515,0.0635179153094463,0.514657980456026,0.0888888888888889,3,0.156
2025,E01012428,0.6379592699653,977,0.703722186357542,977,0.564295417782221,692,0.989312336863311,0.999653894118781,0.0337768679631525,0.205731832139202,0.0404624277456647,0.406345957011259,0.129989764585466,0.0542476970317298,0.406345957011259,0.0606936416184971,4,0.139
2025,E01012429,1.03865251398592,549,0.886634505897175,549,1.10502869396282,347,1.00379758670672,1.00374957665137,0.0673952641165756,0.284153005464481,0.0951008645533141,0.506375227686703,0.189435336976321,0.0856102003642987,0.506375227686703,0.115273775216138,3,0.186
2025,E01012430,2.20542446508561,673,1.04370296288809,673,1.96783858908855,501,0.973606582007903,1.00182819895386,0.105497771173848,0.257057949479941,0.131736526946108,0.612184249628529,0.289747399702823,0.190193164933135,0.612184249628529,0.213572854291417,1,0.285
2025,E01012431,1.31125310690318,890,1.07510647715019,890,1.12998684659901,650,0.966596025675154,0.997775971085915,0.0674157303370787,0.260674157303371,0.0769230769230769,0.632584269662921,0.182022471910112,0.112359550561798,0.632584269662921,0.123076923076923,2,0.176
2025,E01012432,0.734328397300604,551,0.813811020798296,551,0.745903578524389,347,0.990502222749037,1.00326798364212,0.0326678765880218,0.225045372050817,0.0489913544668588,0.47005444646098,0.176043557168784,0.0635208711433757,0.47005444646098,0.0806916426512968,3,0.173
2025,E01012433,0.779657327880463,592,0.562678183292462,592,0.701438628234603,396,0.999360120185739,1.00311215681134,0.0439189189189189,0.190878378378378,0.0505050505050505,0.319256756756757,0.278716216216216,0.0658783783783784,0.319256756756757,0.0757575757575758,1,0.282
2025,E01012434,0.320834996727413,519,1.12219916507318,519,0.36114110391563,294,0.994495096738833,0.998848632909884,0.0192678227360308,0.364161849710983,0.0340136054421769,0.64354527938343,0.0500963391136802,0.0269749518304432,0.64354527938343,0.0374149659863946,7,0.052
2025,E01012435,0.254869299733388,705,0.960218643644611,705,0.27736827394334,383,1.00080037480083,1.00062132543109,0.00851063829787234,0.312056737588653,0.0130548302872063,0.547517730496454,0.0439716312056738,0.0226950354609929,0.547517730496454,0.031331592689295,8,0.042
2025,E01012436,1.01613752427008,460,0.452496045801719,460,0.906753109228251,315,1.00073407362524,1.00281763578862,0.05,0.143478260869565,0.0603174603174603,0.256521739130435,0.384782608695652,0.0869565217391304,0.256521739130435,0.0984126984126984,1,0.368
2025,E01012437,0.814779269758046,475,0.437503651779731,475,0.650497303209976,316,1.00502690596651,1.00539901059423,0.04,0.143157894736842,0.0474683544303798,0.248421052631579,0.305263157894737,0.0694736842105263,0.248421052631579,0.069620253164557,1,0.32
2025,E01012438,0.522141938719471,475,0.220984475287243,475,0.484971155272779,364,1.01286858461059,1.00699089750371,0.0273684210526316,0.0757894736842105,0.032967032967033,0.124210526315789,0.385263157894737,0.0442105263157895,0.124210526315789,0.0521978021978022,1,0.402
2025,E01012439,0.763439234435301,542,0.400936120071785,542,0.820353830171572,359,1.01662477513943,1.00428926856106,0.0424354243542435,0.142066420664207,0.0557103064066852,0.223247232472325,0.25830258302583,0.0645756457564576,0.223247232472325,0.0891364902506964,1,0.274
2025,E01012440,0.640396519426665,462,1.00173684969771,462,0.786249903015818,208,1.0109605899385,1.00378884699041,0.0367965367965368,0.352813852813853,0.0721153846153846,0.564935064935065,0.0952380952380952,0.0541125541125541,0.564935064935065,0.0817307692307692,5,0.075
2025,E01012441,1.68654472474057,998,0.772290804376495,998,1.50080366256214,692,0.982412941617698,1.00208120548548,0.0791583166332665,0.222444889779559,0.0910404624277457,0.445891783567134,0.323647294589178,0.146292585170341,0.445891783567134,0.166184971098266,1,0.334
2025,E01012442,1.64275017551256,529,0.79268910694276,529,1.54133376806484,320,1.0183928021849,1.00725657392051,0.0869565217391304,0.274102079395085,0.115625,0.444234404536862,0.300567107750473,0.139886578449905,0.444234404536862,0.165625,1,0.296
2025,E01012443,0.933635144838525,533,0.88987268291729,533,1.07748601866396,271,1.00801874394401,1.00593678275098,0.0544090056285178,0.320825515947467,0.0885608856088561,0.50093808630394,0.150093808630394,0.0787992495309569,0.50093808630394,0.114391143911439,4,0.132
2025,E01012444,1.46721848420632,491,0.461190290405288,491,1.19922083923068,433,1.00940459059245,1.00711213643018,0.0896130346232179,0.167006109979633,0.0946882217090069,0.256619144602851,0.360488798370672,0.122199592668024,0.256619144602851,0.1270207852194,1,0.374
2025,E01012445,1.55163603163911,459,0.549927576786373,459,1.30847607481872,387,1.01180253717495,1.00896538523394,0.0915032679738562,0.189542483660131,0.103359173126615,0.309368191721133,0.411764705882353,0.130718954248366,0.309368191721133,0.13953488372093,1,0.411
2025,E01012446,0.294297163712188,466,1.22683209748202,466,0.347113887822041,223,1.01662212642765,0.994174144258024,0.0236051502145923,0.467811158798283,0.0358744394618834,0.686695278969957,0.036480686695279,0.0236051502145923,0.686695278969957,0.0358744394618834,10,0.036
2025,E01012447,0.0743296394022314,502,0.970638865592876,502,0.0995093091949871,294,0.996563398088008,0.992049770059513,0.00597609561752988,0.352589641434263,0.0102040816326531,0.551792828685259,0.00597609561752988,0.00597609561752988,0.551792828685259,0.0102040816326531,10,0.018
2025,E01012448,0.100945385421609,734,0.62005291154268,734,0.0973523246227653,495,0.999340883596576,0.992377871899871,0.00817438692098093,0.235694822888283,0.0101010101010101,0.350136239782016,0.0476839237057221,0.00817438692098093,0.350136239782016,0.0101010101010101,9,0.037
2025,E01012449,0.143660069544905,587,1.41116726050303,587,0.0856265453366319,339,1.02165237521326,0.99382310527875,0.010221465076661,0.562180579216354,0.00884955752212389,0.792163543441227,0.0136286201022147,0.0119250425894378,0.792163543441227,0.00884955752212389,10,0.011
2025,E01012450,0.334266932631732,551,1.08552696412619,551,0.325522440168855,339,1.01305249537973,0.993196019599162,0.0163339382940109,0.401088929219601,0.0235988200589971,0.613430127041742,0.0671506352087114,0.029038112522686,0.613430127041742,0.0353982300884956,9,0.06
2025,E01012451,0.838798500521746,582,0.915888260998786,582,0.783229403389758,385,1.00716787657782,0.99593587332398,0.0481099656357388,0.316151202749141,0.0597402597402597,0.517182130584193,0.134020618556701,0.070446735395189,0.517182130584193,0.0831168831168831,6,0.138
2025,E01012452,0.177914155624625,667,1.22800401933701,667,0.198093972020167,372,1.005655127165,0.993014290997054,0.0104947526236882,0.451274362818591,0.0134408602150538,0.695652173913044,0.0149925037481259,0.0149925037481259,0.695652173913044,0.021505376344086,10,0.018
2025,E01012453,1.42763881684456,687,0.83923759829068,687,1.1928345294714,523,0.989801658571271,0.989809270114377,0.0713245997088792,0.259097525473071,0.0745697896749522,0.486171761280932,0.262008733624454,0.12372634643377,0.486171761280932,0.131931166347992,1,0.275
2025,E01012454,0.533754883816261,1014,0.705699589205891,1014,0.47631980403119,725,0.969245717087042,0.987539162293622,0.0276134122287968,0.183431952662722,0.0331034482758621,0.41715976331361,0.130177514792899,0.0463510848126233,0.41715976331361,0.0524137931034483,4,0.138
2025,E01012455,1.74806249375665,840,0.840654288842461,840,1.37021737911442,670,0.977014689894193,0.988137710842195,0.0845238095238095,0.247619047619048,0.0850746268656716,0.49047619047619,0.33452380952381,0.152380952380952,0.49047619047619,0.152238805970149,1,0.315
2025,E01012457,1.88694569469874,700,1.10982350636036,700,1.78791491548365,478,0.963804773585071,0.987506445932489,0.0928571428571429,0.292857142857143,0.121338912133891,0.655714285714286,0.232857142857143,0.164285714285714,0.655714285714286,0.196652719665272,2,0.212
2025,E01012458,0.465669267496569,990,0.626942289972465,990,0.443512651368291,695,0.972447698661051,0.987032114199414,0.0292929292929293,0.177777777777778,0.037410071942446,0.368686868686869,0.131313131313131,0.0393939393939394,0.368686868686869,0.0474820143884892,3,0.144
2025,E01012459,1.23866863001922,598,0.786308230740376,598,1.01820559670168,472,0.976290023235072,0.98879426109173,0.0568561872909699,0.235785953177258,0.0677966101694915,0.45819397993311,0.262541806020067,0.108695652173913,0.45819397993311,0.11228813559322,2,0.236
2025,E01012460,0.806389424725235,615,0.754855380172934,615,0.774201348842104,446,0.980363864686303,0.984788993351745,0.0504065040650407,0.232520325203252,0.0650224215246637,0.440650406504065,0.157723577235772,0.0682926829268293,0.440650406504065,0.0829596412556054,3,0.156
2025,E01012461,0.342595560956423,493,1.24642403445666,493,0.419030692336352,254,0.99961115510836,0.986837975320403,0.0243407707910751,0.440162271805274,0.0433070866141732,0.711967545638945,0.0425963488843813,0.0283975659229209,0.711967545638945,0.0433070866141732,10,0.043
2025,E01012462,0.688670111911221,541,0.98021723393984,541,0.712246022040743,349,0.986380680588099,0.988984745794718,0.0388170055452865,0.299445471349353,0.0544412607449857,0.571164510166359,0.0850277264325323,0.0591497227356747,0.571164510166359,0.0773638968481375,8,0.092
2025,E01012463,0.287950841834154,450,1.38361275767563,450,0.36264958714741,209,1.02693571801479,0.992441037686453,0.0177777777777778,0.588888888888889,0.0334928229665072,0.768888888888889,0.0333333333333333,0.0244444444444444,0.768888888888889,0.0382775119617225,9,0.035
2025,E01012464,0.687696743402894,540,0.779584137809289,540,0.658603084834158,361,0.998777491191752,0.991797947416945,0.0462962962962963,0.285185185185185,0.0609418282548477,0.442592592592593,0.151851851851852,0.0574074074074074,0.442592592592593,0.0692520775623269,4,0.165
2025,E01012465,0.41606855554008,524,0.953039003929665,524,0.400452557105657,298,0.978361202442083,0.987322854022811,0.0209923664122137,0.290076335877863,0.0302013422818792,0.555343511450382,0.0763358778625954,0.0362595419847328,0.555343511450382,0.0436241610738255,6,0.09
2025,E01012466,0.717148681644374,664,0.456339815658968,664,0.534204202096506,554,0.970104952224766,0.988560012989242,0.0316265060240964,0.126506024096386,0.0324909747292419,0.268072289156627,0.284638554216867,0.0632530120481928,0.268072289156627,0.0595667870036101,1,0.286
2025,E01012467,0.720000524828648,457,1.47054959653517,457,0.935214528357774,197,1.02386807966548,1.00169532178038,0.0393873085339169,0.573304157549234,0.0659898477157361,0.818380743982494,0.0722100656455142,0.0612691466083151,0.818380743982494,0.101522842639594,7,0.068
2025,E01012468,0.468889861357018,833,1.11110689129701,833,0.478849939190231,540,0.990250141052786,0.9915893976128,0.0276110444177671,0.369747899159664,0.0351851851851852,0.637454981992797,0.063625450180072,0.0396158463385354,0.637454981992797,0.0518518518518519,4,0.075
2025,E01012469,1.06258874720228,590,1.23671418038074,590,1.10502689592417,353,1.00147586921081,1.00330935655745,0.0593220338983051,0.386440677966102,0.0793201133144476,0.708474576271187,0.122033898305085,0.0898305084745763,0.708474576271187,0.118980169971671,4,0.108
2025,E01012470,1.38732670226036,464,1.13601800943989,464,1.27541835152376,291,1.0056855149815,1.00503585214443,0.0732758620689655,0.387931034482759,0.0927835051546392,0.640086206896552,0.185344827586207,0.118534482758621,0.640086206896552,0.13745704467354,3,0.165
2025,E01012471,0.0729952117029675,483,1.1573818778882,483,0.104313598614414,265,0.998080117507738,0.986704102854311,0.0041407867494824,0.428571428571429,0.00754716981132076,0.658385093167702,0.0144927536231884,0.0062111801242236,0.658385093167702,0.0113207547169811,8,0.025
2025,E01012472,0.709388366507486,673,1.22002969190977,673,0.806812160501131,384,0.998418580384022,0.987551772586042,0.0401188707280832,0.438335809806835,0.0572916666666667,0.695393759286776,0.0891530460624071,0.0609212481426449,0.695393759286776,0.0885416666666667,8,0.068
2025,E01012473,0.335308903456337,595,1.1723755136219,595,0.374801616386847,327,1.00792995050693,0.987884839034136,0.0201680672268908,0.450420168067227,0.0336391437308868,0.663865546218487,0.053781512605042,0.0285714285714286,0.663865546218487,0.0397553516819572,8,0.051
2025,E01012474,0.709131986556729,595,1.04706846733187,595,0.647998919031474,406,0.992075282040191,0.987589669954993,0.0336134453781513,0.371428571428571,0.0443349753694581,0.6,0.107563025210084,0.0621848739495798,0.6,0.0714285714285714,5,0.117
2025,E01012475,0.756277370551165,582,1.09048372306928,582,0.853195509395916,344,0.983723046224074,0.984828867820677,0.0412371134020619,0.36426116838488,0.063953488372093,0.630584192439863,0.0927835051546392,0.0652920962199313,0.630584192439863,0.0930232558139535,7,0.085
2025,E01012476,0.613841100595211,552,1.22357241981094,552,0.658659706318709,325,0.991991345006801,0.986688085815533,0.0326086956521739,0.420289855072464,0.0492307692307692,0.702898550724638,0.0815217391304348,0.052536231884058,0.702898550724638,0.0707692307692308,7,0.086
2025,E01012477,0.181481623004719,578,1.06348715993436,578,0.211569962602902,343,0.990759689864042,0.984750154838649,0.0103806228373702,0.368512110726644,0.0145772594752187,0.612456747404844,0.0259515570934256,0.0155709342560554,0.612456747404844,0.0233236151603499,10,0.025
2025,E01012478,0.430687376762243,809,0.693226057445766,809,0.467781579719027,584,0.985392572275839,0.98847816448637,0.0284301606922126,0.218788627935723,0.0393835616438356,0.400494437577256,0.101359703337454,0.0358467243510507,0.400494437577256,0.0496575342465753,5,0.1
2025,E01012479,1.92647819418819,703,0.981027567381139,703,1.81427970275681,512,0.973908421176777,0.987673161399641,0.0995732574679943,0.28022759601707,0.123046875,0.574679943100996,0.256045519203414,0.166429587482219,0.574679943100996,0.19921875,2,0.24
2025,E01012480,0.658121805354108,934,0.560022035291402,934,0.591110770745184,741,0.95651762417838,0.991241529570363,0.0299785867237687,0.12847965738758,0.0350877192982456,0.332976445396146,0.200214132762313,0.0578158458244111,0.332976445396146,0.0661268556005398,2,0.203
2025,E01012481,1.36955212213777,629,1.35423092741924,629,1.16764929762334,440,0.970517469116332,0.987421770946579,0.0747217806041336,0.370429252782194,0.0840909090909091,0.796502384737679,0.155802861685215,0.117647058823529,0.796502384737679,0.127272727272727,4,0.135
2025,E01012482,1.43154143962292,754,0.781807322986596,754,1.22893021747679,546,0.990477144780635,0.992428281843145,0.0769230769230769,0.216180371352785,0.0915750915750916,0.458885941644562,0.19893899204244,0.123342175066313,0.458885941644562,0.133699633699634,2,0.204
2025,E01012483,1.41610999613795,787,0.626774658986111,787,1.22071902444194,617,0.977562240061979,0.992964713224322,0.0622617534942821,0.16010165184244,0.0729335494327391,0.369758576874206,0.298602287166455,0.124523506988564,0.369758576874206,0.13614262560778,1,0.299
2025,E01012485,0.592961751094433,609,0.981341035510821,609,0.611142137810246,360,0.990261915507987,0.988077171965816,0.0410509031198686,0.346469622331691,0.0583333333333333,0.561576354679803,0.0755336617405583,0.0492610837438424,0.561576354679803,0.0638888888888889,8,0.073
2025,E01012486,0.361498701687107,560,1.16847100023461,560,0.377213824566858,331,0.996204570912129,0.987880150796209,0.0232142857142857,0.416071428571429,0.0362537764350453,0.667857142857143,0.0410714285714286,0.0303571428571429,0.667857142857143,0.0392749244712991,10,0.035
2025,E01012487,0.322633996452833,561,1.32257301129169,561,0.395355253414513,310,0.997284815636427,0.988620370990414,0.0231729055258467,0.461675579322638,0.0354838709677419,0.757575757575758,0.0481283422459893,0.0267379679144385,0.757575757575758,0.0419354838709678,10,0.038
2025,E01012488,0.236107426928188,672,1.34821252499405,672,0.28292343206271,377,1.00826411203208,0.988839091711338,0.0178571428571429,0.514880952380952,0.0291777188328912,0.761904761904762,0.025297619047619,0.0193452380952381,0.761904761904762,0.0291777188328912,9,0.027
2025,E01012489,0.144726887448057,739,1.045126394248,739,0.139020109526428,464,0.999399681486071,0.99099571664451,0.0094722598105548,0.393775372124493,0.0107758620689655,0.591339648173207,0.0297699594046008,0.0121786197564276,0.591339648173207,0.0150862068965517,10,0.025
2025,E01012490,0.542052310756461,582,1.36142425772157,582,0.80848468079963,284,1.00511588831961,0.988364453248685,0.0378006872852234,0.506872852233677,0.073943661971831,0.77319587628866,0.0567010309278351,0.0446735395189003,0.77319587628866,0.0845070422535211,10,0.048
2025,E01012491,0.724659312051832,534,1.10194352914004,534,0.895462081699561,292,1.00015894509963,0.98996955989521,0.0430711610486891,0.382022471910112,0.0753424657534247,0.631086142322097,0.099250936329588,0.0617977528089888,0.631086142322097,0.0958904109589041,6,0.123
2025,E01012492,0.746118758389967,543,1.45146432255216,543,1.0483966851838,243,1.00629163669925,0.9865444775976,0.0478821362799263,0.565377532228361,0.0905349794238683,0.823204419889503,0.0718232044198895,0.0626151012891345,0.823204419889503,0.111111111111111,9,0.062
2025,E01012493,0.639041750037353,606,1.23004692833308,606,0.814924997907233,281,0.984629791469648,0.985161055293174,0.0462046204620462,0.420792079207921,0.0782918149466192,0.70957095709571,0.0676567656765677,0.0528052805280528,0.70957095709571,0.0854092526690392,9,0.054
2025,E01012494,0.18724704203806,703,0.814643443352595,703,0.237807671226774,434,0.980169044175279,0.987540536862968,0.0128022759601707,0.240398293029872,0.0207373271889401,0.476529160739687,0.042674253200569,0.015647226173542,0.476529160739687,0.0253456221198157,9,0.042
2025,E01012495,0.275179682223279,583,0.986759497879194,583,0.340497347438337,341,0.965415211488758,0.986211881601106,0.0222984562607204,0.281303602058319,0.0351906158357771,0.579759862778731,0.0428816466552316,0.0222984562607204,0.579759862778731,0.0351906158357771,8,0.043
2025,E01012496,0.509849009070712,573,1.26079841063782,573,0.636307334505626,315,0.999676092351728,0.989556193801075,0.0383944153577661,0.457242582897033,0.0603174603174603,0.717277486910995,0.0593368237347295,0.0418848167539267,0.717277486910995,0.0666666666666667,8,0.052
2025,E01012497,0.555922211990895,474,0.815682284776227,474,0.560351883766068,291,0.99594095940884,0.990812117915162,0.0274261603375527,0.291139240506329,0.0378006872852234,0.466244725738397,0.149789029535865,0.0485232067510549,0.466244725738397,0.0618556701030928,3,0.161
2025,E01012498,0.757824623350239,597,0.839952994539248,597,0.72819142183572,416,0.995123522868915,0.987905083985402,0.050251256281407,0.303182579564489,0.0673076923076923,0.479061976549414,0.123953098827471,0.0636515912897823,0.479061976549414,0.0769230769230769,4,0.152
2025,E01012499,0.362604763791157,675,0.674107591161185,675,0.474043296550007,364,0.987090093632682,0.986777755160364,0.0281481481481482,0.24,0.0467032967032967,0.386666666666667,0.0562962962962963,0.0296296296296296,0.386666666666667,0.0494505494505495,8,0.052
2025,E01012500,0.384489175563553,525,1.24214677304369,525,0.429198619695553,241,1.00203253322882,0.987020686172793,0.0247619047619048,0.476190476190476,0.037344398340249,0.704761904761905,0.0438095238095238,0.0323809523809524,0.704761904761905,0.045643153526971,9,0.048
2025,E01012501,0.588672661001085,543,1.36393355020175,543,0.742832678652752,263,0.984296655354413,0.988407922581204,0.0368324125230203,0.447513812154696,0.0608365019011407,0.788213627992634,0.0607734806629834,0.0497237569060774,0.788213627992634,0.0798479087452472,6,0.065
2025,E01012502,0.503923151064296,578,1.43120844262171,578,0.533225634091974,322,0.997263166959993,0.995333514126207,0.0346020761245675,0.480968858131488,0.046583850931677,0.816608996539792,0.0484429065743945,0.041522491349481,0.816608996539792,0.0559006211180124,9,0.049
2025,E01012503,0.139712448233628,694,0.770493893395801,694,0.139090780136221,477,0.995163300198853,0.992877929099039,0.0100864553314121,0.270893371757925,0.0125786163522013,0.438040345821326,0.0302593659942363,0.0115273775216138,0.438040345821326,0.0146750524109015,10,0.027
2025,E01012504,0.365945941103638,1182,0.418319787782579,1182,0.323019133993037,990,0.97170646453229,0.986870728932784,0.0245346869712352,0.128595600676819,0.0272727272727273,0.242808798646362,0.145516074450085,0.0304568527918782,0.242808798646362,0.0343434343434343,4,0.151
2025,E01012505,1.35728813554607,594,0.941827298161495,594,1.21502360161317,408,0.970915054122729,0.989424022904118,0.0673400673400673,0.272727272727273,0.0882352941176471,0.550505050505051,0.186868686868687,0.117845117845118,0.550505050505051,0.132352941176471,3,0.174
2025,E01012506,1.66610152547999,594,1.00136558885865,594,1.41779278666166,433,0.97854785677483,0.987008310062976,0.0925925925925926,0.311447811447811,0.103926096997691,0.580808080808081,0.220538720538721,0.143097643097643,0.580808080808081,0.15473441108545,2,0.235
2025,E01012507,1.18187528586512,887,0.869984435427975,887,1.11519093759516,659,0.962656071470928,0.98800332249123,0.0597519729425028,0.219842164599775,0.0743550834597876,0.5152198421646,0.169109357384442,0.102593010146561,0.5152198421646,0.122913505311077,3,0.163
2025,E01012508,1.55886865984028,666,0.848980707862772,666,1.40435509018368,485,0.972964010906848,0.987219986350095,0.0855855855855856,0.264264264264264,0.103092783505155,0.492492492492493,0.268768768768769,0.133633633633634,0.492492492492493,0.152577319587629,1,0.252
2025,E01012509,0.39892467980033,968,0.737863214070987,968,0.40680459575845,656,0.987670932635624,0.991678049290555,0.0268595041322314,0.255165289256198,0.0365853658536585,0.420454545454546,0.0805785123966942,0.0330578512396694,0.420454545454546,0.0426829268292683,7,0.068
2025,E01012510,0.749119667264159,898,0.737326634186027,898,0.65522257395781,645,0.961669907546087,0.989158787106443,0.0400890868596882,0.175946547884187,0.048062015503876,0.438752783964365,0.145879732739421,0.0645879732739421,0.438752783964365,0.0713178294573643,4,0.148
2025,E01012511,1.10586295862687,687,1.30785328472389,687,1.07596390162246,474,0.962739935074426,0.986300982553673,0.0640465793304221,0.349344978165939,0.0864978902953587,0.77292576419214,0.129548762736536,0.0946142649199418,0.77292576419214,0.116033755274262,3,0.144
2025,E01012512,0.600569566230276,650,1.40888669932294,650,0.727415975067338,333,0.999981153936251,0.99179092817877,0.0353846153846154,0.507692307692308,0.0570570570570571,0.801538461538462,0.06,0.0507692307692308,0.801538461538462,0.0780780780780781,7,0.061
2025,E01012513,0.320682581151707,744,1.01608426280768,744,0.288968967547419,519,0.987021292043655,0.985663291276701,0.021505376344086,0.34005376344086,0.0250481695568401,0.58736559139785,0.0497311827956989,0.0268817204301075,0.58736559139785,0.0308285163776493,10,0.044
2025,E01012514,0.234328628787119,791,0.776751260464423,791,0.203048695174898,541,0.990380885375275,0.984854073545774,0.0126422250316056,0.270543615676359,0.0147874306839187,0.446270543615676,0.04551201011378,0.0202275600505689,0.446270543615676,0.022181146025878,9,0.047
2025,E01012515,0.512500908969321,606,0.976184607322406,606,0.632487334666211,385,1.00093689998471,0.989321077816616,0.0346534653465347,0.351485148514851,0.0545454545454545,0.556105610561056,0.0759075907590759,0.0429042904290429,0.556105610561056,0.0675324675324675,7,0.084
2025,E01012516,0.248095500190627,514,1.23934719059366,514,0.236245638354465,314,1.00000161066506,0.985560797194373,0.0136186770428016,0.449416342412451,0.0191082802547771,0.71011673151751,0.0350194552529183,0.0214007782101167,0.71011673151751,0.0254777070063694,9,0.048
2025,E01012517,0.159328936628556,852,0.818922487987344,852,0.149535085083336,550,0.985992355362886,0.985815973138348,0.00704225352112676,0.259389671361502,0.0109090909090909,0.475352112676056,0.028169014084507,0.0140845070422535,0.475352112676056,0.0163636363636364,10,0.033
2025,E01012518,0.262688073878207,736,1.05081982026254,736,0.244916689998038,507,0.995718603662729,0.987101193877645,0.0190217391304348,0.389945652173913,0.0236686390532544,0.597826086956522,0.0448369565217391,0.0217391304347826,0.597826086956522,0.0256410256410256,9,0.044
2025,E01012519,0.468557632124503,602,1.15555871657044,602,0.511941546567687,369,0.995587945918049,0.986040860315986,0.0282392026578073,0.425249169435216,0.046070460704607,0.659468438538206,0.053156146179402,0.0398671096345515,0.659468438538206,0.0542005420054201,9,0.049
2025,E01012520,1.87328377677228,590,0.987164393143784,590,1.62634041587509,430,0.992155062666669,0.993234192469638,0.101694915254237,0.320338983050847,0.118604651162791,0.567796610169492,0.301694915254237,0.161016949152542,0.567796610169492,0.176744186046512,1,0.306
2025,E01012521,1.22293347468691,597,1.2059526033497,597,1.55816813778207,317,1.00313404120745,0.99043784537706,0.0636515912897823,0.437185929648241,0.110410094637224,0.68676716917923,0.14572864321608,0.105527638190955,0.68676716917923,0.170347003154574,4,0.136
2025,E01012522,1.33317509676442,587,1.03121950558137,587,1.22699157921983,384,0.993276684021552,0.992012488807948,0.0749574105621806,0.340715502555366,0.09375,0.592844974446337,0.178875638841567,0.114139693356048,0.592844974446337,0.1328125,2,0.197
2025,E01012523,1.52541415472092,567,1.3488159731417,567,1.64678435184587,333,0.975324072019744,0.989446298177418,0.0864197530864198,0.400352733686067,0.132132132132132,0.784832451499118,0.171075837742504,0.130511463844797,0.784832451499118,0.177177177177177,3,0.163
2025,E01012524,0.834171981816582,575,1.3811761167969,575,1.09545290840072,280,0.988372852900073,0.989409979631796,0.0469565217391304,0.453913043478261,0.0857142857142857,0.796521739130435,0.088695652173913,0.071304347826087,0.796521739130435,0.117857142857143,6,0.079
2025,E01012525,1.5477810419349,609,1.29215298023086,609,1.4966252082849,373,0.984133464266257,0.991490680697819,0.083743842364532,0.405582922824302,0.117962466487936,0.747126436781609,0.198686371100164,0.133004926108374,0.747126436781609,0.160857908847185,2,0.191
2025,E01012526,2.08440369979434,604,1.05167960016468,604,1.76475509166302,464,0.974251083581208,0.990413903932464,0.097682119205298,0.301324503311258,0.107758620689655,0.615894039735099,0.306291390728477,0.182119205298013,0.615894039735099,0.196120689655172,1,0.299
2025,E01012527,0.627799961354698,563,1.38208906445846,563,0.747030611140779,317,0.989977059097689,0.986835780037683,0.0373001776198934,0.481349911190053,0.0662460567823344,0.795737122557727,0.0586145648312611,0.0532859680284192,0.795737122557727,0.0788643533123028,7,0.072
2025,E01012528,0.537570565112462,440,1.37054142886246,440,0.862976723135946,185,1.00854379857514,0.988429219138489,0.0340909090909091,0.529545454545455,0.0756756756756757,0.777272727272727,0.0636363636363636,0.0454545454545455,0.777272727272727,0.0918918918918919,7,0.058
2025,E01012529,0.371267435261598,561,1.0626965457091,561,0.552456067765213,281,0.996303709505775,0.987560525102658,0.0285204991087344,0.374331550802139,0.0569395017793594,0.609625668449198,0.0499108734402852,0.0303030303030303,0.609625668449198,0.0569395017793594,8,0.051
2025,E01012530,0.2587159405518,477,1.30819128892291,477,0.350255189974277,221,0.98751683831705,0.985826911954159,0.0209643605870021,0.427672955974843,0.0361990950226244,0.756813417190776,0.0293501048218029,0.0209643605870021,0.756813417190776,0.0361990950226244,8,0.044
2025,E01012531,0.608349493122834,582,1.36182816623543,582,0.828407501972551,292,0.99724547516452,0.987961005918992,0.0378006872852234,0.5,0.0684931506849315,0.776632302405498,0.063573883161512,0.0515463917525773,0.776632302405498,0.089041095890411,9,0.057
2025,E01012532,0.387246755067499,563,1.29145293228047,563,0.576403056526443,249,1.00455818126521,0.991263450714438,0.0284191829484902,0.483126110124334,0.0562248995983936,0.731793960923624,0.0479573712255773,0.0319715808170515,0.731793960923624,0.0602409638554217,8,0.049
2025,E01012533,1.31337731638744,540,0.489052403794823,540,1.15575033983794,408,0.987534294188946,0.993966164477565,0.0685185185185185,0.148148148148148,0.0735294117647059,0.283333333333333,0.387037037037037,0.112962962962963,0.283333333333333,0.127450980392157,1,0.378
2025,E01012534,1.00472983485158,585,0.768590099087451,585,0.852701311095875,414,0.977765423365887,0.989596459882508,0.0478632478632479,0.227350427350427,0.0531400966183575,0.447863247863248,0.215384615384615,0.0871794871794872,0.447863247863248,0.0942028985507246,2,0.229
2025,E01012535,1.07379609770296,675,0.86039015568146,675,0.978329253794357,510,0.97892693175629,0.98724923044495,0.0607407407407407,0.265185185185185,0.0745098039215686,0.500740740740741,0.188148148148148,0.0918518518518519,0.500740740740741,0.105882352941176,2,0.213
2025,E01012536,1.21394773037881,598,0.88301959830571,598,1.13107097749321,410,0.978468722694248,0.989057177381155,0.0618729096989967,0.274247491638796,0.0780487804878049,0.511705685618729,0.197324414715719,0.105351170568562,0.511705685618729,0.124390243902439,2,0.212
2025,E01012537,1.47985213160626,663,0.894445444772761,663,1.34508082585983,473,0.979017427369591,0.990809885782552,0.0920060331825038,0.282051282051282,0.114164904862579,0.518853695324284,0.251885369532428,0.125188536953243,0.518853695324284,0.143763213530655,1,0.241
2025,E01012538,0.325876560308382,550,1.10807367696367,550,0.464786899002619,285,0.984779548340982,0.99058453226358,0.0218181818181818,0.367272727272727,0.0421052631578947,0.638181818181818,0.0363636363636364,0.0272727272727273,0.638181818181818,0.0491228070175439,8,0.037
2025,E01012539,0.797987507812717,633,0.832932235437265,633,0.755164838423997,408,0.982325141106053,0.990291267705203,0.0458135860979463,0.263823064770932,0.0612745098039216,0.481832543443918,0.164296998420221,0.0679304897314376,0.481832543443918,0.0808823529411765,3,0.179
2025,E01012540,0.238564011645052,553,1.01455833313344,553,0.213332161173561,311,0.996146874683808,0.98958784924179,0.0162748643761302,0.33996383363472,0.0192926045016077,0.582278481012658,0.0524412296564195,0.0198915009041591,0.582278481012658,0.022508038585209,7,0.063
2025,E01012541,0.422248318983047,469,0.96159163322278,469,0.479166152343608,250,0.994783448367079,0.991750461197704,0.023454157782516,0.341151385927505,0.036,0.547974413646056,0.0810234541577825,0.0362473347547974,0.547974413646056,0.052,5,0.085
2025,E01012542,0.756777185334143,576,0.897541608122682,576,0.869864491257333,350,1.01041683552318,0.993550626527196,0.0451388888888889,0.335069444444444,0.0657142857142857,0.508680555555556,0.147569444444444,0.0642361111111111,0.508680555555556,0.0942857142857143,5,0.132
2025,E01012543,0.400152399146426,514,1.17691409958063,514,0.45628363581928,257,1.00108900245666,0.994028815295747,0.0272373540856031,0.412451361867704,0.0466926070038911,0.667315175097276,0.056420233463035,0.0330739299610895,0.667315175097276,0.0466926070038911,8,0.05
2025,E01012544,0.623787422733338,526,0.96811537591869,526,0.74465565086178,287,1.00417594109581,0.990779859758775,0.0361216730038023,0.361216730038023,0.0592334494773519,0.547528517110266,0.121673003802281,0.0532319391634981,0.547528517110266,0.0801393728222996,5,0.119
2025,E01012545,0.578445955163765,597,0.288584433959779,597,0.507483966824189,421,0.996454987569196,0.997860469287047,0.0284757118927973,0.0971524288107203,0.0285035629453682,0.165829145728643,0.257956448911223,0.050251256281407,0.165829145728643,0.0570071258907364,2,0.262
2025,E01012546,0.487352751140062,640,0.236298231091571,640,0.410062936933395,443,0.986049022076583,0.994343408084382,0.025,0.075,0.0270880361173815,0.1359375,0.30625,0.0421875,0.1359375,0.0451467268623025,1,0.294
2025,E01012547,0.61828259712071,633,1.34827181255536,633,0.753893572280159,323,0.991368558828928,0.987887807178687,0.0394944707740916,0.454976303317536,0.065015479876161,0.77567140600316,0.0663507109004739,0.052132701421801,0.77567140600316,0.0804953560371517,8,0.063
2025,E01012548,0.425532580230088,689,0.974840911609129,689,0.475090957178857,351,0.991976010140433,0.98846951522515,0.0246734397677794,0.320754716981132,0.037037037037037,0.561683599419449,0.0595065312046444,0.0362844702467344,0.561683599419449,0.0512820512820513,8,0.057
2025,E01012549,0.225401833138281,730,0.878429278455928,730,0.283455729257686,421,1.00341863421134,0.988688990216945,0.0136986301369863,0.326027397260274,0.0213776722090261,0.5,0.0424657534246575,0.0191780821917808,0.5,0.0308788598574822,9,0.046
2025,E01012550,0.347756646896389,681,1.21171607098379,681,0.384174497095281,349,0.998188632037628,0.989528806311326,0.0220264317180617,0.418502202643172,0.0372492836676218,0.694566813509545,0.0543318649045521,0.0293685756240822,0.694566813509545,0.0401146131805158,8,0.057
2025,E01012551,0.417759716255654,552,1.20424020995658,552,0.472116962514125,260,0.995285776335814,0.987409151846308,0.0217391304347826,0.422101449275362,0.0423076923076923,0.688405797101449,0.0543478260869565,0.036231884057971,0.688405797101449,0.05,8,0.044
2025,E01012552,0.932470751461372,564,1.19462981258901,564,1.12015934082456,335,0.998997435981492,0.989545125223297,0.0620567375886525,0.421985815602837,0.0955223880597015,0.682624113475177,0.109929078014184,0.0780141843971631,0.682624113475177,0.119402985074627,6,0.107
2025,E01012553,0.37149101684079,454,1.26636495872623,454,0.601320880527872,177,0.993941480968692,0.984907245068986,0.0154185022026432,0.438325991189427,0.0338983050847458,0.729074889867841,0.0374449339207048,0.0330396475770925,0.729074889867841,0.0677966101694915,10,0.031
2025,E01012554,0.468315654851151,325,1.22061255205559,325,0.409175605949427,201,0.983893474670455,0.985616214399068,0.0276923076923077,0.396923076923077,0.0298507462686567,0.704615384615385,0.0553846153846154,0.04,0.704615384615385,0.0447761194029851,7,0.077
2025,E01012555,0.385913499365361,485,1.3036006235213,485,0.48378998115197,230,0.995810221349848,0.988767413063007,0.022680412371134,0.455670103092784,0.0391304347826087,0.74639175257732,0.0494845360824742,0.0329896907216495,0.74639175257732,0.0521739130434783,9,0.045
2025,E01012556,0.300390544377799,582,1.20025278681877,582,0.268772211751094,264,1.00644201745821,0.98612852462539,0.0171821305841924,0.467353951890034,0.0151515151515152,0.678694158075602,0.0395189003436426,0.0257731958762887,0.678694158075602,0.0303030303030303,9,0.043
2025,E01012557,0.677077289879837,650,1.38011343355884,650,0.652713790268245,444,0.98237391092125,0.994452852885485,0.04,0.436923076923077,0.0495495495495496,0.795384615384615,0.0661538461538462,0.0569230769230769,0.795384615384615,0.0698198198198198,8,0.06
2025,E01012558,0.273479095771294,675,1.36965963284875,675,0.305483486388432,421,0.982857089954164,0.990960855789945,0.0133333333333333,0.411851851851852,0.0213776722090261,0.794074074074074,0.0296296296296296,0.0237037037037037,0.794074074074074,0.0332541567695962,10,0.031
2025,E01012559,0.367915302176357,562,1.42219538221374,562,0.433072553836831,352,0.999367398790197,0.991309527950285,0.0266903914590747,0.50711743772242,0.0397727272727273,0.809608540925267,0.0427046263345196,0.0302491103202847,0.809608540925267,0.0454545454545455,10,0.034
2025,E01012560,0.846287622451416,583,0.969239032623043,583,0.979287276957131,368,1.00112250180899,0.993266898046611,0.0566037735849057,0.343053173241852,0.0869565217391304,0.552315608919383,0.0926243567753002,0.0703259005145798,0.552315608919383,0.103260869565217,7,0.093
2025,E01012561,0.597014517902548,597,1.09323316113906,597,0.531631070702802,325,0.983391803325797,0.992387902260065,0.0301507537688442,0.336683417085427,0.0369230769230769,0.631490787269682,0.0971524288107203,0.0519262981574539,0.631490787269682,0.0584615384615385,7,0.086
2025,E01012562,0.119827837559029,792,0.573068875935009,792,0.11791196512654,549,0.993307629432786,0.985487212133292,0.00757575757575758,0.208333333333333,0.00910746812386157,0.325757575757576,0.0492424242424242,0.0101010101010101,0.325757575757576,0.0127504553734062,9,0.045
2025,E01012563,0.264836048493607,669,0.94480265432462,669,0.337649752148262,335,1.00654737540252,0.98763402479951,0.0164424514200299,0.360239162929746,0.0298507462686567,0.532137518684604,0.0343796711509716,0.0224215246636771,0.532137518684604,0.0358208955223881,9,0.043
2025,E01012564,0.524382216057009,483,1.04855879594867,483,0.620164528011354,250,0.98948358882782,0.988885762621604,0.0269151138716356,0.339544513457557,0.044,0.604554865424431,0.0786749482401656,0.0455486542443064,0.604554865424431,0.068,6,0.072
2025,E01012565,0.165902539721191,1029,0.402618070173674,1029,0.167934705773151,701,0.98327658854264,0.987753365924949,0.00777453838678328,0.129251700680272,0.0114122681883024,0.232264334305151,0.0796890184645287,0.0145772594752187,0.232264334305151,0.0185449358059914,8,0.08
2025,E01012566,0.137708742626415,659,0.704544812196155,659,0.122425038860446,382,0.985340107759914,0.986696444645336,0.00606980273141123,0.229135053110774,0.0104712041884817,0.406676783004552,0.039453717754173,0.0121396054628225,0.406676783004552,0.0130890052356021,9,0.039
2025,E01012567,0.0213877822605215,1154,0.239258001951514,1154,0.022766587348328,850,0.987354753158823,0.985587473670236,0.00173310225303293,0.072790294627383,0.00235294117647059,0.139514731369151,0.0268630849220104,0.00173310225303293,0.139514731369151,0.00235294117647059,10,0.023
2025,E01012568,0.0517670109409818,1629,0.241503605527796,1629,0.0493049694934894,1341,0.982562377109259,0.985580106997654,0.00368324125230203,0.0742786985880909,0.00447427293064877,0.141190914671578,0.0337630448127686,0.00429711479435236,0.141190914671578,0.0052199850857569,10,0.04
2025,E01012569,0.339193972579824,680,0.753938956690036,680,0.411968533379756,392,0.985212624447417,0.98736852428542,0.0176470588235294,0.260294117647059,0.0255102040816327,0.432352941176471,0.0588235294117647,0.0294117647058824,0.432352941176471,0.0459183673469388,9,0.052
2025,E01012570,1.3268133850489,536,0.996621985796382,536,1.294097438602,391,0.983224868327299,0.987826342219627,0.0652985074626866,0.335820895522388,0.0843989769820972,0.572761194029851,0.207089552238806,0.115671641791045,0.572761194029851,0.143222506393862,2,0.206
2025,E01018308,0.812010268355708,736,1.14862525200098,736,0.875019393813283,408,1.01163634169154,0.998951944442294,0.0434782608695652,0.414402173913043,0.071078431372549,0.645380434782609,0.10054347826087,0.0692934782608696,0.645380434782609,0.0931372549019608,5,0.096
2025,E01018309,1.15515061085935,587,1.03629077595687,587,1.34101085760647,318,1.00372291138021,1.0033916968029,0.0647359454855196,0.337308347529813,0.106918238993711,0.589437819420784,0.178875638841567,0.0971039182282794,0.589437819420784,0.141509433962264,3,0.161
2025,E01018310,1.30024098113464,593,0.815307147194125,593,1.47225452899467,335,1.00616401381395,1.00566555037689,0.0640809443507589,0.261382799325464,0.107462686567164,0.463743676222597,0.298482293423271,0.111298482293423,0.463743676222597,0.158208955223881,1,0.318
2025,E01018311,1.11148425003763,616,0.518727313005071,616,1.00642510738393,457,0.989885496640381,1.00244803179778,0.0535714285714286,0.131493506493507,0.0678336980306346,0.303571428571429,0.297077922077922,0.0957792207792208,0.303571428571429,0.109409190371991,1,0.307
2025,E01018312,1.23531303244551,559,0.958896892002143,559,1.4240643310535,338,1.00555526119904,1.00410692783873,0.0554561717352415,0.307692307692308,0.0857988165680473,0.543828264758497,0.232558139534884,0.107334525939177,0.543828264758497,0.156804733727811,2,0.237
2025,E01018313,0.779349432091067,521,0.995661021353647,521,1.10054679933813,244,1.01712439335293,1.00268814080005,0.053742802303263,0.36852207293666,0.0942622950819672,0.554702495201536,0.115163147792706,0.0633397312859885,0.554702495201536,0.114754098360656,5,0.116
2025,E01018314,0.990097022729099,669,0.622201818835688,669,1.07945154499912,425,1.00921651084832,1.0075787690315,0.0538116591928251,0.209267563527653,0.08,0.351270553064275,0.240657698056801,0.0837070254110613,0.351270553064275,0.115294117647059,2,0.236
2025,E01018315,1.11281822698865,499,0.979711330536917,499,1.10605402503095,288,1.0084131577105,1.00339477040487,0.0501002004008016,0.314629258517034,0.0659722222222222,0.559118236472946,0.146292585170341,0.0961923847695391,0.559118236472946,0.121527777777778,4,0.149
2025,E01018316,1.47989559677016,559,0.80184136804771,559,1.40178259078247,368,1.00084631295827,1.00222154806978,0.073345259391771,0.261180679785331,0.0951086956521739,0.456171735241503,0.29695885509839,0.12701252236136,0.456171735241503,0.152173913043478,2,0.293
2025,E01018317,0.573218717146566,670,0.293187323201604,670,0.497971694917118,476,0.982999232906041,1.0029328002418,0.0208955223880597,0.0716417910447761,0.0210084033613445,0.171641791044776,0.311940298507463,0.0507462686567164,0.171641791044776,0.0567226890756303,1,0.322
2025,E01018319,1.02391870961856,897,1.24128097243802,897,0.959705393879015,632,0.980916560602105,0.998500253666557,0.0501672240802676,0.344481605351171,0.064873417721519,0.719063545150502,0.119286510590858,0.0880713489409142,0.719063545150502,0.104430379746835,5,0.127
2025,E01018320,0.322356799310854,543,1.10635258371942,543,0.412841344533591,289,1.01102889686047,1.00057936281724,0.0165745856353591,0.366482504604052,0.027681660899654,0.631675874769798,0.0368324125230203,0.0276243093922652,0.631675874769798,0.0449826989619377,10,0.043
2025,E01018321,0.296100188605385,455,0.948088748336359,455,0.368858037755009,264,1.01324926675905,1.00077750731792,0.0175824175824176,0.331868131868132,0.0303030303030303,0.536263736263736,0.0571428571428571,0.0241758241758242,0.536263736263736,0.0378787878787879,10,0.048
2025,E01018322,0.298332919442498,444,1.01967480594944,444,0.380128256839195,252,1.0255177864745,0.999311786280728,0.0202702702702703,0.396396396396396,0.0357142857142857,0.567567567567568,0.0427927927927928,0.0247747747747748,0.567567567567568,0.0396825396825397,10,0.034
2025,E01018323,0.559886440192068,523,1.0712520131414,523,0.607775992964818,319,1.00875979447259,1.00035811190462,0.0401529636711281,0.365200764818356,0.0595611285266458,0.606118546845124,0.0630975143403442,0.0458891013384321,0.606118546845124,0.0626959247648903,8,0.066
2025,E01018324,0.27188841554737,483,1.2518297288164,483,0.375833385501861,252,1.01443496462404,0.99620658797681,0.0165631469979296,0.459627329192547,0.0317460317460317,0.706004140786749,0.0331262939958592,0.0227743271221532,0.706004140786749,0.0396825396825397,10,0.031
2025,E01018325,0.277720161905504,556,1.0550236182054,556,0.385658934504041,292,1.01808807540059,0.998200689211885,0.0161870503597122,0.388489208633094,0.0308219178082192,0.593525179856115,0.0341726618705036,0.0233812949640288,0.593525179856115,0.0410958904109589,10,0.037
2025,E01018326,0.698697462550468,1100,0.830977688894959,1100,0.617056090145369,764,0.969932806103605,0.993723794558004,0.0318181818181818,0.208181818181818,0.0379581151832461,0.49,0.128181818181818,0.0609090909090909,0.49,0.0680628272251309,4,0.127
2025,E01018327,0.776872595304915,1180,0.537456080790114,1180,0.668775986329114,973,0.96963590769278,0.998634043908427,0.0296610169491525,0.125423728813559,0.0349434737923947,0.317796610169492,0.192372881355932,0.0686440677966102,0.317796610169492,0.0750256937307297,3,0.19
2025,E01018328,0.18016235589797,458,1.24108676504452,458,0.208207522657732,272,0.936197473442145,0.994290865298337,0.0109170305676856,0.200873362445415,0.0183823529411765,0.753275109170306,0.0240174672489083,0.0152838427947598,0.753275109170306,0.0220588235294118,8,0.033
2025,E01018329,0.448304090716564,1022,0.603146791712884,1022,0.401454534080336,814,0.943596799658037,0.993843365775113,0.0195694716242661,0.0929549902152642,0.0245700245700246,0.367906066536204,0.098825831702544,0.0391389432485323,0.367906066536204,0.0442260442260442,4,0.087
2025,E01018330,0.372265379076604,414,1.22222988462432,414,0.403551843736006,259,0.965386937087099,0.994918091870622,0.0217391304347826,0.306763285024155,0.0347490347490348,0.717391304347826,0.0386473429951691,0.0314009661835749,0.717391304347826,0.0424710424710425,8,0.043
2025,E01018331,0.379827346230816,587,1.06469575401229,587,0.34295280568281,458,0.939570809222809,0.992321147702163,0.0221465076660988,0.182282793867121,0.0262008733624454,0.645655877342419,0.0511073253833049,0.0323679727427598,0.645655877342419,0.037117903930131,7,0.038
2025,E01018332,0.593176610737583,385,1.40611927761177,385,0.639446438482246,239,0.988478548468537,0.99526902298751,0.038961038961039,0.438961038961039,0.0585774058577406,0.810389610389611,0.0701298701298701,0.0493506493506494,0.810389610389611,0.0669456066945607,6,0.076
2025,E01018333,0.249987257291099,572,1.1166512838771,572,0.281159488946219,335,1.00690928961237,0.99412836348674,0.0157342657342657,0.412587412587413,0.0238805970149254,0.632867132867133,0.0297202797202797,0.020979020979021,0.632867132867133,0.0298507462686567,9,0.035
2025,E01018334,0.246981283030955,629,1.07521657269221,629,0.29260370045834,355,1.021808565437,0.996294726499585,0.0158982511923688,0.421303656597774,0.0253521126760563,0.600953895071542,0.0381558028616852,0.0206677265500795,0.600953895071542,0.0309859154929577,10,0.038
2025,E01018335,0.190656977586435,981,0.748430661016485,981,0.179792819791197,708,1.00186110757557,0.99865383042726,0.0152905198776758,0.246687054026504,0.018361581920904,0.425076452599388,0.0489296636085627,0.0152905198776758,0.425076452599388,0.018361581920904,7,0.052
2025,E01018336,0.518830037593217,460,1.30425357173273,460,0.601336045400669,220,1.00299880616563,1.00186137985426,0.0326086956521739,0.423913043478261,0.05,0.741304347826087,0.0652173913043478,0.0434782608695652,0.741304347826087,0.0636363636363636,6,0.061
2025,E01018337,0.972782548410636,456,1.26116301444602,456,1.18412814376266,225,1.00531364490995,1.00331274836984,0.0614035087719298,0.429824561403509,0.102222222222222,0.714912280701754,0.111842105263158,0.081140350877193,0.714912280701754,0.124444444444444,3,0.132
2025,E01018338,0.505119245202542,671,0.888411210118115,671,0.650615048697205,352,0.999234277859186,1.00216628822519,0.0312965722801788,0.290611028315946,0.0539772727272727,0.50521609538003,0.101341281669151,0.0417287630402385,0.50521609538003,0.0681818181818182,7,0.093
2025,E01018339,0.455092757814406,940,0.917232142837407,940,0.454115330394253,606,1.01537901817391,0.997968374787764,0.0276595744680851,0.342553191489362,0.0396039603960396,0.514893617021277,0.075531914893617,0.0382978723404255,0.514893617021277,0.0478547854785479,10,0.069
2025,E01018340,0.845778445656049,570,1.1375156693708,570,1.0035573587022,331,0.999380378209154,0.998869644622735,0.0543859649122807,0.389473684210526,0.0845921450151058,0.645614035087719,0.107017543859649,0.0701754385964912,0.645614035087719,0.105740181268882,6,0.11
2025,E01018341,0.596336532509139,428,1.22780869608113,428,0.754446476692909,241,1.01434089038952,0.997012077087556,0.0397196261682243,0.462616822429907,0.0663900414937759,0.689252336448598,0.0607476635514019,0.0490654205607477,0.689252336448598,0.0788381742738589,8,0.067
2025,E01018342,0.679056024521921,687,1.16518515339672,687,0.640221696594009,502,0.986307241634176,0.999095775789953,0.0422125181950509,0.317321688500728,0.0537848605577689,0.678311499272198,0.0786026200873363,0.0567685589519651,0.678311499272198,0.0677290836653386,8,0.079
2025,E01018343,1.02688052274864,646,1.04654898854446,646,0.97585285102028,508,0.968794871277072,0.994889265354253,0.0526315789473684,0.26625386996904,0.0669291338582677,0.61609907120743,0.142414860681115,0.0882352941176471,0.61609907120743,0.106299212598425,4,0.138
2025,E01018344,0.592747746093042,717,1.27457008360849,717,0.630060685846298,485,0.967578429910981,0.993270985121194,0.0418410041841004,0.344490934449093,0.0577319587628866,0.747559274755927,0.0683403068340307,0.0488145048814505,0.747559274755927,0.065979381443299,9,0.054
2025,E01018345,0.724115019910182,463,1.12712407647651,463,0.949419394318303,241,1.00258316097409,0.997549605819284,0.0453563714902808,0.39524838012959,0.0829875518672199,0.639308855291577,0.0863930885529158,0.060475161987041,0.639308855291577,0.0995850622406639,7,0.083
2025,E01018346,0.311810448182626,504,1.22734088784039,504,0.27050430320043,287,1.01428155811869,0.998203810204195,0.0218253968253968,0.432539682539683,0.0278745644599303,0.692460317460317,0.0297619047619048,0.0257936507936508,0.692460317460317,0.0278745644599303,10,0.027
2025,E01018347,1.27438995765706,564,0.987168923591444,564,1.35141470572765,340,1.00599440453838,1.00484962406601,0.0762411347517731,0.306737588652482,0.105882352941176,0.563829787234043,0.173758865248227,0.106382978723404,0.563829787234043,0.144117647058824,3,0.208
2025,E01018348,0.121244429818629,1520,0.404822185910158,1520,0.105162250706535,1199,0.994714648962139,0.997052513095134,0.00789473684210526,0.125,0.0091743119266055,0.232236842105263,0.0401315789473684,0.00986842105263158,0.232236842105263,0.0108423686405338,7,0.04
2025,E01018349,0.398718510166849,693,1.11432739137792,693,0.43315031767616,414,1.01911367080695,0.997915774107701,0.025974025974026,0.43001443001443,0.036231884057971,0.620490620490621,0.0591630591630592,0.0331890331890332,0.620490620490621,0.0458937198067633,9,0.053
2025,E01018350,0.119962334679458,804,0.961545061360411,804,0.142431682781346,463,1.01906828195374,0.999118023674939,0.00746268656716418,0.376865671641791,0.0107991360691145,0.534825870646766,0.0261194029850746,0.0099502487562189,0.534825870646766,0.0151187904967603,10,0.041
2025,E01018351,1.93340273505405,599,0.759722008924427,599,2.08749864310136,362,1.0005257758381,1.0088611303683,0.0934891485809683,0.257095158597663,0.149171270718232,0.424040066777963,0.37228714524207,0.165275459098498,0.424040066777963,0.223756906077348,1,0.392
2025,E01018352,0.689045160626178,707,1.13898602214253,707,0.622486661404689,454,0.97730248095909,0.996988833188179,0.0396039603960396,0.30975954738331,0.0506607929515419,0.663366336633663,0.0862800565770863,0.057991513437058,0.663366336633663,0.066079295154185,6,0.091
2025,E01018353,0.664521762233546,557,1.27469888260127,557,0.834174175446122,314,0.999357098621842,1.0001068126628,0.0484739676840215,0.432675044883303,0.0796178343949045,0.725314183123878,0.0736086175942549,0.0538599640933573,0.725314183123878,0.0859872611464968,7,0.086
2025,E01018354,1.52275209466513,579,1.02006511723919,579,1.46558166181515,362,1.0096363102782,1.00416196753812,0.0880829015544041,0.343696027633852,0.11878453038674,0.575129533678757,0.233160621761658,0.127806563039724,0.575129533678757,0.154696132596685,3,0.236
2025,E01018355,0.684669337741083,552,0.9687105653277,552,0.716068114199144,355,1.01918270699658,1.00217945563301,0.0380434782608696,0.338768115942029,0.0563380281690141,0.545289855072464,0.101449275362319,0.0579710144927536,0.545289855072464,0.076056338028169,6,0.115
2025,E01018356,0.740635630073911,558,1.24430308289099,558,0.858299997345641,311,1.00768528396336,1.00032450353253,0.0501792114695341,0.431899641577061,0.0739549839228296,0.702508960573477,0.0967741935483871,0.0609318996415771,0.702508960573477,0.090032154340836,6,0.082
2025,E01018357,0.103122296146795,667,0.686417439968891,667,0.101473451393455,452,1.01359363290665,0.997837094123753,0.00449775112443778,0.259370314842579,0.00663716814159292,0.383808095952024,0.0329835082458771,0.00899550224887556,0.383808095952024,0.0110619469026549,7,0.044
2025,E01018358,0.327925493028577,405,1.1102181578457,405,0.444999624655658,234,1.02006885496113,1.00115123238448,0.0222222222222222,0.417283950617284,0.0384615384615385,0.617283950617284,0.037037037037037,0.0271604938271605,0.617283950617284,0.047008547008547,9,0.039
2025,E01018359,0.371078758270454,391,1.2755743661343,391,0.469265538775249,184,1.02193320854706,0.997716196869014,0.0255754475703325,0.506393861892583,0.0434782608695652,0.710997442455243,0.0358056265984655,0.030690537084399,0.710997442455243,0.0489130434782609,8,0.048
2025,E01018360,0.255591079712275,691,1.10565758413223,691,0.289159842763802,451,1.01265155969573,1.0003090075479,0.0144717800289436,0.384949348769899,0.0221729490022173,0.625180897250362,0.0492040520984081,0.0217076700434153,0.625180897250362,0.0310421286031042,7,0.052
2025,E01018361,0.35869680416062,477,1.24412037477343,477,0.398873525407511,295,0.973473245753396,0.99597981026952,0.0146750524109015,0.345911949685535,0.023728813559322,0.725366876310273,0.0482180293501048,0.0314465408805031,0.725366876310273,0.0440677966101695,8,0.062
2025,E01018362,0.241545098468231,557,1.35042673517213,557,0.335945690870118,314,0.997898317515608,0.998827851134217,0.0179533213644524,0.454219030520646,0.0318471337579618,0.768402154398564,0.0287253141831239,0.0197486535008977,0.768402154398564,0.035031847133758,10,0.036
2025,E01018363,0.65441741766966,411,1.31743096127564,411,0.787800885228364,232,1.01575443038184,1.00248686393564,0.0462287104622871,0.474452554744526,0.0732758620689655,0.737226277372263,0.0705596107055961,0.0535279805352798,0.737226277372263,0.0818965517241379,8,0.073
2025,E01018364,1.11360177658396,640,0.69302155036088,640,1.14611532752807,435,0.995080000627579,1.00185994891501,0.05625,0.221875,0.0781609195402299,0.3953125,0.2640625,0.0953125,0.3953125,0.124137931034483,2,0.261
2025,E01018365,0.54372728513195,794,0.972057978262988,794,0.63712872249466,484,1.02386937666144,1.00044614077283,0.0390428211586902,0.376574307304786,0.0578512396694215,0.542821158690176,0.0654911838790932,0.044080604534005,0.542821158690176,0.0661157024793388,9,0.057
2025,E01018366,0.0830616208573399,575,1.22009068434223,575,0.069861369119418,277,1.02263955743812,0.999263025934146,0.00521739130434783,0.469565217391304,0.0072202166064982,0.678260869565217,0.0139130434782609,0.00695652173913044,0.678260869565217,0.0072202166064982,10,0.029
2025,E01018367,0.710154475722474,774,1.05343271010594,774,0.80503733072386,480,1.01496614007481,1.00230773111961,0.0426356589147287,0.370801033591731,0.0645833333333333,0.591731266149871,0.0917312661498708,0.0594315245478036,0.591731266149871,0.0854166666666667,5,0.103
2025,E01018368,0.475220219618536,574,1.08156946168078,574,0.509504898636291,334,1.00579235314946,1.00084352413765,0.0278745644599303,0.36411149825784,0.0419161676646707,0.613240418118467,0.0714285714285714,0.0400696864111498,0.613240418118467,0.0538922155688623,9,0.075
2025,E01018369,0.644863215155652,563,1.30293834057515,563,0.589104811722208,304,1.01425495486117,0.999634920564975,0.0337477797513322,0.460035523978686,0.0493421052631579,0.731793960923624,0.0728241563055062,0.0550621669626998,0.731793960923624,0.0625,6,0.079
2025,E01018370,0.0998073509849233,606,0.837213841194778,606,0.132463865788528,358,1.0190865150128,0.999589215930689,0.0066006600660066,0.321782178217822,0.0111731843575419,0.468646864686469,0.0198019801980198,0.00825082508250825,0.468646864686469,0.0139664804469274,10,0.031
2025,E01018371,0.397591550118408,769,0.900717508234329,769,0.419147988726207,533,1.00909555243028,0.99795767307436,0.0221066319895969,0.321196358907672,0.0318949343339587,0.508452535760728,0.0715214564369311,0.0338101430429129,0.508452535760728,0.0450281425891182,7,0.08
2025,E01018372,0.382148923055719,787,1.08635832892378,787,0.368301132889817,487,1.01955999431672,1.00243224235518,0.0254129606099111,0.392630241423126,0.0308008213552361,0.609911054637865,0.0508259212198221,0.0317662007623888,0.609911054637865,0.0390143737166324,7,0.056
2025,E01018373,0.621157357446214,719,1.39386980844345,719,0.615379684761798,434,1.00466385874152,0.997622321461357,0.0403337969401947,0.486787204450626,0.0529953917050691,0.788595271210014,0.0611961057023644,0.0514603616133519,0.788595271210014,0.0645161290322581,6,0.057
2025,E01018374,0.459849656973336,594,1.20654394518677,594,0.462519457420196,344,0.99615000474444,0.997065849669,0.0269360269360269,0.388888888888889,0.0348837209302326,0.69023569023569,0.0538720538720539,0.0387205387205387,0.69023569023569,0.0494186046511628,7,0.036
2025,E01018375,0.334976037746317,711,0.784554590583391,711,0.312870231252668,488,0.969652848685552,0.994905900197988,0.0210970464135021,0.20112517580872,0.0286885245901639,0.461322081575246,0.0632911392405063,0.0281293952180028,0.461322081575246,0.0327868852459016,9,0.062
2025,E01018376,0.724190251238468,587,1.18521773805526,587,0.966994667509816,328,1.01195258758396,0.999701683068002,0.0477001703577513,0.441226575809199,0.0853658536585366,0.664395229982964,0.0647359454855196,0.0596252129471891,0.664395229982964,0.100609756097561,9,0.068
2025,E01018377,0.128735432139685,771,0.668948413812602,771,0.134409020217448,507,0.997277400203899,0.998972023774114,0.0103761348897536,0.221789883268483,0.0138067061143984,0.382619974059663,0.0363164721141375,0.0103761348897536,0.382619974059663,0.0138067061143984,10,0.033
2025,E01018378,1.24393089483536,489,0.77366618115184,489,1.08434837798071,313,1.00231160122455,1.0038258515217,0.0572597137014315,0.243353783231084,0.0670926517571885,0.441717791411043,0.210633946830266,0.106339468302658,0.441717791411043,0.118210862619808,3,0.214
2025,E01018379,0.491682074909287,551,1.20159316464954,551,0.555199617270662,289,1.02092508855155,1.00060689869056,0.0272232304900182,0.477313974591652,0.0449826989619377,0.667876588021779,0.0744101633393829,0.0417422867513612,0.667876588021779,0.0588235294117647,7,0.085
2025,E01018380,0.678729618664303,461,1.02383540026402,461,0.886545698233219,267,1.01256455951481,1.00152110897008,0.0433839479392625,0.368763557483731,0.0749063670411985,0.574837310195228,0.10412147505423,0.0563991323210412,0.574837310195228,0.0936329588014981,6,0.106
2025,E01018381,0.54791591375859,466,1.26207572487514,466,0.63839718155508,272,1.0101952950669,0.99830157222591,0.036480686695279,0.452789699570815,0.0588235294117647,0.71244635193133,0.0579399141630901,0.0450643776824034,0.71244635193133,0.0661764705882353,8,0.062
2025,E01018382,1.08866472585153,686,0.777761934064705,686,1.08720668700346,475,1.00673448996282,1.00149783409236,0.0553935860058309,0.237609329446064,0.0757894736842105,0.446064139941691,0.164723032069971,0.0932944606413994,0.446064139941691,0.117894736842105,5,0.137
2025,E01018383,0.481615798492346,563,1.31461805349039,563,0.667499579024828,304,1.00807742460363,1.00101340809753,0.0373001776198934,0.458259325044405,0.0657894736842105,0.744227353463588,0.0515097690941385,0.0390763765541741,0.744227353463588,0.0690789473684211,9,0.05
2025,E01018384,0.344828343390413,557,1.20923687653348,557,0.454744974096351,274,1.01071511450876,0.999341892925857,0.0233393177737882,0.447037701974865,0.0437956204379562,0.678635547576302,0.0466786355475763,0.0287253141831239,0.678635547576302,0.0474452554744526,9,0.04
2025,E01018385,0.305180934206383,743,1.25404221762792,743,0.32158909100519,411,1.01892708589321,1.00114413029882,0.018842530282638,0.468371467025572,0.0267639902676399,0.70121130551817,0.0336473755047106,0.0255720053835801,0.70121130551817,0.0340632603406326,10,0.033
2025,E01018386,0.146285151066301,971,0.533118398051801,971,0.136082565894516,758,1.0064534038225,0.99739625342383,0.0082389289392379,0.190525231719876,0.0105540897097625,0.301750772399588,0.0484037075180227,0.0123583934088569,0.301750772399588,0.0145118733509235,9,0.052
2025,E01018387,0.125992724488168,774,1.17981542249271,774,0.174565178228537,438,1.02101278621165,0.998888450077242,0.00904392764857881,0.46640826873385,0.0159817351598174,0.657622739018088,0.0180878552971576,0.0103359173126615,0.657622739018088,0.0182648401826484,10,0.023
2025,E01018388,2.49598351526319,642,1.4240769650932,642,2.25048360553506,474,0.997603858248512,1.00585242531142,0.121495327102804,0.450155763239875,0.143459915611814,0.808411214953271,0.246105919003115,0.21183800623053,0.808411214953271,0.242616033755274,2,0.243
2025,E01018389,0.285337969891764,763,0.976427837327129,763,0.302070325738366,469,1.00678141443873,1.00024854379913,0.018348623853211,0.325032765399738,0.023454157782516,0.555701179554391,0.0484927916120577,0.0235910878112713,0.555701179554391,0.0319829424307036,10,0.052
2025,E01018390,0.629043594915018,675,1.38749851850927,675,0.665810861618175,352,1.01262421759493,0.999569476055074,0.0414814814814815,0.503703703703704,0.0653409090909091,0.782222222222222,0.0622222222222222,0.0518518518518519,0.782222222222222,0.0681818181818182,9,0.054
2025,E01018391,0.442454152368089,964,0.788923362203902,964,0.439501672040534,705,1.00387637951578,1.00207032826182,0.020746887966805,0.252074688796681,0.0283687943262411,0.449170124481328,0.0985477178423237,0.0383817427385892,0.449170124481328,0.0482269503546099,8,0.098
2025,E01018392,0.115814962551091,719,1.36571056623842,719,0.14324817516656,397,1.01128962498657,0.997089140752733,0.00695410292072323,0.497913769123783,0.0125944584382872,0.770514603616134,0.0111265646731572,0.00973574408901252,0.770514603616134,0.0151133501259446,10,0.021
2025,E01018393,0.10236586770922,1333,0.542290296112154,1333,0.0926921833575017,959,1.00307586586116,0.998026538044322,0.00450112528132033,0.188297074268567,0.00521376433785193,0.306826706676669,0.0367591897974494,0.00900225056264066,0.306826706676669,0.0104275286757039,7,0.038
2025,E01018394,0.237727250813553,1303,0.582915556602361,1303,0.233557198965583,970,1.00329393897247,0.998815325622006,0.0145817344589409,0.186492709132771,0.0195876288659794,0.33231005372218,0.0544896392939371,0.0199539524174981,0.33231005372218,0.0247422680412371,6,0.055
2025,E01018395,0.378980304044769,914,0.69957831136318,914,0.398243906066499,570,0.997869217340792,0.999008651723809,0.0229759299781182,0.230853391684902,0.0333333333333333,0.398249452954048,0.0733041575492341,0.0317286652078775,0.398249452954048,0.0421052631578947,7,0.081
2025,E01018396,1.26733620059082,557,1.19410010844265,557,1.36833390942938,342,1.01832336623571,1.00473796201889,0.0754039497307002,0.432675044883303,0.116959064327485,0.66786355475763,0.172351885098743,0.105924596050269,0.66786355475763,0.14327485380117,4,0.168
2025,E01018397,0.234582780990819,713,0.923811129049531,713,0.233562291209268,451,0.999107379518402,0.999297423613216,0.0140252454417952,0.298737727910238,0.0199556541019956,0.527349228611501,0.0420757363253857,0.0196353436185133,0.527349228611501,0.024390243902439,10,0.044
2025,E01018398,1.08764319982445,639,1.1586368303949,639,1.04474876823372,427,0.994612326427349,1.00080921615023,0.0579029733959311,0.352112676056338,0.0749414519906323,0.66510172143975,0.158059467918623,0.0923317683881064,0.66510172143975,0.112412177985948,3,0.173
2025,E01018399,0.513629084993936,765,0.660549508599076,765,0.501906636619666,539,0.987322029738752,0.998238717719958,0.0300653594771242,0.179084967320261,0.0371057513914657,0.38562091503268,0.105882352941176,0.0431372549019608,0.38562091503268,0.0538033395176252,6,0.106
2025,E01018400,1.51671824543313,1003,0.985025828540235,1003,1.43889225549428,776,0.990229402862838,1.00142948769277,0.0837487537387837,0.297108673978066,0.105670103092784,0.56630109670987,0.23728813559322,0.128614157527418,0.56630109670987,0.154639175257732,2,0.251
2025,E01018401,1.01146005026598,571,0.897101277851822,571,0.956606412479789,380,1.00178026241365,1.0022746737127,0.0542907180385289,0.290718038528897,0.0710526315789474,0.51138353765324,0.164623467600701,0.0858143607705779,0.51138353765324,0.102631578947368,3,0.171
2025,E01018402,0.853398897829795,831,0.952537328761339,831,0.798634626030964,571,0.982264310574745,1.00109751619451,0.0409145607701564,0.249097472924188,0.0490367775831874,0.554753309265945,0.121540312876053,0.0734055354993983,0.554753309265945,0.0875656742556918,3,0.123
2025,E01018403,0.212543693707327,1039,0.648003145858577,1039,0.197906361507962,683,1.00737459765462,0.998555563159544,0.0153994225216554,0.236766121270452,0.0190336749633968,0.364773820981713,0.0548604427333975,0.0173243503368624,0.364773820981713,0.020497803806735,9,0.051
2025,E01018404,0.380879524804528,539,1.35822458987445,539,0.504304279563174,284,1.00796965730557,0.996969821045212,0.025974025974026,0.476808905380334,0.045774647887324,0.769944341372913,0.0463821892393321,0.0315398886827458,0.769944341372913,0.0528169014084507,10,0.045
2025,E01018405,0.356043463948217,542,1.18405302146643,542,0.410830294186359,301,0.99742698918547,0.997503552920441,0.0239852398523985,0.400369003690037,0.0365448504983389,0.673431734317343,0.0424354243542435,0.029520295202952,0.673431734317343,0.0431893687707641,10,0.045
2025,E01018406,0.0694601333826691,533,1.15915312290617,533,0.109952268443629,264,1.01254140761926,0.996454016310472,0.00562851782363978,0.433395872420263,0.0113636363636364,0.651031894934334,0.0187617260787993,0.00562851782363978,0.651031894934334,0.0113636363636364,10,0.023
2025,E01018407,0.210953276209974,586,1.23992765016384,586,0.293763376643627,297,1.0144222063884,0.999172175570459,0.015358361774744,0.462457337883959,0.0269360269360269,0.696245733788396,0.0290102389078498,0.0170648464163823,0.696245733788396,0.0303030303030303,10,0.031
2025,E01018408,0.21616081331723,841,0.868040137950575,841,0.27956499745585,481,1.01382900825402,1.00046592755534,0.014268727705113,0.330558858501784,0.024948024948025,0.485136741973841,0.0297265160523187,0.0178359096313912,0.485136741973841,0.0291060291060291,10,0.041
2025,E01018409,0.61248282389524,826,0.940061383372286,826,0.631914710442278,517,1.0124826374152,1.00147415658821,0.0338983050847458,0.343825665859564,0.0483558994197292,0.527845036319613,0.102905569007264,0.0520581113801453,0.527845036319613,0.0676982591876209,7,0.096
2025,E01018410,0.257501647766581,756,0.942309823369498,756,0.350879382228919,435,1.0235322043946,1.00054011785877,0.0185185185185185,0.378306878306878,0.032183908045977,0.522486772486773,0.044973544973545,0.0211640211640212,0.522486772486773,0.0367816091954023,10,0.041
2025,E01018411,0.0308686385854132,809,1.21870158591375,809,0.0463979556404904,422,1.01299453808726,0.999618289753245,0.00247218788627936,0.456118665018541,0.004739336492891,0.682323856613103,0.00494437577255871,0.00247218788627936,0.682323856613103,0.004739336492891,10,0.014
2025,E01018412,0.558212569834778,612,1.28398328235821,612,0.614881952177199,363,1.02309275816894,1.00018681183854,0.0277777777777778,0.495098039215686,0.0413223140495868,0.715686274509804,0.065359477124183,0.0473856209150327,0.715686274509804,0.0661157024793388,7,0.069
2025,E01018413,0.162784986872643,583,0.917743028889115,583,0.175056206134505,379,1.00495783204445,0.99754279306522,0.0102915951972556,0.336192109777015,0.0158311345646438,0.518010291595197,0.0240137221269297,0.0137221269296741,0.518010291595197,0.0184696569920844,10,0.028
2025,E01018414,0.193494998202721,599,1.10894591458522,599,0.272896289469901,333,1.02230050343138,1.00082108064699,0.010016694490818,0.430717863105175,0.018018018018018,0.616026711185309,0.0217028380634391,0.0166944908180301,0.616026711185309,0.03003003003003,10,0.031
2025,E01018415,0.793269755530315,662,1.04978148840837,662,0.755211548167031,448,1.01955954180441,1.00167732294139,0.0498489425981873,0.376132930513595,0.0625,0.590634441087613,0.0891238670694864,0.0664652567975831,0.590634441087613,0.0803571428571429,8,0.08
2025,E01018416,0.169937913322379,657,0.736309524870011,657,0.21042998239368,416,1.00829529930778,0.99906197763363,0.0136986301369863,0.26179604261796,0.0216346153846154,0.417047184170472,0.0426179604261796,0.0136986301369863,0.417047184170472,0.0216346153846154,10,0.044
2025,E01018417,0.379058295746098,595,1.26254341358141,595,0.449984066491498,316,1.0183742218934,1.00155678531163,0.0218487394957983,0.485714285714286,0.0379746835443038,0.704201680672269,0.0521008403361345,0.0319327731092437,0.704201680672269,0.0474683544303798,7,0.066
2025,E01018418,0.610635154996685,601,1.27173076758498,601,0.655336525431607,337,1.01456273776196,0.999881530385817,0.0282861896838602,0.447587354409318,0.0474777448071217,0.715474209650582,0.0831946755407654,0.0532445923460899,0.715474209650582,0.0712166172106825,5,0.08
2025,E01018419,0.136359061092188,856,0.571252218149151,856,0.133740553800488,624,0.998081924358731,1.00110017283108,0.00700934579439252,0.178738317757009,0.00961538461538462,0.328271028037383,0.0560747663551402,0.0116822429906542,0.328271028037383,0.0144230769230769,9,0.056
2025,E01018420,0.311046243317917,681,0.893553130937492,681,0.241384826749896,471,0.983030981276198,0.999722228550796,0.0176211453744493,0.259911894273128,0.0212314225053079,0.515418502202643,0.0499265785609398,0.026431718061674,0.515418502202643,0.0254777070063694,9,0.041
2025,E01018421,0.81236204297775,486,1.36679912945867,486,0.817912320157507,286,0.998039028037252,1.00416685533933,0.0473251028806584,0.411522633744856,0.0629370629370629,0.783950617283951,0.0802469135802469,0.0679012345679012,0.783950617283951,0.0874125874125874,6,0.071
2025,E01018422,0.527661273430287,567,1.11661852537239,567,0.51751743516386,330,1.00532208406098,1.00267915657722,0.0299823633156966,0.382716049382716,0.0393939393939394,0.6331569664903,0.0828924162257496,0.0440917107583774,0.6331569664903,0.0545454545454545,6,0.094
2025,E01018423,1.29467494468172,612,1.03721048592767,612,1.28909263353144,387,1.00156264057435,1.00619200624767,0.0702614379084967,0.354575163398693,0.0878552971576227,0.584967320261438,0.173202614379085,0.109477124183007,0.584967320261438,0.13953488372093,3,0.185
2025,E01018424,0.372844999419374,689,0.995430753084269,689,0.417985801556313,424,0.996389122261092,0.999236190349327,0.0188679245283019,0.314949201741655,0.0306603773584906,0.567489114658926,0.0522496371552975,0.0319303338171263,0.567489114658926,0.044811320754717,8,0.065
2025,E01018425,0.590819392341971,705,1.07953302625287,705,0.605916322444978,452,1.00922449221478,1.0031359431782,0.0326241134751773,0.35886524822695,0.0464601769911505,0.612765957446809,0.0765957446808511,0.049645390070922,0.612765957446809,0.0641592920353982,6,0.083
2025,E01018426,0.925381989241898,636,1.14213913013356,636,0.963460889772098,335,1.01140454014665,1.00519467587126,0.0550314465408805,0.388364779874214,0.0805970149253731,0.64622641509434,0.106918238993711,0.0770440251572327,0.64622641509434,0.101492537313433,5,0.105
2025,E01018427,0.49868729354259,466,1.47627047707166,466,0.743039371259013,223,1.01788218873149,1.00115473647275,0.0343347639484979,0.549356223175966,0.0717488789237668,0.830472103004292,0.0536480686695279,0.0407725321888412,0.830472103004292,0.0762331838565022,9,0.052
2025,E01018428,0.886977428597965,311,1.34665481637367,311,0.955013111511815,171,0.999183975458124,1.00023393298459,0.0546623794212219,0.446945337620579,0.087719298245614,0.765273311897106,0.0803858520900322,0.0739549839228296,0.765273311897106,0.0994152046783626,7,0.09
2025,E01018429,0.642671326592858,495,1.20363554656057,495,0.673379246526208,276,1.0103435757821,1.00146471899498,0.0343434343434343,0.416161616161616,0.0507246376811594,0.678787878787879,0.0848484848484849,0.0545454545454545,0.678787878787879,0.072463768115942,7,0.096
2025,E01018430,0.500927018443592,482,1.35525677725477,482,0.572475102885015,264,1.01611377048613,1.00221953135518,0.0311203319502075,0.483402489626556,0.0454545454545455,0.761410788381743,0.0560165975103735,0.04149377593361,0.761410788381743,0.0606060606060606,9,0.054
2025,E01018431,0.280920468496733,450,1.11831638927406,450,0.365739532664094,271,0.994869987886211,0.999179298622429,0.0111111111111111,0.353333333333333,0.018450184501845,0.64,0.0355555555555556,0.0244444444444444,0.64,0.040590405904059,9,0.034
2025,E01018432,0.722738360481425,586,1.07792431916982,586,0.82593996007106,370,1.0067959614705,1.0018476112525,0.0477815699658703,0.385665529010239,0.072972972972973,0.607508532423208,0.0955631399317406,0.0597269624573379,0.607508532423208,0.0864864864864865,7,0.095
2025,E01018433,0.267876598698897,709,0.899958378208346,709,0.286022401328872,463,1.0065424822424,0.999425618092528,0.0155148095909732,0.334273624823695,0.0237580993520518,0.504936530324401,0.0535966149506347,0.0225669957686883,0.504936530324401,0.0302375809935205,7,0.058
2025,E01018434,0.45233653084682,599,1.0044982298934,599,0.440878133290615,341,1.00307856741784,1.0018453476254,0.0250417362270451,0.335559265442404,0.0351906158357771,0.569282136894825,0.0634390651085142,0.0383973288814691,0.569282136894825,0.0469208211143695,8,0.073
2025,E01018435,0.838801269263172,651,0.811894662967192,651,0.709116802266812,475,1.00930886092968,1.00536782755624,0.0460829493087558,0.276497695852535,0.0526315789473684,0.457757296466974,0.167434715821813,0.0706605222734255,0.457757296466974,0.0757894736842105,3,0.176
2025,E01018436,0.172941627170161,642,1.03097891060217,642,0.217087838751433,401,1.0155407310133,0.99955482254186,0.0124610591900312,0.38785046728972,0.0199501246882793,0.577881619937695,0.0389408099688474,0.014018691588785,0.577881619937695,0.0224438902743142,10,0.038
2025,E01018437,1.2053841559826,723,1.09086210937814,723,1.13388873737482,509,0.989733108537434,1.00001989279331,0.0594744121715076,0.330567081604426,0.0746561886051081,0.627939142461964,0.157676348547718,0.103734439834025,0.627939142461964,0.1237721021611,4,0.143
2025,E01018438,0.317616026051452,586,1.49432549154785,586,0.438716358792925,288,1.02104792936158,0.999021357383708,0.0238907849829352,0.57679180887372,0.0416666666666667,0.834470989761092,0.0307167235494881,0.0255972696245734,0.834470989761092,0.0451388888888889,10,0.029
2025,E01018439,0.0704547657218744,859,0.567896701468762,859,0.0798844763422808,594,1.00883879844642,0.996420427655176,0.00465657741559953,0.220023282887078,0.00673400673400673,0.316647264260768,0.0221187427240978,0.00582072176949942,0.316647264260768,0.00841750841750842,10,0.023
2025,E01018440,0.266500216373291,992,0.58532160658991,992,0.235026160070502,734,0.985050593260663,1.00049746352022,0.0171370967741935,0.164314516129032,0.0217983651226158,0.339717741935484,0.063508064516129,0.0221774193548387,0.339717741935484,0.0245231607629428,8,0.08
2025,E01018441,0.174358154319961,775,0.732776891084285,775,0.190895759490067,555,0.979803077738406,0.998977879773044,0.0129032258064516,0.193548387096774,0.018018018018018,0.428387096774194,0.0374193548387097,0.0141935483870968,0.428387096774194,0.0198198198198198,8,0.043
2025,E01018442,0.146847419452567,1144,0.521642057180116,1144,0.139156134649756,877,0.998809826104357,0.997691994599082,0.00961538461538462,0.177447552447552,0.0114025085518814,0.296328671328671,0.0480769230769231,0.0122377622377622,0.296328671328671,0.0148232611174458,9,0.05
2025,E01018443,0.188513855617515,803,0.679250514800173,803,0.20337959846329,536,1.00037012214535,0.998251380451619,0.0099626400996264,0.224159402241594,0.0130597014925373,0.387297633872976,0.0523038605230386,0.0161892901618929,0.387297633872976,0.0223880597014925,8,0.057
2025,E01018444,0.171791782569112,1717,0.493444074228274,1717,0.152690875687546,1332,0.997947587712421,0.998784930214865,0.0122306348281887,0.16598718695399,0.0142642642642643,0.279557367501456,0.0541642399534071,0.0139778683750728,0.279557367501456,0.0157657657657658,5,0.061
2025,E01018445,1.16187033113804,773,0.768550074118059,773,1.06654601216306,602,0.977002527946911,0.997345801357746,0.0595084087968952,0.216041397153946,0.0714285714285714,0.446313065976714,0.241914618369987,0.0996119016817594,0.446313065976714,0.116279069767442,2,0.257
2025,E01018446,1.11008171550416,478,0.873923265459334,478,1.26948201170095,280,1.00395100650239,1.00406111086795,0.0606694560669456,0.269874476987448,0.0964285714285714,0.497907949790795,0.156903765690377,0.0941422594142259,0.497907949790795,0.135714285714286,3,0.154
2025,E01018447,0.815236993282984,685,1.27001731448273,685,0.791823583548612,486,0.976703099710163,0.994584266792235,0.0496350364963504,0.34014598540146,0.065843621399177,0.743065693430657,0.103649635036496,0.0686131386861314,0.743065693430657,0.0843621399176955,4,0.104
2025,E01018448,0.444578155153566,642,1.12435654776789,642,0.47716677993159,386,0.981221826761868,0.998529633840332,0.0327102803738318,0.31619937694704,0.0440414507772021,0.651090342679128,0.0654205607476636,0.0358255451713396,0.651090342679128,0.0492227979274611,7,0.057
2025,E01018449,0.478360554877233,657,1.49375640410461,657,0.449886525308704,420,1.03336147920134,1.0029674621548,0.030441400304414,0.622526636225266,0.0357142857142857,0.821917808219178,0.0487062404870624,0.0395738203957382,0.821917808219178,0.0476190476190476,7,0.05
2025,E01018450,0.369753042936643,1014,1.07579530372205,1014,0.333038995153501,692,1.01342101269606,1.00035205286745,0.0236686390532544,0.377712031558185,0.0289017341040462,0.605522682445759,0.0512820512820513,0.0305719921104537,0.605522682445759,0.0346820809248555,7,0.052
2025,E01018451,1.2819926538852,609,0.962776104191289,609,1.27256651001765,430,1.00050887130488,1.00186015209311,0.0673234811165846,0.303776683087028,0.0837209302325582,0.551724137931035,0.165845648604269,0.110016420361248,0.551724137931035,0.13953488372093,4,0.163
2025,E01018452,0.983833797900371,476,0.934104932273397,476,1.01165805936908,280,1.00768657831608,1.0027559429441,0.0609243697478992,0.32563025210084,0.0821428571428571,0.527310924369748,0.153361344537815,0.0819327731092437,0.527310924369748,0.107142857142857,4,0.13
2025,E01018454,1.30293218817691,607,0.940154287660631,607,1.41031588380079,421,0.991112755312654,1.00106909324945,0.0642504118616145,0.27841845140033,0.0902612826603325,0.543657331136738,0.187808896210873,0.112026359143328,0.543657331136738,0.154394299287411,3,0.181
2025,E01018455,0.622041249907066,536,1.1718343997662,536,0.697514792164778,284,1.01241837293457,1.00115686908684,0.0373134328358209,0.427238805970149,0.0563380281690141,0.66044776119403,0.0690298507462687,0.0522388059701493,0.66044776119403,0.073943661971831,8,0.058
2025,E01018456,0.191525542698147,523,1.07742984837006,523,0.228015782278889,301,1.0239515988513,0.997912791359766,0.0152963671128107,0.430210325047801,0.0232558139534884,0.60038240917782,0.0229445506692161,0.0152963671128107,0.60038240917782,0.0232558139534884,10,0.032
2025,E01018457,0.446682536085788,663,0.721720726287254,663,0.459503775901154,487,0.990154800920915,0.999416126579829,0.0256410256410256,0.206636500754148,0.0349075975359343,0.419306184012066,0.0663650075414781,0.0377073906485671,0.419306184012066,0.0492813141683778,7,0.075
2025,E01018458,0.362144837814388,887,1.24434531436254,887,0.363040024996953,546,1.01612058902458,0.998128528393953,0.0225479143179256,0.456595264937993,0.0311355311355311,0.698985343855693,0.0462232243517475,0.0304396843291995,0.698985343855693,0.0384615384615385,8,0.048
2025,E01018459,1.45193549698417,490,1.03187043035645,490,1.26579313734505,398,1.00462981090594,1.0035996465304,0.0836734693877551,0.348979591836735,0.0954773869346734,0.583673469387755,0.240816326530612,0.122448979591837,0.583673469387755,0.135678391959799,2,0.23
2025,E01018460,0.590109909605083,563,1.37852096722554,563,0.669546494831416,309,1.01170552569645,1.00086380663875,0.0355239786856128,0.502664298401421,0.0550161812297735,0.774422735346359,0.0763765541740675,0.0497335701598579,0.774422735346359,0.0711974110032362,5,0.092
2025,E01018461,0.948112614822804,615,0.999805786131222,615,0.969276087852537,408,1.00759178985377,1.00304323911261,0.0487804878048781,0.328455284552846,0.0661764705882353,0.570731707317073,0.182113821138211,0.0813008130081301,0.570731707317073,0.105392156862745,3,0.183
2025,E01018462,1.31047080743821,785,0.799058228393283,785,1.13327552011888,642,0.992155947485425,1.00292197107799,0.0687898089171975,0.224203821656051,0.0794392523364486,0.459872611464968,0.240764331210191,0.112101910828026,0.459872611464968,0.123052959501558,1,0.252
2025,E01018463,1.74177608302811,572,1.33393149053376,572,1.61695141010402,384,0.99410384278078,1.00134901279294,0.0996503496503496,0.398601398601399,0.127604166666667,0.767482517482518,0.187062937062937,0.146853146853147,0.767482517482518,0.171875,2,0.18
2025,E01018464,1.04071802452484,615,1.1674249655423,615,1.08682339995453,389,0.983612666604606,1.00033197221966,0.0504065040650407,0.323577235772358,0.0719794344473008,0.676422764227642,0.131707317073171,0.0894308943089431,0.676422764227642,0.118251928020566,3,0.129
2025,E01018465,0.102328728589587,1211,0.676436701759717,1211,0.0905889497610197,872,1.00035836982952,0.997434306710986,0.00743187448389761,0.241948802642444,0.0091743119266055,0.383154417836499,0.0379851362510322,0.00825763831544178,0.383154417836499,0.0091743119266055,7,0.039
2025,E01018466,2.17864070756061,1026,0.982424071367677,1026,1.87768294414261,820,0.984228537279984,1.0009841030324,0.107212475633528,0.275828460038986,0.121951219512195,0.569200779727096,0.304093567251462,0.187134502923977,0.569200779727096,0.204878048780488,1,0.279
2025,E01018467,0.590233023933633,1267,0.625036454173798,1267,0.507749639735814,1065,0.980454916381956,0.996647567568849,0.0315706393054459,0.176795580110497,0.0347417840375587,0.36069455406472,0.175217048145225,0.0505130228887135,0.36069455406472,0.0553990610328639,2,0.176
2025,E01018468,0.3883481131126,544,1.28771167597275,544,0.408938569732871,281,1.00164353263578,0.996030147893303,0.0220588235294118,0.4375,0.0391459074733096,0.733455882352941,0.0459558823529412,0.0330882352941177,0.733455882352941,0.0427046263345196,10,0.041
2025,E01018469,0.443497418019224,653,1.10539160253331,653,0.476864498160613,395,1.00564494394423,1.00104596974809,0.0290964777947933,0.370597243491577,0.0379746835443038,0.626339969372129,0.0597243491577335,0.0367534456355283,0.626339969372129,0.0506329113924051,8,0.062
2025,E01018470,0.171976712124579,835,0.701958695151589,835,0.159187499913988,544,1.00964026868009,0.997442115602117,0.0107784431137725,0.241916167664671,0.0147058823529412,0.398802395209581,0.0359281437125749,0.0143712574850299,0.398802395209581,0.0165441176470588,9,0.036
2025,E01018471,0.348181027541943,542,1.23314658582286,542,0.378416710392305,275,1.00488513503074,0.996562194248299,0.0202952029520295,0.437269372693727,0.0327272727272727,0.699261992619926,0.040590405904059,0.029520295202952,0.699261992619926,0.04,10,0.043
2025,E01018472,0.679212496405546,564,1.08902106224134,564,0.697475840009826,354,0.995404195776539,1.00206944873699,0.0443262411347518,0.333333333333333,0.0621468926553672,0.625886524822695,0.0957446808510638,0.0567375886524823,0.625886524822695,0.0734463276836158,6,0.085
2025,E01018473,0.305491196264574,610,1.10745018379775,610,0.308906151141932,362,0.983111441313201,0.99972978304126,0.0147540983606557,0.322950819672131,0.0220994475138122,0.640983606557377,0.040983606557377,0.0262295081967213,0.640983606557377,0.0331491712707182,9,0.049
2025,E01018474,0.365842544078533,617,1.0991134265669,617,0.387904353141558,344,0.992430362222227,0.999165819046495,0.0210696920583468,0.343598055105348,0.0319767441860465,0.627228525121556,0.053484602917342,0.0307941653160454,0.627228525121556,0.0406976744186047,9,0.049
2025,E01018475,0.200186850024869,603,1.22754841462231,603,0.262369510645051,330,0.982357343360047,1.00012244037736,0.0132669983416252,0.328358208955224,0.0242424242424242,0.714759535655058,0.0232172470978441,0.0165837479270315,0.714759535655058,0.0272727272727273,10,0.018
2025,E01018476,2.1842131777988,511,1.05056436271091,511,1.91927290614406,363,1.00937468071185,1.00841651701175,0.11545988258317,0.332681017612524,0.137741046831956,0.596868884540117,0.340508806262231,0.185909980430528,0.596868884540117,0.206611570247934,1,0.358
2025,E01018477,1.29562401455012,653,1.05208575087587,653,1.20887406225945,446,0.998920772009491,1.00000459446831,0.0627871362940276,0.346094946401225,0.07847533632287,0.600306278713629,0.208269525267994,0.111791730474732,0.600306278713629,0.132286995515695,2,0.2
2025,E01018478,1.33246700061615,616,1.0609949800749,616,1.1929270939924,449,1.00656672255582,1.00368075120864,0.0827922077922078,0.362012987012987,0.10022271714922,0.597402597402597,0.198051948051948,0.11038961038961,0.597402597402597,0.124721603563474,2,0.201
2025,E01018479,0.367446363463047,1064,0.573308987977354,1064,0.315272306389357,802,0.998887095163201,0.99910722930032,0.0216165413533835,0.18796992481203,0.0249376558603491,0.325187969924812,0.0977443609022556,0.031015037593985,0.325187969924812,0.0336658354114713,5,0.088
2025,E01018480,0.247343295888123,1083,0.758250836939684,1083,0.214705517319315,720,1.00418200409261,0.998608159679868,0.0166204986149585,0.25207756232687,0.0194444444444444,0.428439519852262,0.0535549399815328,0.0203139427516159,0.428439519852262,0.0222222222222222,6,0.053
2025,E01018481,0.476727667326438,738,1.45440286952362,738,0.493509727757633,450,1.00668967801728,0.998059532768462,0.0311653116531165,0.495934959349594,0.0444444444444444,0.823848238482385,0.0487804878048781,0.0392953929539295,0.823848238482385,0.0511111111111111,6,0.045
2025,E01018482,1.15589007962471,577,1.13623653995495,577,1.1168120216366,376,1.0005454087272,1.00423146052324,0.0519930675909879,0.35528596187175,0.0718085106382979,0.648180242634315,0.157712305025997,0.10051993067591,0.648180242634315,0.122340425531915,3,0.166
2025,E01018483,0.768934319050072,575,1.24943901746794,575,0.846496906342509,334,1.01134282830187,1.00234156307687,0.0469565217391304,0.429565217391304,0.0688622754491018,0.706086956521739,0.0921739130434783,0.0643478260869565,0.706086956521739,0.0898203592814371,5,0.09
2025,E01018484,0.906989337446131,728,0.732540700966614,728,0.735969887615069,581,0.999366920837465,1.00197542950106,0.054945054945055,0.226648351648352,0.0602409638554217,0.417582417582418,0.195054945054945,0.0755494505494506,0.417582417582418,0.0774526678141136,2,0.199
2025,E01018485,1.70712624935305,590,1.16405584065396,590,1.61247480714879,439,1.00042366002375,1.00300221897174,0.0983050847457627,0.366101694915254,0.120728929384966,0.664406779661017,0.225423728813559,0.14406779661017,0.664406779661017,0.173120728929385,2,0.227
2025,E01018486,1.21810603561477,637,1.09153799131853,637,1.06694212018413,503,0.972771587867708,0.996922038073469,0.0690737833594976,0.288854003139717,0.0795228628230616,0.637362637362637,0.152276295133438,0.103610675039246,0.637362637362637,0.115308151093439,2,0.183
2025,E01018487,1.46859165836522,611,1.3499477856889,611,1.31076305830217,458,0.978192889352263,0.99486105808129,0.0867430441898527,0.376432078559738,0.106986899563319,0.785597381342062,0.148936170212766,0.124386252045827,0.785597381342062,0.139737991266376,3,0.141
2025,E01018488,0.266737599394197,593,1.32233246705241,593,0.321476375727345,325,0.991617168826179,0.99910787293661,0.0185497470489039,0.391231028667791,0.0276923076923077,0.762225969645868,0.0354131534569983,0.0219224283305228,0.762225969645868,0.0338461538461538,7,0.047
2025,E01018489,1.42165696350756,490,1.31875870850399,490,1.25917294528641,339,0.981948970620401,0.994653367112522,0.0775510204081633,0.389795918367347,0.0943952802359882,0.761224489795918,0.142857142857143,0.120408163265306,0.761224489795918,0.135693215339233,3,0.147
2025,E01018490,0.0917380589060752,797,0.78294651592649,797,0.108985174162625,526,1.01001261546038,0.999078940031836,0.00627352572145546,0.293601003764115,0.00950570342205323,0.439146800501882,0.0175658720200753,0.00752823086574655,0.439146800501882,0.0114068441064639,10,0.024
2025,E01018491,0.216743359456676,683,0.811664420890089,683,0.238552011312139,445,1.00455995272635,0.997267119344511,0.0146412884333821,0.304538799414348,0.0202247191011236,0.456808199121523,0.0453879941434846,0.0175695461200586,0.456808199121523,0.0247191011235955,9,0.035
2025,E01018492,0.288251356939946,432,1.46340068872422,432,0.361360697370629,216,1.01250265875096,0.999317963905802,0.0231481481481482,0.525462962962963,0.037037037037037,0.824074074074074,0.0277777777777778,0.0231481481481482,0.824074074074074,0.037037037037037,9,0.034
2025,E01018493,0.473834918642204,624,1.14591705017667,624,0.571547894022232,371,1.01490398739128,1.00040158815801,0.0272435897435897,0.421474358974359,0.0404312668463612,0.644230769230769,0.0721153846153846,0.0400641025641026,0.644230769230769,0.0619946091644205,8,0.066
2025,E01018494,0.0822017197067997,1192,0.399527501119105,1192,0.0734544422304333,934,0.99266416079606,0.996978579992191,0.00587248322147651,0.121644295302013,0.00749464668094219,0.229026845637584,0.0343959731543624,0.00671140939597315,0.229026845637584,0.00749464668094219,9,0.036
2025,E01018495,0.267999337613866,637,0.880887206523186,637,0.31841650770909,368,1.00330898734957,0.999913785279223,0.0172684458398744,0.290423861852433,0.0298913043478261,0.502354788069074,0.0470957613814757,0.021978021978022,0.502354788069074,0.0326086956521739,8,0.048
2025,E01018496,0.592414358087355,624,1.15467150889591,624,0.598929143250512,392,0.99284952499094,0.998826068421697,0.0352564102564103,0.355769230769231,0.0459183673469388,0.661858974358974,0.0737179487179487,0.0496794871794872,0.661858974358974,0.0637755102040816,5,0.098
2025,E01018497,0.945086425337293,526,1.1798230989987,526,1.00126946526952,371,0.982278429681975,0.995568320717069,0.0665399239543726,0.342205323193916,0.091644204851752,0.682509505703422,0.114068441064639,0.0779467680608365,0.682509505703422,0.105121293800539,3,0.127
2025,E01018498,1.07377583796873,596,0.806408716206207,596,0.853391666060048,471,0.988033752974395,1.00113022140812,0.0587248322147651,0.243288590604027,0.0615711252653928,0.463087248322148,0.216442953020134,0.0906040268456376,0.463087248322148,0.0912951167728238,2,0.215
2025,E01018499,0.366762602499018,757,0.677014691535311,757,0.368982727688033,501,0.988784147251114,0.999292979709301,0.0171730515191546,0.220607661822985,0.0259481037924152,0.385733157199472,0.071334214002642,0.0317040951122853,0.385733157199472,0.0399201596806387,7,0.07
2025,E01018500,0.369037014323852,463,1.29059279095395,463,0.455504552781682,233,1.013060443162,1.00064738003873,0.0259179265658747,0.485961123110151,0.0429184549356223,0.72354211663067,0.0367170626349892,0.0302375809935205,0.72354211663067,0.0472103004291846,9,0.035
2025,E01018501,0.927496011417637,666,1.286352182693,666,0.927436521597802,407,1.00437790743514,1.00322126469839,0.0480480480480481,0.411411411411411,0.0638820638820639,0.734234234234234,0.111111111111111,0.0795795795795796,0.734234234234234,0.100737100737101,5,0.119
2025,E01018502,0.29528920033853,515,1.4325458807692,515,0.494746862655791,241,1.0161495499036,1.00162618641488,0.0155339805825243,0.522330097087379,0.033195020746888,0.807766990291262,0.0330097087378641,0.0252427184466019,0.807766990291262,0.053941908713693,10,0.03
2025,E01018503,0.178317896469139,637,1.1098599452437,637,0.236260653422056,336,1.02007940546315,1.0013446360236,0.0141287284144427,0.428571428571429,0.0238095238095238,0.620094191522763,0.0298273155416013,0.0141287284144427,0.620094191522763,0.0238095238095238,10,0.03
2025,E01018504,1.02193366314419,743,1.06997738925142,743,1.03178599973147,455,1.00135602814963,0.999520941064818,0.0592193808882907,0.366083445491252,0.0813186813186813,0.608344549125168,0.129205921938089,0.0861372812920592,0.608344549125168,0.10989010989011,5,0.112
2025,E01018505,0.0934608018220448,445,1.11310795816902,445,0.0879618147549035,275,1.00864693045414,0.997475951056157,0,0.386516853932584,0,0.631460674157303,0.0179775280898876,0.00898876404494382,0.631460674157303,0.0109090909090909,10,0.022
2025,E01018506,0.0796547268302894,486,1.28765716136774,486,0.0872812290772892,232,1.0120147861011,0.997764487195545,0.00617283950617284,0.460905349794239,0.00862068965517241,0.728395061728395,0.0164609053497942,0.00617283950617284,0.728395061728395,0.00862068965517241,10,0.026
2025,E01018507,0.209107456675116,508,1.14603870763722,508,0.275546099663227,273,1.0217109129826,1.00229411398651,0.0118110236220472,0.413385826771654,0.021978021978022,0.643700787401575,0.0275590551181102,0.0177165354330709,0.643700787401575,0.0293040293040293,10,0.028
2025,E01018508,0.086849993183269,578,0.853322235681013,578,0.109941054747933,358,1.00925095014196,0.996826105089793,0.0069204152249135,0.307958477508651,0.0111731843575419,0.482698961937716,0.0207612456747405,0.0069204152249135,0.482698961937716,0.0111731843575419,9,0.022
2025,E01018509,0.439535032596845,456,1.17309685653245,456,0.46084894789833,306,0.999462105924024,0.999572841394984,0.0241228070175439,0.390350877192982,0.0359477124183007,0.668859649122807,0.0592105263157895,0.037280701754386,0.668859649122807,0.0490196078431373,8,0.057
2025,E01018510,0.389202268911111,677,0.877819195502723,677,0.357850343300751,405,0.992081729323253,1.00094613253519,0.0221565731166913,0.251107828655835,0.0296296296296296,0.506646971935007,0.0531757754800591,0.0324963072378139,0.506646971935007,0.037037037037037,8,0.054
2025,E01018511,0.993233871034326,577,0.91040505185592,577,1.10247276264553,358,1.00573288626091,1.00329500518318,0.0589254766031196,0.285961871750433,0.0865921787709497,0.521663778162912,0.17157712305026,0.0831889081455806,0.521663778162912,0.11731843575419,4,0.168
2025,E01018512,1.37577924262996,652,1.15352760655041,652,1.35756076676088,409,1.00322309945156,1.00249353332843,0.0797546012269939,0.358895705521472,0.102689486552567,0.659509202453988,0.162576687116564,0.115030674846626,0.659509202453988,0.144254278728606,4,0.144
2025,E01018513,0.439714789900233,614,1.31461381742263,614,0.595451384201942,323,1.00256392435082,0.998356095521174,0.0325732899022801,0.446254071661238,0.0557275541795666,0.749185667752443,0.0521172638436482,0.0358306188925081,0.749185667752443,0.0619195046439629,9,0.05
2025,E01018514,0.570970156466336,773,1.22459726165671,773,0.653115453365362,486,1.0210520900417,1.00200314363328,0.0349288486416559,0.446313065976714,0.051440329218107,0.684346701164295,0.0776196636481242,0.0478654592496766,0.684346701164295,0.0699588477366255,5,0.085
2025,E01018515,0.151715251787573,686,0.985133620587127,686,0.118875883924647,397,1.00194613625782,0.99749390818187,0.00728862973760933,0.342565597667639,0.0100755667506297,0.556851311953353,0.021865889212828,0.0131195335276968,0.556851311953353,0.0125944584382872,8,0.03
2025,E01018516,0.229516127714489,661,0.919205958725285,661,0.290828295697071,409,1.01254097834722,1.00140470609368,0.0121028744326778,0.338880484114977,0.019559902200489,0.51588502269289,0.0484114977307111,0.0196671709531014,0.51588502269289,0.0317848410757946,9,0.041
2025,E01018518,0.178897318908587,612,1.45247374883855,612,0.250268639510228,343,1.02214016371736,0.998041304626097,0.011437908496732,0.566993464052288,0.0204081632653061,0.810457516339869,0.0261437908496732,0.0147058823529412,0.810457516339869,0.0262390670553936,9,0.022
2025,E01018519,2.16224034896786,609,1.15790494826009,609,2.07204003456073,417,0.978384030309244,0.999989499658377,0.108374384236453,0.308702791461412,0.139088729016787,0.673234811165846,0.247947454844007,0.185550082101806,0.673234811165846,0.225419664268585,1,0.268
2025,E01018520,0.911034811169567,791,0.644074501706942,791,0.829685361677556,630,0.99037016421444,0.995973931455607,0.0530973451327434,0.173198482932996,0.0650793650793651,0.375474083438685,0.261694058154235,0.0771175726927939,0.375474083438685,0.0888888888888889,1,0.251
2025,E01018521,1.418097794539,501,0.84142891561499,501,1.29986984754244,342,0.992755033339102,1.00547389608233,0.0658682634730539,0.249500998003992,0.0906432748538012,0.481037924151697,0.291417165668663,0.121756487025948,0.481037924151697,0.140350877192982,1,0.293
2025,E01018522,1.61852016956871,550,0.913879888559204,550,1.6985959638863,337,0.998981451322384,1.00353007228921,0.0854545454545455,0.285454545454545,0.121661721068249,0.523636363636364,0.267272727272727,0.138181818181818,0.523636363636364,0.183976261127596,1,0.264
2025,E01018523,0.941942350035509,576,0.760362043453542,576,0.963714515160896,351,1.00097028099896,1.00374080764445,0.0538194444444445,0.237847222222222,0.0797720797720798,0.434027777777778,0.204861111111111,0.0798611111111111,0.434027777777778,0.102564102564103,2,0.24
2025,E01018524,1.4795474307779,560,0.696324328989889,560,1.25886243570983,341,0.992536691069542,1.00460410783897,0.0625,0.175,0.0762463343108504,0.405357142857143,0.323214285714286,0.128571428571429,0.405357142857143,0.13782991202346,1,0.322
2025,E01018525,1.46202543189044,709,0.716388238760009,709,1.26178576457983,488,0.994316976000492,1.00160482476849,0.076163610719323,0.205923836389281,0.0922131147540984,0.414668547249647,0.289139633286319,0.124118476727786,0.414668547249647,0.135245901639344,2,0.282
2025,E01018526,0.398236583180644,594,1.20988361647788,594,0.489816780885859,286,1.0035650486721,0.99860285845334,0.0235690235690236,0.414141414141414,0.0384615384615385,0.685185185185185,0.0505050505050505,0.0336700336700337,0.685185185185185,0.0524475524475525,9,0.039
2025,E01018527,0.255628988197353,610,1.22011185283298,610,0.334332138052335,259,1.00808656209242,0.999615715609512,0.0163934426229508,0.427868852459016,0.0308880308880309,0.691803278688525,0.0327868852459016,0.0213114754098361,0.691803278688525,0.0347490347490348,9,0.045
2025,E01018528,0.156127654970188,709,0.617468385007576,709,0.145892136652868,472,1.00316019150446,0.998873231738281,0.0112834978843441,0.212976022566996,0.0148305084745763,0.348377997179126,0.0296191819464034,0.0126939351198872,0.348377997179126,0.0148305084745763,8,0.046
2025,E01018529,0.202002637892965,704,0.897690734678362,704,0.271487840804799,381,1.00862242596909,1.00066171266681,0.0127840909090909,0.336647727272727,0.0236220472440945,0.502840909090909,0.046875,0.0170454545454545,0.502840909090909,0.0288713910761155,9,0.036
2025,E01018530,0.153859474950733,545,0.961663280783726,545,0.233140078687596,282,0.992944315460517,0.997172097589796,0.0091743119266055,0.302752293577982,0.0177304964539007,0.552293577981651,0.0238532110091743,0.0128440366972477,0.552293577981651,0.024822695035461,10,0.022
2025,E01018531,0.441369250134935,609,1.22149968140166,609,0.439221961042816,338,1.00207003103819,0.999025635975747,0.0229885057471264,0.382594417077176,0.0325443786982249,0.701149425287356,0.0525451559934319,0.0377668308702792,0.701149425287356,0.0473372781065089,9,0.058
2025,E01018532,1.15364842442982,754,1.18418770533506,754,1.22116858722491,451,1.00723686317635,1.00335480629354,0.0596816976127321,0.395225464190981,0.0886917960088692,0.669761273209549,0.135278514588859,0.0981432360742706,0.669761273209549,0.130820399113082,5,0.134
2025,E01018533,0.29586305087036,546,1.28362723990547,546,0.380515063158937,282,1.02017050343102,1.00193405918715,0.0238095238095238,0.485347985347985,0.0390070921985816,0.717948717948718,0.0274725274725275,0.0238095238095238,0.717948717948718,0.0390070921985816,10,0.041
2025,E01018534,0.867925006851917,1028,0.675654491112661,1028,0.8079082234794,670,0.993290868288118,1.00168480133048,0.0437743190661479,0.193579766536965,0.0567164179104478,0.390077821011673,0.178015564202335,0.0739299610894942,0.390077821011673,0.0865671641791045,3,0.186
2025,E01018535,0.93533666789505,612,1.0956859997452,612,1.02158395520836,349,1.00948682400774,1.00199691516431,0.0457516339869281,0.377450980392157,0.0630372492836676,0.619281045751634,0.143790849673203,0.0800653594771242,0.619281045751634,0.111747851002865,4,0.138
2025,E01018536,0.366188507575137,678,1.08844811014667,678,0.402283890700434,401,1.01752471419538,0.997966726629362,0.0206489675516224,0.410029498525074,0.0349127182044888,0.610619469026549,0.0486725663716814,0.0309734513274336,0.610619469026549,0.0423940149625935,9,0.044
2025,E01018537,0.333901033974023,795,1.16738016398609,795,0.424028687843031,449,1.01893601047459,0.997511105842965,0.0226415094339623,0.459119496855346,0.0378619153674833,0.652830188679245,0.0364779874213837,0.0276729559748428,0.652830188679245,0.044543429844098,9,0.037
2025,E01018538,1.46062094654998,443,0.82523175708156,443,1.20231375533658,245,1.00345012841005,1.00682386288189,0.0790067720090294,0.259593679458239,0.0816326530612245,0.471783295711061,0.252821670428894,0.124153498871332,0.471783295711061,0.130612244897959,2,0.248
2025,E01018539,0.951725220660777,449,0.854387247963829,449,0.993089743144361,273,0.983867740277191,1.00097618056235,0.0556792873051225,0.253897550111359,0.0769230769230769,0.492204899777283,0.149220489977728,0.0801781737193764,0.492204899777283,0.106227106227106,2,0.175
2025,E01018540,0.70838599389821,541,1.26904566928056,541,0.839486757136542,272,1.00533390271865,0.999553084183164,0.044362292051756,0.436229205175601,0.0735294117647059,0.719038817005545,0.077634011090573,0.0591497227356747,0.719038817005545,0.0882352941176471,7,0.081
2025,E01018541,1.38262309167507,572,1.27881547911363,572,1.44290238195174,327,0.98932587823508,0.998290123226385,0.0751748251748252,0.377622377622378,0.116207951070336,0.73951048951049,0.15034965034965,0.117132867132867,0.73951048951049,0.152905198776758,4,0.137
2025,E01018542,0.728615602826146,451,0.463306851358458,451,0.748110255072274,274,1.00029167950073,1.00585998163943,0.0376940133037694,0.148558758314856,0.0547445255474453,0.263858093126386,0.219512195121951,0.0620842572062084,0.263858093126386,0.0802919708029197,2,0.242
2025,E01018543,1.29059660351735,533,1.07359470053175,533,1.14341193471179,349,0.988232418601623,1.00059703587007,0.0656660412757974,0.290806754221388,0.0830945558739255,0.624765478424015,0.170731707317073,0.110694183864916,0.624765478424015,0.123209169054441,4,0.169
2025,E01018544,0.469914384893831,549,1.37556897238881,549,0.467397018859146,283,1.01722579607315,1.00041501215624,0.0255009107468124,0.517304189435337,0.03886925795053,0.768670309653916,0.0510018214936248,0.0400728597449909,0.768670309653916,0.049469964664311,9,0.041
2025,E01018545,0.44744867863214,707,1.38016627574498,707,0.571324397084503,359,1.01236161824627,1.00044200320575,0.0226308345120226,0.493635077793494,0.0417827298050139,0.777934936350778,0.0509193776520509,0.0381895332390382,0.777934936350778,0.0612813370473538,9,0.058
2025,E01018546,1.62413494282711,602,0.989978210687658,602,1.46312740491472,393,1.00046680121596,1.00468834149356,0.0963455149501661,0.32890365448505,0.11704834605598,0.559800664451827,0.224252491694352,0.136212624584718,0.559800664451827,0.155216284987277,2,0.237
2025,E01018547,0.807109953090309,537,1.16986194171833,537,0.946213548439821,274,1.00580938554918,0.998774288196756,0.042830540037244,0.404096834264432,0.0693430656934307,0.662942271880819,0.106145251396648,0.068901303538175,0.662942271880819,0.102189781021898,5,0.095
2025,E01018548,0.456963797695566,803,0.495042688738061,803,0.408120440052316,552,1.0087903494731,1.00613028150643,0.0261519302615193,0.158156911581569,0.0326086956521739,0.281444582814446,0.166874221668742,0.0386052303860523,0.281444582814446,0.0434782608695652,3,0.184
2025,E01018549,0.990047793269226,580,1.16084592577004,580,1.265133657319,320,0.99724956516037,0.999970724123575,0.0603448275862069,0.391379310344828,0.1,0.658620689655172,0.131034482758621,0.0827586206896552,0.658620689655172,0.134375,4,0.119
2025,E01018550,0.487997142769705,440,0.313021574069637,440,0.489901070435935,267,0.996344032844929,1.00460278783991,0.0181818181818182,0.0909090909090909,0.0187265917602996,0.179545454545455,0.3,0.0431818181818182,0.179545454545455,0.0561797752808989,1,0.323
2025,E01018551,0.755534251299289,613,0.320258546337989,613,0.650258467018425,397,0.99876815675206,1.0067265454431,0.0407830342577488,0.0962479608482871,0.052896725440806,0.184339314845024,0.282218597063622,0.0636215334420881,0.184339314845024,0.0680100755667506,1,0.281
2025,E01018552,0.406398707511198,897,0.489642805890236,897,0.36113696721185,665,0.993077355644424,1.00022770153021,0.0211817168338908,0.156075808249721,0.0255639097744361,0.278706800445931,0.178372352285396,0.0345596432552954,0.278706800445931,0.0390977443609023,3,0.182
2025,E01018553,1.01735317011519,656,0.674643744185337,656,1.05706655771139,391,1.00451698245343,1.00468016782447,0.0442073170731707,0.211890243902439,0.0588235294117647,0.384146341463415,0.251524390243902,0.0884146341463415,0.384146341463415,0.117647058823529,2,0.234
2025,E01018554,0.227064831987707,839,1.10222770248779,839,0.144198771657681,399,1.00968466298646,0.997705252470236,0.0131108462455304,0.392133492252682,0.012531328320802,0.623361144219309,0.0309892729439809,0.0190703218116806,0.623361144219309,0.0150375939849624,10,0.031
2025,E01018555,0.574043900537835,420,1.31572629984184,420,0.763440001105582,203,0.994786094708463,0.996063489415074,0.0380952380952381,0.426190476190476,0.0738916256157636,0.754761904761905,0.0642857142857143,0.0476190476190476,0.754761904761905,0.0788177339901478,8,0.044
2025,E01018556,0.863503438643189,553,1.31662198786994,553,1.13739763451724,251,1.01905957180713,1.00473167520671,0.0524412296564195,0.482820976491863,0.099601593625498,0.735985533453888,0.0904159132007233,0.0723327305605787,0.735985533453888,0.119521912350598,8,0.068
2025,E01018557,1.35081401150692,576,0.983653886766589,576,1.36853573492395,360,1.00634612103678,1.0029980661656,0.0763888888888889,0.342013888888889,0.102777777777778,0.555555555555556,0.201388888888889,0.114583333333333,0.555555555555556,0.147222222222222,3,0.202
2025,E01018558,0.304937928374113,438,1.41166933418347,438,0.36263286695038,212,0.988401017968255,0.996870243946712,0.0205479452054795,0.420091324200913,0.0330188679245283,0.815068493150685,0.0410958904109589,0.0251141552511416,0.815068493150685,0.0377358490566038,8,0.054
2025,E01018559,0.193524291478469,416,1.25927492591385,416,0.205048918988237,182,1.00494416040857,0.997071573583788,0.00961538461538462,0.442307692307692,0.0164835164835165,0.713942307692308,0.0264423076923077,0.0168269230769231,0.713942307692308,0.021978021978022,9,0.03
2025,E01018560,0.259516167745771,426,1.33889606167703,426,0.385021415566599,200,1.01421256038664,0.998961295066673,0.0187793427230047,0.481220657276995,0.035,0.753521126760563,0.0375586854460094,0.0211267605633803,0.753521126760563,0.04,9,0.041
2025,E01018561,0.0287323200619678,440,1.24633067771263,440,0.0500614564516096,198,1.0046685815198,0.996269330700906,0.00227272727272727,0.45,0.00505050505050505,0.704545454545455,0.0113636363636364,0.00227272727272727,0.704545454545455,0.00505050505050505,10,0.015
2025,E01018562,0.0223179827761102,566,0.75335513831354,566,0.0301037618761323,329,0.983178316542479,0.995244378582075,0.00176678445229682,0.224381625441696,0.00303951367781155,0.436395759717315,0.0176678445229682,0.00176678445229682,0.436395759717315,0.00303951367781155,10,0.021
2025,E01018563,0.358224163400671,1367,0.221359482044667,1367,0.247280115823832,1040,0.984452622486317,1.00066039936034,0.0175566934893928,0.063643013899049,0.0163461538461538,0.127286027798098,0.277249451353328,0.0307242136064375,0.127286027798098,0.0269230769230769,1,0.287
2025,E01018564,1.66503975870479,1064,0.840583421014232,1064,1.44591773991196,751,0.981778488539993,1.0017127620555,0.0742481203007519,0.220864661654135,0.0785619174434088,0.489661654135338,0.281015037593985,0.144736842105263,0.489661654135338,0.161118508655127,2,0.286
2025,E01018565,0.546002277425206,565,1.42108580930745,565,0.535276948734251,286,1.00081515881579,1.00121604518889,0.031858407079646,0.456637168141593,0.048951048951049,0.810619469026549,0.0513274336283186,0.0460176991150443,0.810619469026549,0.0559440559440559,8,0.04
2025,E01018566,0.552632971734313,546,1.35942003574979,546,0.760291201551457,252,1.01682849716874,1.00075674083973,0.0366300366300366,0.507326007326007,0.0714285714285714,0.761904761904762,0.0622710622710623,0.0457875457875458,0.761904761904762,0.0793650793650794,6,0.059
2025,E01018567,0.476371899469056,552,1.44323584804446,552,0.64635857520344,281,1.00751316671904,0.999895613179752,0.0307971014492754,0.523550724637681,0.0604982206405694,0.813405797101449,0.0452898550724638,0.0398550724637681,0.813405797101449,0.0676156583629893,8,0.055
2025,E01018568,0.186991842594233,523,1.10959411720053,523,0.206079842237927,286,0.98095057121791,0.996905836768512,0.0133843212237094,0.325047801147228,0.020979020979021,0.64244741873805,0.0248565965583174,0.0152963671128107,0.64244741873805,0.020979020979021,9,0.021
2025,E01018569,0.244569361028824,490,1.42699875533129,490,0.350599691470378,245,1.02292463944706,0.997539515754357,0.0163265306122449,0.571428571428571,0.0326530612244898,0.795918367346939,0.0244897959183673,0.0204081632653061,0.795918367346939,0.036734693877551,10,0.026
2025,E01018570,0.415254400645388,619,0.903791671835489,619,0.474195342673713,408,1.00730171506961,0.997068075177562,0.0306946688206785,0.336025848142165,0.0465686274509804,0.505654281098546,0.074313408723748,0.0339256865912763,0.505654281098546,0.0490196078431373,6,0.059
2025,E01018571,0.531519432890423,518,1.13543240061575,518,0.654753577601191,290,1.00675622496342,0.997944805598692,0.0328185328185328,0.407335907335907,0.0551724137931035,0.642857142857143,0.0656370656370656,0.0444015444015444,0.642857142857143,0.0689655172413793,9,0.062
2025,E01018572,0.149617949170916,650,1.05121771334072,650,0.154824744556245,430,1.01297595557396,0.995539775662784,0.0107692307692308,0.393846153846154,0.013953488372093,0.592307692307692,0.0276923076923077,0.0123076923076923,0.592307692307692,0.0162790697674419,10,0.028
2025,E01018573,0.178118850183589,579,1.18660761767066,579,0.233699426472649,346,1.00025375585315,0.993679252284931,0.00863557858376511,0.409326424870466,0.0144508670520231,0.673575129533679,0.0207253886010363,0.0155440414507772,0.673575129533679,0.0260115606936416,10,0.022
2025,E01018574,0.440085553212852,811,1.04238569485241,811,0.448155686801608,606,0.991585721930483,0.997288199897986,0.0271270036991369,0.330456226880395,0.0363036303630363,0.596794081381011,0.06288532675709,0.0369913686806412,0.596794081381011,0.0478547854785479,10,0.059
2025,E01018575,0.399275231646819,497,1.03088488444058,497,0.405409698514264,344,0.997204361292389,0.997832671827216,0.028169014084507,0.331991951710262,0.0406976744186047,0.58953722334004,0.0603621730382294,0.0321931589537223,0.58953722334004,0.0406976744186047,10,0.05
2025,E01018576,0.210125335751115,763,1.02274503382656,763,0.224853629276036,515,0.979229195111393,0.994097150883514,0.0157273918741809,0.297509829619921,0.0213592233009709,0.595019659239843,0.0235910878112713,0.0170380078636959,0.595019659239843,0.0233009708737864,10,0.032
2025,E01018577,0.509535486156956,975,1.16560941366231,975,0.576914450215262,565,1.0053736802118,0.999627861266305,0.0297435897435897,0.396923076923077,0.0442477876106195,0.661538461538462,0.0666666666666667,0.0430769230769231,0.661538461538462,0.0619469026548673,8,0.072
2025,E01018578,0.267493910388607,459,1.17141529744743,459,0.389739954882905,247,1.00423275196326,1.0002025684759,0.0196078431372549,0.40958605664488,0.0364372469635628,0.664488017429194,0.0348583877995643,0.0217864923747277,0.664488017429194,0.0404858299595142,10,0.039
2025,E01018579,0.813705202730382,501,1.03196618192982,501,0.674890544351564,339,1.00741135160906,1.0020910435083,0.0379241516966068,0.351297405189621,0.0412979351032448,0.582834331337325,0.13373253493014,0.0698602794411178,0.582834331337325,0.0737463126843658,5,0.132
2025,E01018580,0.224114685813451,651,0.878534097975605,651,0.277651092835231,412,1.02010640541566,0.999812628104124,0.0153609831029186,0.321044546850998,0.0242718446601942,0.493087557603687,0.0384024577572965,0.0184331797235023,0.493087557603687,0.029126213592233,8,0.039
2025,E01018581,0.128066746811176,634,0.837270625357447,634,0.121960598071975,453,1.02070068173268,0.999696384759993,0.00630914826498423,0.334384858044164,0.00883002207505519,0.465299684542587,0.0441640378548896,0.0110410094637224,0.465299684542587,0.0132450331125828,9,0.041
2025,E01018582,0.328251546956704,928,0.6865491628434,928,0.276528124774708,698,0.989854828027835,0.993552807570457,0.0237068965517241,0.211206896551724,0.0272206303724928,0.395474137931035,0.0625,0.0269396551724138,0.395474137931035,0.0286532951289398,7,0.056
2025,E01018583,0.174510218671045,628,1.04449467208512,628,0.19798672674024,434,0.989666534755832,0.992355856252994,0.0127388535031847,0.35031847133758,0.0184331797235023,0.598726114649682,0.0238853503184713,0.0143312101910828,0.598726114649682,0.0207373271889401,10,0.026
2025,E01018584,0.20030315403137,623,1.10022990748481,623,0.207096193048317,379,1.0103300931691,0.993980801347211,0.0160513643659711,0.396468699839486,0.0211081794195251,0.622792937399679,0.0192616372391653,0.0160513643659711,0.622792937399679,0.0211081794195251,10,0.022
2025,E01018585,0.411278345318396,437,1.13951319651265,437,0.491949958527574,250,1.00150418175937,1.00111557898363,0.0274599542334096,0.382151029748284,0.044,0.649885583524028,0.0709382151029748,0.034324942791762,0.649885583524028,0.052,9,0.056
2025,E01018586,0.147455749077747,418,1.03989718486724,418,0.138126136749634,275,0.996478244862074,0.997247184882975,0.00956937799043062,0.358851674641148,0.0109090909090909,0.588516746411483,0.0478468899521531,0.0119617224880383,0.588516746411483,0.0145454545454545,8,0.053
2025,E01018587,0.409523219560508,395,1.18537195926364,395,0.382038260155192,238,1.00165618937842,0.997138017121821,0.020253164556962,0.382278481012658,0.0252100840336134,0.678481012658228,0.0582278481012658,0.0354430379746835,0.678481012658228,0.0420168067226891,9,0.045
2025,E01018588,0.256776988934254,519,1.33055828200122,519,0.284891869328163,303,1.00162177259906,0.995449311693934,0.0173410404624277,0.466281310211946,0.0264026402640264,0.757225433526012,0.0269749518304432,0.0211946050096339,0.757225433526012,0.0297029702970297,10,0.024
2025,E01018589,0.0223970061058455,551,1.2528312253988,551,0.0312122568485142,310,1.01771399511682,0.994476019104048,0.00181488203266788,0.47005444646098,0.0032258064516129,0.704174228675136,0.00181488203266788,0.00181488203266788,0.704174228675136,0.0032258064516129,10,0.012
2025,E01018590,0.29712483826301,708,1.12109642329727,708,0.355024533672204,436,1.01097996721531,0.995183912593384,0.0225988700564972,0.416666666666667,0.0344036697247706,0.63135593220339,0.0282485875706215,0.0240112994350283,0.63135593220339,0.036697247706422,10,0.032
2025,E01018591,0.256188328519995,895,1.37072238707363,895,0.299262811646394,458,1.01320834251951,0.997834207009265,0.0111731843575419,0.511731843575419,0.0196506550218341,0.772067039106145,0.0301675977653631,0.0223463687150838,0.772067039106145,0.0327510917030568,8,0.03
2025,E01018592,0.722803062012364,473,1.12705046793814,473,0.843635333219604,306,1.0072093927998,0.999495749989902,0.040169133192389,0.403805496828753,0.0588235294117647,0.634249471458774,0.080338266384778,0.0613107822410148,0.634249471458774,0.0915032679738562,8,0.078
2025,E01018593,0.531943513865712,639,0.976601579071145,639,0.577885587111702,413,1.01326969840184,0.999605834898733,0.0344287949921753,0.338028169014085,0.0484261501210654,0.550860719874804,0.0719874804381847,0.0438184663536776,0.550860719874804,0.0605326876513317,9,0.073
2025,E01018594,0.841529064894085,508,0.826699084024567,508,0.67236557674733,385,1.00135974368254,1.00318373183353,0.0570866141732284,0.263779527559055,0.0597402597402597,0.47244094488189,0.163385826771654,0.0688976377952756,0.47244094488189,0.0701298701298701,4,0.177
2025,E01018595,0.664597724424114,594,0.961108630958055,594,0.648396366713079,407,1.00133035847724,0.999252337742812,0.0404040404040404,0.2996632996633,0.0515970515970516,0.550505050505051,0.0858585858585859,0.0555555555555556,0.550505050505051,0.0687960687960688,6,0.098
2025,E01018596,0.733448478807496,737,0.533616266823777,737,0.68030612080783,506,0.982641070848688,1.00106777672528,0.0407055630936228,0.154681139755767,0.0513833992094862,0.308005427408413,0.241519674355495,0.062415196743555,0.308005427408413,0.0731225296442688,2,0.238
2025,E01018597,0.172450600775921,1141,0.988452252297065,1141,0.174184225290838,727,1.01320477972134,0.998376345735408,0.0131463628396144,0.363716038562664,0.0178817056396149,0.554776511831727,0.0368098159509202,0.014022787028922,0.554776511831727,0.0178817056396149,7,0.035
2025,E01018598,0.181891965904627,581,1.26451685614823,581,0.17723772239733,365,1.00809195130243,0.994847867705858,0.0103270223752151,0.454388984509467,0.0136986301369863,0.714285714285714,0.0206540447504303,0.0154905335628227,0.714285714285714,0.0191780821917808,7,0.028
2025,E01018599,0.273265758443146,433,1.30055335464092,433,0.366689006418684,253,1.01716848246659,0.99332943373515,0.0161662817551963,0.508083140877598,0.0276679841897233,0.729792147806005,0.0415704387990762,0.023094688221709,0.729792147806005,0.0395256916996047,9,0.041
2025,E01018600,0.141120648158985,616,1.15595399061653,616,0.126441345048165,386,1.0128768134414,0.994298781540346,0.0113636363636364,0.435064935064935,0.0129533678756477,0.646103896103896,0.0162337662337662,0.0113636363636364,0.646103896103896,0.0129533678756477,10,0.015
2025,E01018601,0.443164401469106,829,0.937154926388287,829,0.403768340285427,608,1.01056216432685,0.996736859270113,0.0265379975874548,0.317249698431846,0.0345394736842105,0.53437876960193,0.0579010856453559,0.037394451145959,0.53437876960193,0.0427631578947368,9,0.067
2025,E01018602,0.29886526083086,757,0.783174428925399,757,0.301218718507545,530,0.999106508400546,0.993038728382946,0.0184940554821664,0.256274768824307,0.0245283018867925,0.449141347424042,0.0396301188903567,0.0250990752972259,0.449141347424042,0.0320754716981132,10,0.037
2025,E01018603,0.151991617935968,463,1.34680835383649,463,0.230859646761944,239,1.02233781027035,1.00066757494641,0.00647948164146868,0.524838012958963,0.0125523012552301,0.751619870410367,0.0172786177105832,0.0129589632829374,0.751619870410367,0.0251046025104603,10,0.012
2025,E01018604,0.525145232651062,502,1.21819539465876,502,0.558850264158509,341,1.00164661025086,0.999400880630388,0.0318725099601594,0.408366533864542,0.0469208211143695,0.695219123505976,0.0677290836653386,0.0438247011952191,0.695219123505976,0.0586510263929619,8,0.074
2025,E01018605,0.221077246836895,441,1.39727469881907,441,0.263895168926917,253,1.01886303115105,0.998686479910953,0.0158730158730159,0.519274376417234,0.0237154150197628,0.782312925170068,0.018140589569161,0.018140589569161,0.782312925170068,0.0276679841897233,10,0.019
2025,E01018606,0.794953401564196,718,1.00201868390113,718,0.731752765412303,522,1.00578456582916,0.999108372239398,0.0473537604456825,0.323119777158774,0.0555555555555556,0.572423398328691,0.103064066852368,0.0668523676880223,0.572423398328691,0.078544061302682,7,0.097
2025,E01018607,0.157126221598514,452,1.17960348780331,452,0.216670246474756,257,1.01519846344802,0.997919206032737,0.00884955752212389,0.440265486725664,0.0155642023346304,0.663716814159292,0.0221238938053097,0.0132743362831858,0.663716814159292,0.0233463035019455,10,0.019
2025,E01018608,0.232488695325188,499,1.3034808539621,499,0.328373359085781,277,1.0123786027784,0.997104825841326,0.0100200400801603,0.492985971943888,0.0180505415162455,0.731462925851703,0.0220440881763527,0.0200400801603206,0.731462925851703,0.036101083032491,10,0.016
2025,E01018609,0.498003456427859,673,1.28610475101308,673,0.452752513429603,425,1.02113940409635,1.00419609567098,0.0267459138187221,0.475482912332838,0.0376470588235294,0.719167904903418,0.0683506686478455,0.0416047548291233,0.719167904903418,0.0470588235294118,8,0.076
2025,E01018610,0.875273712084193,779,1.01316015249138,779,0.79803578000818,569,0.9931228031429,1.00014943983926,0.0474967907573813,0.318356867779204,0.0579964850615114,0.580231065468549,0.106546854942234,0.0744544287548139,0.580231065468549,0.086115992970123,6,0.111
2025,E01018611,0.805368678024806,736,0.593543888344953,736,0.670050041812791,600,0.99808924941317,1.00586717137856,0.046195652173913,0.184782608695652,0.0516666666666667,0.338315217391304,0.199728260869565,0.0679347826086957,0.338315217391304,0.0716666666666667,3,0.198
2025,E01018612,0.508256232320386,555,0.702130962235967,555,0.459145575470464,425,0.994282231624693,0.996192454100213,0.0288288288288288,0.227027027027027,0.0352941176470588,0.401801801801802,0.10990990990991,0.0432432432432432,0.401801801801802,0.0494117647058824,6,0.106
2025,E01018613,0.791435003423845,612,0.810401868364204,612,0.718428344981336,456,0.993240152980441,0.999591979106977,0.0457516339869281,0.253267973856209,0.0570175438596491,0.465686274509804,0.125816993464052,0.0669934640522876,0.465686274509804,0.0767543859649123,5,0.142
2025,E01018614,0.239857242514268,699,0.933236452349947,699,0.241108875730596,464,0.993411518688459,0.997887382142097,0.0157367668097282,0.298998569384835,0.0193965517241379,0.536480686695279,0.0343347639484979,0.0200286123032904,0.536480686695279,0.0258620689655172,10,0.024
2025,E01018615,0.326226011537376,577,0.967627698124247,577,0.403235363882276,366,0.977713757361065,0.996577723040747,0.0173310225303293,0.254766031195841,0.0273224043715847,0.566724436741768,0.048526863084922,0.0277296360485269,0.566724436741768,0.0437158469945355,7,0.06
2025,E01018616,0.45889576637611,495,0.936714918498116,495,0.518405767327193,328,1.00076931763492,1.0003200526033,0.0282828282828283,0.305050505050505,0.0426829268292683,0.533333333333333,0.0626262626262626,0.0383838383838384,0.533333333333333,0.0548780487804878,7,0.061
2025,E01018617,0.744585191934958,597,1.08518427281247,597,0.804123995568052,365,1.00098890088418,1.00052612081054,0.0469011725293132,0.35678391959799,0.0657534246575342,0.619765494137353,0.103852596314908,0.0619765494137354,0.619765494137353,0.0849315068493151,6,0.089
2025,E01018618,0.914781792612743,582,0.766504949318168,582,0.925019599516691,400,0.99995588680634,0.999955773324726,0.0515463917525773,0.254295532646048,0.0675,0.436426116838488,0.168384879725086,0.077319587628866,0.436426116838488,0.1,4,0.168
2025,E01018619,0.178365135505012,550,1.01369694359763,550,0.204919814821376,336,0.994770520919058,0.998930151933531,0.0127272727272727,0.332727272727273,0.0208333333333333,0.58,0.0236363636363636,0.0145454545454545,0.58,0.0208333333333333,10,0.033
2025,E01018620,0.826052456763945,531,0.824273932982317,531,0.9031517120399,321,1.0105339740522,1.00093449242544,0.0564971751412429,0.310734463276836,0.0841121495327103,0.461393596986817,0.139359698681733,0.0677966101694915,0.461393596986817,0.0934579439252336,5,0.123
2025,E01018621,0.176701759321838,546,1.01383224513498,546,0.209941763136884,321,1.01165515754697,0.998975932186104,0.010989010989011,0.371794871794872,0.0186915887850467,0.56959706959707,0.0238095238095238,0.0146520146520147,0.56959706959707,0.0218068535825545,10,0.036
2025,E01018622,1.27787643698305,606,0.943898979630846,606,1.09135445625681,473,0.977358743766814,0.995985551346406,0.0693069306930693,0.237623762376238,0.0761099365750529,0.556105610561056,0.173267326732673,0.108910891089109,0.556105610561056,0.118393234672304,4,0.168
2025,E01018623,0.753528422923923,606,1.29637587881426,606,0.852366144861946,378,0.990173593964566,0.997650228975806,0.0478547854785479,0.400990099009901,0.0714285714285714,0.745874587458746,0.0808580858085809,0.0627062706270627,0.745874587458746,0.0899470899470899,7,0.073
2025,E01018624,0.875543418975437,895,1.15087141687923,895,0.786598908496505,636,0.955369825169231,0.99612365034649,0.0424581005586592,0.240223463687151,0.0518867924528302,0.687150837988827,0.125139664804469,0.0759776536312849,0.687150837988827,0.0864779874213837,4,0.133
2025,E01018625,0.720723891712812,621,1.18786648726666,621,0.779725537557284,427,0.969630631373603,0.997545921810416,0.0483091787439614,0.304347826086957,0.0679156908665105,0.695652173913044,0.0885668276972625,0.0595813204508857,0.695652173913044,0.0819672131147541,5,0.09
2025,E01018626,0.972017091247156,1058,0.935528044289391,1058,0.94761122839047,728,0.985104135588697,0.998049147672229,0.0519848771266541,0.267485822306238,0.0673076923076923,0.542533081285444,0.127599243856333,0.0831758034026465,0.542533081285444,0.103021978021978,5,0.132
2025,E01018627,0.952317338154741,824,1.07948597234022,824,0.854093146169856,572,0.962938521424074,0.996472210196223,0.0449029126213592,0.241504854368932,0.0594405594405594,0.640776699029126,0.131067961165049,0.0825242718446602,0.640776699029126,0.0926573426573426,5,0.112
2025,E01018628,0.49349552328858,591,1.32709870706709,591,0.616630549652882,329,1.006372624462,0.998460524289525,0.0321489001692047,0.472081218274112,0.0547112462006079,0.749576988155668,0.050761421319797,0.0406091370558376,0.749576988155668,0.0638297872340426,10,0.045
2025,E01018629,0.876456994110693,747,0.943271641958075,747,0.83232400398445,540,0.992680031273879,1.00103401411012,0.0441767068273092,0.2904953145917,0.0537037037037037,0.539491298527443,0.147255689424364,0.0749665327978581,0.539491298527443,0.0907407407407407,3,0.177
2025,E01018630,0.677769302273756,532,1.31384728814797,532,0.721783562123979,342,0.990185678546064,0.997696180927409,0.0432330827067669,0.406015037593985,0.0614035087719298,0.755639097744361,0.0789473684210526,0.056390977443609,0.755639097744361,0.0760233918128655,6,0.082
2025,E01018631,0.856068019542092,629,0.814572191040362,629,0.765071147350565,492,0.982016076029422,1.00378935928644,0.041335453100159,0.246422893481717,0.0467479674796748,0.46422893481717,0.166931637519873,0.0731319554848967,0.46422893481717,0.0833333333333333,3,0.191
2025,E01018632,0.33285158310521,661,1.20613970302666,661,0.388657219789186,396,1.00563084592313,0.999208000840169,0.0226928895612708,0.431164901664145,0.0353535353535354,0.680786686838124,0.0438729198184569,0.027231467473525,0.680786686838124,0.0404040404040404,10,0.039
2025,E01018633,0.317600029357674,570,1.40703056504819,570,0.439749674503591,282,1.01986133062625,1.00291075645807,0.0210526315789474,0.526315789473684,0.0390070921985816,0.787719298245614,0.0315789473684211,0.0263157894736842,0.787719298245614,0.0460992907801418,10,0.032
2025,E01018634,0.429454258838072,719,1.35976110227244,719,0.45163603524483,377,1.01813441871894,1.0007941085036,0.0250347705146036,0.499304589707928,0.0371352785145889,0.762169680111266,0.0486787204450626,0.0361613351877608,0.762169680111266,0.0477453580901857,9,0.039
2025,E01018635,0.586229161312807,448,1.25332386653106,448,0.625966660001376,302,0.981872407720968,0.998726533069111,0.0357142857142857,0.323660714285714,0.0529801324503311,0.732142857142857,0.0625,0.0491071428571429,0.732142857142857,0.0662251655629139,6,0.075
2025,E01018636,0.328939896041454,507,1.32501636175447,507,0.368805155341602,283,1.00751516042555,0.999904450660388,0.019723865877712,0.467455621301775,0.0318021201413428,0.747534516765286,0.0355029585798817,0.0276134122287968,0.747534516765286,0.03886925795053,8,0.06
2025,E01018637,0.800650564807993,724,0.737523408678851,724,0.698709426999401,520,0.991713394697508,1.00254253622575,0.0455801104972376,0.218232044198895,0.0519230769230769,0.422651933701657,0.201657458563536,0.0676795580110497,0.422651933701657,0.075,3,0.207
2025,E01018638,1.30321404409772,586,1.03777987693368,586,1.37684857159439,364,1.00900703142391,1.00302843200695,0.0767918088737201,0.334470989761092,0.10989010989011,0.592150170648464,0.184300341296928,0.109215017064846,0.592150170648464,0.145604395604396,4,0.173
2025,E01018639,0.816406689177904,673,0.998265632366533,673,0.763637606083813,515,0.967804601616456,0.997327858230568,0.0416047548291233,0.240713224368499,0.0485436893203884,0.588410104011887,0.138187221396731,0.0698365527488856,0.588410104011887,0.083495145631068,4,0.131
2025,E01018640,1.35095653499134,537,0.941734547714436,537,1.22068715640081,430,0.989373684001634,1.00483924918226,0.0782122905027933,0.2756052141527,0.0930232558139535,0.540037243947858,0.221601489757914,0.113594040968343,0.540037243947858,0.130232558139535,1,0.246
2025,E01018641,0.0435299836483982,567,0.959167516188917,567,0.0310121782789725,312,1.01429324640299,0.999559309281445,0.00352733686067019,0.365079365079365,0.00320512820512821,0.532627865961199,0.0211640211640212,0.00352733686067019,0.532627865961199,0.00320512820512821,10,0.019
2025,E01018642,0.15670077500339,476,1.3430755594713,476,0.178777872485683,273,1.00375668182881,0.998556510546421,0.0126050420168067,0.451680672268908,0.0183150183150183,0.762605042016807,0.0189075630252101,0.0126050420168067,0.762605042016807,0.0183150183150183,10,0.016
2025,E01018643,0.0957180137514975,742,0.742459394691628,742,0.0822578422046654,459,1.00675155509714,0.994622174075004,0.00539083557951483,0.287061994609164,0.0065359477124183,0.41644204851752,0.0256064690026954,0.00808625336927224,0.41644204851752,0.00871459694989107,10,0.03
2025,E01018644,0.205141048115503,566,1.25578641289628,566,0.137579379743903,337,1.00298448360996,0.99858498164329,0.0088339222614841,0.424028268551237,0.00890207715133531,0.713780918727915,0.019434628975265,0.0176678445229682,0.713780918727915,0.0148367952522255,10,0.03
2025,E01018645,1.60750090202526,779,0.841053164202432,779,1.37018094556603,641,0.998102041065806,1.00372795796796,0.0885750962772786,0.245186136071887,0.102964118564743,0.485237483953787,0.255455712451861,0.13607188703466,0.485237483953787,0.146645865834633,2,0.25
2025,E01018646,1.01744287030723,675,1.05035834684825,675,1.00168898942865,473,1.00221300518812,1.00368643478525,0.0637037037037037,0.348148148148148,0.0824524312896406,0.595555555555556,0.164444444444444,0.0844444444444445,0.595555555555556,0.105708245243129,3,0.165
2025,E01018647,1.05382840041525,630,1.07368404798745,630,1.08263627943537,408,1.01382345396915,1.0049037884831,0.0603174603174603,0.36031746031746,0.0857843137254902,0.604761904761905,0.136507936507937,0.0888888888888889,0.604761904761905,0.115196078431373,4,0.143
2025,E01018648,0.445898448617879,735,1.27170567061692,735,0.450670866984721,468,1.00696462187627,0.997962257013464,0.0285714285714286,0.438095238095238,0.0384615384615385,0.719727891156463,0.0625850340136055,0.036734693877551,0.719727891156463,0.047008547008547,5,0.057
2025,E01018649,0.259301158285858,512,1.58187637055556,512,0.257553477975752,253,1.03202132029901,1.00215814588966,0.017578125,0.642578125,0.0197628458498024,0.873046875,0.02734375,0.021484375,0.873046875,0.0276679841897233,8,0.034
2025,E01018650,0.27483074981974,678,1.10227239897495,678,0.282608265170831,447,1.00989499735817,1.00198947833669,0.0191740412979351,0.392330383480826,0.0246085011185682,0.619469026548673,0.0427728613569322,0.0221238938053097,0.619469026548673,0.029082774049217,10,0.04
2025,E01018651,0.304876322610355,512,0.952582945512671,512,0.257902305873964,362,0.997365327907367,0.997406390464954,0.01953125,0.326171875,0.0193370165745856,0.541015625,0.064453125,0.025390625,0.541015625,0.0276243093922652,6,0.06
2025,E01018652,0.09402476468054,525,1.31641015575261,525,0.0945517878472908,307,1.00491024848715,0.991661209009034,0.00761904761904762,0.468571428571429,0.00977198697068404,0.746666666666667,0.0171428571428571,0.00761904761904762,0.746666666666667,0.00977198697068404,10,0.012
2025,E01018653,0.208189002057761,828,1.30544662532948,828,0.232071755424687,499,1.01357635790662,0.994826683288287,0.0157004830917874,0.495169082125604,0.0220440881763527,0.734299516908213,0.0253623188405797,0.0169082125603865,0.734299516908213,0.0240480961923848,10,0.031
2025,E01018654,0.497100339560224,855,1.30603539532799,855,0.54208781850878,531,1.01214701615166,0.998058466609847,0.0339181286549708,0.471345029239766,0.0489642184557439,0.735672514619883,0.0619883040935673,0.0409356725146199,0.735672514619883,0.0564971751412429,6,0.064
2025,E01018655,0.644195471612296,643,1.19015598915683,643,0.704625345604363,393,1.02187100110855,0.997388765369935,0.0435458786936236,0.461897356143079,0.0610687022900763,0.665629860031104,0.0653188180404355,0.0528771384136859,0.665629860031104,0.0737913486005089,9,0.07
2025,E01018656,0.45896385738505,639,1.13756126347017,639,0.484527634301178,384,1.02938377563904,0.999294459643927,0.0250391236306729,0.466353677621283,0.0364583333333333,0.629107981220657,0.0563380281690141,0.0391236306729265,0.629107981220657,0.0520833333333333,10,0.045
2025,E01018657,1.44467397022968,484,1.05959943546596,484,1.42828054133375,344,1.014815262797,1.00484079461372,0.0867768595041322,0.37396694214876,0.113372093023256,0.59504132231405,0.190082644628099,0.119834710743802,0.59504132231405,0.151162790697674,4,0.191
2025,E01018658,0.250275983160332,440,1.25766888747267,440,0.371052804063045,206,1.01625803852622,1.00035055114545,0.0181818181818182,0.475,0.0339805825242718,0.704545454545455,0.0295454545454545,0.0204545454545455,0.704545454545455,0.0388349514563107,10,0.02
2025,E01018659,0.153310995403867,461,1.26009819270427,461,0.239887460862598,231,1.02868326854129,0.997196851610579,0.0086767895878525,0.51409978308026,0.0173160173160173,0.700650759219089,0.017353579175705,0.0130151843817787,0.700650759219089,0.025974025974026,10,0.018
2025,E01018660,0.468296609352947,373,1.29390732017703,373,0.609470675420902,182,1.01502775514725,0.997887875051888,0.0241286863270777,0.482573726541555,0.043956043956044,0.726541554959786,0.0563002680965148,0.0402144772117962,0.726541554959786,0.0659340659340659,9,0.062
2025,E01018661,0.235050966426954,475,1.38232672245143,475,0.350734563300592,222,1.01722081074308,1.00021763362904,0.0189473684210526,0.547368421052632,0.036036036036036,0.768421052631579,0.0336842105263158,0.0189473684210526,0.768421052631579,0.036036036036036,8,0.046
2025,E01018662,0.0934905330630369,506,0.948786321555154,506,0.0602853559067876,321,1.01441623766962,0.999077386762021,0.00592885375494071,0.3300395256917,0.00623052959501558,0.535573122529644,0.0138339920948617,0.00790513833992095,0.535573122529644,0.00623052959501558,10,0.02
2025,E01018663,0.209224326230253,584,1.38864991990907,584,0.266855326093287,359,1.02040884749704,0.998613872261388,0.0154109589041096,0.549657534246575,0.0250696378830084,0.773972602739726,0.0256849315068493,0.0171232876712329,0.773972602739726,0.0278551532033426,10,0.031
2025,E01018664,0.158732683238826,527,1.34960064053575,527,0.192465101473355,256,1.02222025804958,0.998150558582673,0.0094876660341556,0.523719165085389,0.01953125,0.755218216318786,0.0246679316888046,0.0132827324478178,0.755218216318786,0.01953125,9,0.028
2025,E01018665,0.793130737776157,429,1.23527286783843,429,0.843322591902928,254,1.01579023633175,1.00148535674835,0.0512820512820513,0.428904428904429,0.078740157480315,0.699300699300699,0.0792540792540793,0.0652680652680653,0.699300699300699,0.0866141732283465,8,0.08
2025,E01018666,0.0564363583734187,656,1.06911348169705,656,0.0748128836832943,388,1.01207906322618,0.993513691772315,0.00457317073170732,0.390243902439024,0.0077319587628866,0.603658536585366,0.0121951219512195,0.00457317073170732,0.603658536585366,0.0077319587628866,10,0.012
2025,E01018667,0.218248380193438,646,1.12107142755104,646,0.215290895122408,430,1.01325071475535,0.995284064312562,0.0123839009287926,0.411764705882353,0.0162790697674419,0.631578947368421,0.0294117647058824,0.0185758513931889,0.631578947368421,0.0232558139534884,10,0.037
2025,E01018668,0.182893449755949,572,1.33654150249237,572,0.257936236716981,318,1.02359459738611,0.999434608713449,0.00874125874125874,0.505244755244755,0.0157232704402516,0.744755244755245,0.0314685314685315,0.0157342657342657,0.744755244755245,0.0283018867924528,8,0.038
2025,E01018669,0.341459177075785,873,1.32404039188791,873,0.474655116600563,475,1.00833490248132,0.996738216521695,0.0206185567010309,0.462772050400916,0.0378947368421053,0.75028636884307,0.0320733104238259,0.0286368843069874,0.75028636884307,0.0505263157894737,9,0.03
2025,E01018670,0.394313631023603,937,1.1590163028796,937,0.391032331683311,514,1.01522782331262,0.99905043315955,0.0192102454642476,0.422625400213447,0.0252918287937743,0.653148345784418,0.0576307363927428,0.0341515474919957,0.653148345784418,0.0428015564202335,7,0.06
2025,E01018671,0.262156751093453,472,1.45872309982526,472,0.431187165535273,225,1.01901170453844,0.999857162872373,0.0190677966101695,0.559322033898305,0.04,0.815677966101695,0.0211864406779661,0.0211864406779661,0.815677966101695,0.0444444444444444,10,0.026
2025,E01018672,0.655060174816242,661,0.88385693134166,661,0.614539579822559,440,1.01284789705874,1.00420593183007,0.0408472012102874,0.314674735249622,0.0568181818181818,0.496217851739788,0.164901664145235,0.0544629349470499,0.496217851739788,0.0636363636363636,3,0.164
2025,E01018673,0.394442203140157,514,1.26135389769862,514,0.464970463874654,271,1.00946312787384,1.0004236524192,0.0214007782101167,0.441634241245136,0.040590405904059,0.712062256809339,0.0486381322957199,0.0330739299610895,0.712062256809339,0.0479704797047971,8,0.059
2025,E01018674,0.831271034430213,590,1.35065408692773,590,0.736355288595934,361,0.990531608338982,1.0014907251888,0.0508474576271187,0.401694915254237,0.0609418282548477,0.777966101694915,0.0813559322033898,0.0694915254237288,0.777966101694915,0.0775623268698061,6,0.093
2025,E01018675,0.442884218774552,779,1.4568249563598,779,0.415974376514472,428,1.0083461940587,0.997856729533581,0.0269576379974326,0.518613607188703,0.0327102803738318,0.82413350449294,0.0500641848523748,0.0372272143774069,0.82413350449294,0.044392523364486,10,0.042
2025,E01018676,0.240893444546325,687,0.929903050400558,687,0.297605208815703,436,1.01692444673347,0.998970055681594,0.0131004366812227,0.349344978165939,0.0206422018348624,0.519650655021834,0.0363901018922853,0.0203784570596798,0.519650655021834,0.0321100917431193,10,0.047
2025,E01018677,0.281496117326533,720,0.937338764682054,720,0.316109368816802,418,1.01918469258082,0.997557108626611,0.0166666666666667,0.379166666666667,0.0263157894736842,0.520833333333333,0.0513888888888889,0.0236111111111111,0.520833333333333,0.0334928229665072,8,0.039
2025,E01018678,0.208853190529911,468,1.34351436140481,468,0.217446284614219,270,1.02754736225128,1.00075601722273,0.014957264957265,0.517094017094017,0.0222222222222222,0.747863247863248,0.0213675213675214,0.0170940170940171,0.747863247863248,0.0222222222222222,10,0.027
2025,E01018679,0.550158694340014,786,0.751370569292792,786,0.571546780127174,522,1.00191104492276,1.00054178589507,0.0292620865139949,0.251908396946565,0.0440613026819923,0.427480916030534,0.11323155216285,0.0470737913486005,0.427480916030534,0.0613026819923372,6,0.119
2025,E01018680,0.245067021137412,618,1.17723441553501,618,0.216501532962441,352,1.00885048900796,0.998056048109007,0.0129449838187702,0.406148867313916,0.0198863636363636,0.668284789644013,0.040453074433657,0.0210355987055016,0.668284789644013,0.0227272727272727,9,0.044
2025,E01018681,0.411685841269725,626,1.10570328647867,626,0.481047480375863,353,1.00726236393198,0.999772437609743,0.0223642172523962,0.372204472843451,0.0396600566572238,0.629392971246006,0.0702875399361022,0.0351437699680511,0.629392971246006,0.0509915014164306,8,0.075
2025,E01018682,0.819340487771276,533,0.892758304672511,533,0.719628228750783,364,1.0116910563806,1.0043948496837,0.0450281425891182,0.311444652908068,0.054945054945055,0.50281425891182,0.155722326454034,0.0694183864915572,0.50281425891182,0.0769230769230769,6,0.145
2025,E01018683,0.223472190211613,649,1.21608036838025,649,0.246135158621133,389,1.01021398591055,0.999225275960172,0.0154083204930663,0.439137134052388,0.0231362467866324,0.685670261941448,0.0277349768875193,0.0184899845916795,0.685670261941448,0.025706940874036,10,0.026
2025,E01018684,0.247216695458951,885,1.18967104124327,885,0.345621153790154,445,1.00922694350748,0.997579132377114,0.0124293785310734,0.427118644067797,0.0224719101123596,0.671186440677966,0.0305084745762712,0.0214689265536723,0.671186440677966,0.0382022471910112,9,0.034
2025,E01018685,0.986435491771204,571,0.709130616308821,571,0.851761935559868,403,1.00123172004203,1.00499128306936,0.0525394045534151,0.220665499124343,0.0645161290322581,0.40630472854641,0.217162872154116,0.0840630472854641,0.40630472854641,0.0918114143920596,2,0.241
2025,E01018686,0.260771730695834,517,1.0902487857708,517,0.312424964144783,306,0.988386445677704,0.999176472597291,0.0193423597678917,0.328820116054159,0.0294117647058824,0.626692456479691,0.0502901353965184,0.0212765957446809,0.626692456479691,0.0326797385620915,8,0.064
2025,E01018687,0.342158869315709,522,1.49405400475029,522,0.486635727703228,248,1.02207714414237,0.99855008426422,0.0210727969348659,0.586206896551724,0.0362903225806452,0.835249042145594,0.0344827586206897,0.028735632183908,0.835249042145594,0.0524193548387097,10,0.033
2025,E01018688,0.226936878655454,648,1.0425971600437,648,0.315024474909939,366,1.00487208999081,0.99992222989032,0.0154320987654321,0.354938271604938,0.0273224043715847,0.591049382716049,0.0385802469135802,0.0185185185185185,0.591049382716049,0.0327868852459016,9,0.04
2025,E01018689,0.874657573971149,547,1.14526154107094,547,0.963567035376095,330,1.01022831876638,1.00101707491152,0.0530164533820841,0.398537477148081,0.0757575757575758,0.647166361974406,0.106032906764168,0.0731261425959781,0.647166361974406,0.103030303030303,5,0.102
2025,E01018690,0.290758005902015,805,1.32748656199461,805,0.34868519729753,414,1.00822167081687,0.996974100171158,0.0211180124223602,0.48944099378882,0.0314009661835749,0.746583850931677,0.031055900621118,0.0236024844720497,0.746583850931677,0.036231884057971,10,0.03
2025,E01018691,0.284856413694117,656,1.08731337801792,656,0.239763593367753,427,1.00413173060308,0.998797009264045,0.0152439024390244,0.393292682926829,0.0187353629976581,0.614329268292683,0.0472560975609756,0.024390243902439,0.614329268292683,0.0257611241217799,8,0.054
2025,E01018692,0.125509308658223,693,1.29663606204868,693,0.199986229178485,341,0.999533323917813,0.996596176674781,0.0101010101010101,0.437229437229437,0.0205278592375367,0.738816738816739,0.0187590187590188,0.0101010101010101,0.738816738816739,0.0205278592375367,9,0.023
2025,E01018693,0.117189022383598,812,0.786008241972188,812,0.127726151946571,521,0.999343120396058,0.995841586938728,0.00738916256157635,0.257389162561576,0.0115163147792706,0.449507389162562,0.020935960591133,0.00985221674876847,0.449507389162562,0.0134357005758157,10,0.016
2025,E01018694,0.0977059080700591,981,0.595264223714334,981,0.11317931264953,664,1.01250312737962,0.99874932755959,0.00611620795107034,0.215086646279307,0.00903614457831325,0.335372069317023,0.0265035677879715,0.00815494393476045,0.335372069317023,0.0120481927710843,10,0.021
2025,E01018695,0.224819265319258,803,0.771980446194647,803,0.200467131501356,566,0.999244899654382,0.99977096956527,0.0136986301369863,0.25280199252802,0.0159010600706714,0.439601494396015,0.0485678704856787,0.0186799501867995,0.439601494396015,0.0212014134275618,10,0.045
2025,E01018696,0.401251279032077,579,1.21445034884674,579,0.555646854480327,310,1.01117890477694,0.997992433173861,0.0293609671848014,0.447322970639033,0.0516129032258065,0.683937823834197,0.0535405872193437,0.0328151986183074,0.683937823834197,0.0580645161290323,9,0.046
2025,E01018697,0.641918018255292,702,0.957788841922875,702,0.757898024066541,412,0.999669142585926,1.00017039910213,0.037037037037037,0.316239316239316,0.0631067961165049,0.545584045584046,0.106837606837607,0.0541310541310541,0.545584045584046,0.0800970873786408,8,0.083
2025,E01018698,0.385024736621256,777,1.26222874413725,777,0.481803556030127,408,1.02044960908043,0.999461797148208,0.0244530244530245,0.485199485199485,0.0392156862745098,0.702702702702703,0.0437580437580438,0.0321750321750322,0.702702702702703,0.0514705882352941,10,0.051
2025,E01018699,0.486890815686328,574,1.12838264434055,574,0.47854951653987,332,1.00206811193307,1.00405141774018,0.0261324041811847,0.362369337979094,0.0391566265060241,0.642857142857143,0.0714285714285714,0.0418118466898955,0.642857142857143,0.0512048192771084,8,0.069
2025,E01018700,0.112389919208985,652,0.955271403761577,652,0.111940513254674,423,0.9849722988021,0.995281813398753,0.00766871165644172,0.294478527607362,0.00945626477541371,0.550613496932515,0.0153374233128834,0.00920245398773006,0.550613496932515,0.0118203309692671,10,0.023
2025,E01018701,1.25924687504747,567,0.964154472146625,567,1.3053890579867,343,1.01272818394601,1.00283279307581,0.0740740740740741,0.343915343915344,0.0991253644314869,0.54320987654321,0.220458553791887,0.105820105820106,0.54320987654321,0.139941690962099,2,0.213
2025,E01018702,0.161353038398418,515,0.787561574328552,515,0.186682775311898,349,0.983546673938701,0.998434332125313,0.00970873786407767,0.238834951456311,0.0143266475644699,0.454368932038835,0.0330097087378641,0.0135922330097087,0.454368932038835,0.0200573065902579,10,0.039
2025,E01018703,0.14227384154855,863,0.752194087092176,863,0.150721964609679,573,0.993128728205841,0.998489420206674,0.0104287369640788,0.234067207415991,0.0139616055846422,0.433371958285052,0.0417149478563152,0.0115874855156431,0.433371958285052,0.0157068062827225,8,0.05
2025,E01018704,0.693417200122092,580,0.871659729671461,580,0.750310076321604,302,1.00747330901567,1.00093911484723,0.0379310344827586,0.298275862068966,0.0596026490066225,0.493103448275862,0.110344827586207,0.0586206896551724,0.493103448275862,0.0794701986754967,6,0.115
2025,E01018705,0.397370880761944,542,1.30613647927325,542,0.500172463635346,281,1.01321642340273,0.997474475913018,0.0239852398523985,0.490774907749078,0.0391459074733096,0.732472324723247,0.040590405904059,0.033210332103321,0.732472324723247,0.0533807829181495,10,0.043
2025,E01018706,0.552365972313566,679,0.720857212871657,679,0.457421423008611,471,1.00273562161778,1.00261424899688,0.0294550810014728,0.220913107511046,0.0360934182590234,0.413843888070692,0.120765832106038,0.0471281296023564,0.413843888070692,0.0488322717622081,5,0.122
2025,E01018707,0.515784542686037,702,1.32937997288643,702,0.667108437764482,360,1.01831956309501,0.998113707395979,0.0327635327635328,0.502849002849003,0.0583333333333333,0.743589743589744,0.0612535612535613,0.0427350427350427,0.743589743589744,0.0694444444444445,8,0.057
2025,E01018708,0.453561617594847,788,1.4063118673289,788,0.570997486532321,411,1.01269021928742,0.997443919938949,0.0279187817258883,0.525380710659898,0.0462287104622871,0.789340101522843,0.0444162436548223,0.0380710659898477,0.789340101522843,0.0608272506082725,7,0.046
2025,E01018709,1.21713720875855,576,1.41732910317117,576,1.27308427651368,355,0.984244059894106,0.999216825627866,0.0607638888888889,0.388888888888889,0.0845070422535211,0.824652777777778,0.125,0.104166666666667,0.824652777777778,0.138028169014085,4,0.111
2025,E01018710,1.47688012455015,524,1.02898245343359,524,1.54370631781995,333,1.00293603580598,1.00684347142373,0.083969465648855,0.33206106870229,0.114114114114114,0.583969465648855,0.225190839694656,0.124045801526718,0.583969465648855,0.165165165165165,3,0.22
2025,E01018711,0.651158198764468,613,1.305826531747,613,0.714039926119752,377,0.990723048642627,0.998271231881496,0.0407830342577488,0.417618270799348,0.0610079575596817,0.747145187601958,0.065252854812398,0.0538336052202284,0.747145187601958,0.0742705570291777,7,0.067
2025,E01018712,0.782911019415285,656,0.949037666422591,656,0.895117696089825,413,0.984517246249203,1.00085255615792,0.0457317073170732,0.288109756097561,0.0726392251815981,0.547256097560976,0.117378048780488,0.0655487804878049,0.547256097560976,0.0944309927360775,4,0.113
2025,E01018713,0.203943055707246,2094,0.435894031838666,2094,0.191045381292143,1702,0.989964108020436,0.997794360323064,0.0143266475644699,0.130850047755492,0.0170387779083431,0.251193887297039,0.0730659025787966,0.0167144221585482,0.251193887297039,0.0199764982373678,7,0.077
2025,E01018714,1.27177893765246,852,0.789005362798885,852,1.12509822179668,626,0.981221021821181,1.00031251391485,0.0704225352112676,0.211267605633803,0.0830670926517572,0.461267605633803,0.213615023474178,0.107981220657277,0.461267605633803,0.121405750798722,2,0.223
2025,E01018715,1.31506226391525,668,1.17018185291147,668,1.40609164724147,440,0.979472110481044,0.999488353426389,0.0688622754491018,0.311377245508982,0.0977272727272727,0.682634730538922,0.172155688622754,0.112275449101796,0.682634730538922,0.152272727272727,3,0.166
2025,E01018716,2.02143806152037,586,1.11781265294176,586,1.93784123101212,398,1.01803207777302,1.0096532918235,0.102389078498294,0.372013651877133,0.138190954773869,0.627986348122867,0.257679180887372,0.172354948805461,0.627986348122867,0.208542713567839,2,0.241
2025,E01018717,1.14434420817628,677,1.40957001361354,677,1.31454922490144,402,0.985659232428918,0.99914236589171,0.06794682422452,0.409158050221566,0.106965174129353,0.815361890694239,0.110782865583456,0.0960118168389956,0.815361890694239,0.139303482587065,5,0.113
2025,E01018718,0.452198179100724,684,1.00843795776394,684,0.485721572475299,401,1.00206138988862,0.999581671187217,0.0263157894736842,0.340643274853801,0.0349127182044888,0.571637426900585,0.0672514619883041,0.0380116959064327,0.571637426900585,0.0523690773067332,8,0.064
2025,E01018719,1.04795929844766,618,1.25038443361207,618,1.21091497323625,339,0.999039331559814,1.00343870155961,0.0566343042071198,0.389967637540453,0.0914454277286136,0.713592233009709,0.121359223300971,0.0889967637540453,0.713592233009709,0.129793510324484,5,0.13
2025,E01018720,0.817745283352059,747,0.919639845600472,747,0.822784988474853,514,1.00745128410678,1.00274393177338,0.0495314591700134,0.306559571619813,0.0642023346303502,0.520749665327979,0.133868808567604,0.0682730923694779,0.520749665327979,0.0875486381322957,4,0.143
2025,E01018721,0.532691128984186,871,1.49250078282999,871,0.608642929694416,403,1.01829580429909,1.00108849264863,0.0321469575200919,0.559127439724455,0.0496277915632754,0.835820895522388,0.0505166475315729,0.0447761194029851,0.835820895522388,0.0645161290322581,8,0.05
2025,E01018722,0.390963572120534,906,1.20305856668305,906,0.430681598767749,481,1.00644851135854,0.998690365170642,0.0209713024282561,0.41280353200883,0.0332640332640333,0.682119205298013,0.0640176600441501,0.033112582781457,0.682119205298013,0.0457380457380458,6,0.053
2025,E01018723,0.208587470778874,587,0.782288935348462,587,0.230769435352588,416,1.00376215703998,0.999243834620657,0.0153321976149915,0.262350936967632,0.0216346153846154,0.444633730834753,0.0528109028960818,0.0170357751277683,0.444633730834753,0.0240384615384615,9,0.068
2025,E01018724,0.115682961366601,704,0.858146028927356,704,0.124292799958223,446,1.0176778552287,0.99664380854898,0.00568181818181818,0.339488636363636,0.00896860986547085,0.478693181818182,0.0340909090909091,0.00994318181818182,0.478693181818182,0.0134529147982063,10,0.039
2025,E01018725,0.279127838059034,517,1.38807602682099,517,0.295388056298985,284,1.01362172751759,1.00019396350902,0.0174081237911025,0.485493230174081,0.0211267605633803,0.781431334622824,0.0367504835589942,0.02321083172147,0.781431334622824,0.0316901408450704,7,0.042
2025,E01018726,0.921699542482282,569,1.20115849299234,569,1.05847550546196,321,1.01129276913439,1.00465712118412,0.054481546572935,0.391915641476274,0.0872274143302181,0.681898066783831,0.119507908611599,0.0773286467486819,0.681898066783831,0.11214953271028,4,0.13
2025,E01018727,0.535113883097504,674,1.32782863746051,674,0.58693412558436,390,1.01778742862594,0.999827947503141,0.0341246290801187,0.50593471810089,0.0512820512820513,0.740356083086053,0.0534124629080119,0.0445103857566766,0.740356083086053,0.0615384615384615,8,0.056
2025,E01018728,0.854286358260095,576,1.27276566554428,576,1.02828758950695,316,1.01237772453779,1.00142254631765,0.0520833333333333,0.451388888888889,0.0886075949367089,0.715277777777778,0.102430555555556,0.0711805555555556,0.715277777777778,0.107594936708861,5,0.114
2025,E01018729,1.33662687509314,683,0.99508447676026,683,1.18104367227514,476,1.0009613770187,1.00319974408625,0.061493411420205,0.316251830161054,0.0714285714285714,0.566617862371889,0.196193265007321,0.115666178623719,0.566617862371889,0.130252100840336,3,0.187
2025,E01018730,1.42010203041702,605,0.998914043006886,605,1.38397062895348,356,1.00597096557427,1.00390219431131,0.0743801652892562,0.335537190082645,0.109550561797753,0.566942148760331,0.208264462809917,0.120661157024793,0.566942148760331,0.146067415730337,2,0.193
2025,E01018731,0.532872175958761,795,0.669735046991134,795,0.523882881553901,532,0.987919456319139,1.00196446838658,0.0289308176100629,0.176100628930818,0.037593984962406,0.389937106918239,0.124528301886792,0.0452830188679245,0.389937106918239,0.056390977443609,3,0.139
2025,E01018732,1.24824688433012,496,1.32179476649967,496,1.29306043065255,283,0.993261476654948,1.00786458538654,0.0625,0.379032258064516,0.0989399293286219,0.76008064516129,0.145161290322581,0.106854838709677,0.76008064516129,0.137809187279152,3,0.141
2025,E01018733,0.897874974531275,576,1.29733739736514,576,1.13722124447532,276,1.00997584186472,1.00253281974772,0.0555555555555556,0.453125,0.0942028985507246,0.732638888888889,0.107638888888889,0.0746527777777778,0.732638888888889,0.119565217391304,4,0.111
2025,E01018734,1.26133810165534,477,1.22438711116789,477,1.4662016130703,255,1.00946020214954,1.0087391320859,0.079664570230608,0.415094339622642,0.129411764705882,0.689727463312369,0.176100628930818,0.10482180293501,0.689727463312369,0.152941176470588,3,0.167
2025,E01018735,0.611036131048798,564,0.959370068843838,564,0.614281719625827,340,0.991626014340836,1.00096208030568,0.0354609929078014,0.280141843971631,0.0529411764705882,0.553191489361702,0.0904255319148936,0.0514184397163121,0.553191489361702,0.0647058823529412,6,0.083
2025,E01018736,0.439874042563535,611,0.954455673966757,611,0.369764082383664,402,0.993963791315438,1.004394289073,0.0229132569558101,0.288052373158756,0.027363184079602,0.546644844517185,0.0752864157119476,0.0376432078559738,0.546644844517185,0.0398009950248756,7,0.072
2025,E01018737,0.158813859655246,922,0.522484048539377,922,0.150626966866817,640,0.991802743286706,0.997161859086453,0.0108459869848156,0.17353579175705,0.0140625,0.29826464208243,0.0650759219088937,0.0130151843817787,0.29826464208243,0.015625,9,0.058
2025,E01018738,1.34773271922714,616,0.451273937348142,616,1.21345158852458,491,1.01863677462979,1.00791636310245,0.0795454545454545,0.141233766233766,0.0936863543788187,0.256493506493507,0.387987012987013,0.112012987012987,0.256493506493507,0.128309572301426,1,0.41
2025,E01018739,0.768661500674534,745,0.449483299872667,745,0.642346763021696,615,0.992466479198362,1.00136588049021,0.0442953020134228,0.126174496644295,0.0487804878048781,0.260402684563758,0.277852348993289,0.0644295302013423,0.260402684563758,0.0682926829268293,2,0.281
2025,E01018740,1.76513304822575,560,0.803529628480895,560,1.5361483413459,331,1.00770628313267,1.00790008848784,0.0910714285714286,0.269642857142857,0.117824773413897,0.451785714285714,0.317857142857143,0.15,0.451785714285714,0.163141993957704,1,0.322
2025,E01018741,0.728318207819893,449,1.15947687618877,449,0.853502500055926,250,1.01098758237409,1.00166690179108,0.0378619153674833,0.409799554565702,0.064,0.652561247216036,0.0957683741648107,0.0623608017817372,0.652561247216036,0.092,5,0.095
2025,E01018742,0.202218049439366,849,0.60041962794951,849,0.195965595358715,547,1.01157028910175,1.00235238128395,0.0141342756183746,0.212014134275618,0.0182815356489945,0.338044758539458,0.0730270906949352,0.016489988221437,0.338044758539458,0.020109689213894,7,0.067
2025,E01018743,0.555165353593981,530,1.24502806751159,530,0.699349284064686,257,1.00870907117653,1.00161400293861,0.030188679245283,0.437735849056604,0.0583657587548638,0.70188679245283,0.069811320754717,0.0471698113207547,0.70188679245283,0.0739299610894942,6,0.072
2025,E01018744,1.02961085431813,616,1.04254635168431,616,0.844028551517857,419,0.998359063904767,1.00343696179847,0.051948051948052,0.327922077922078,0.0572792362768496,0.595779220779221,0.157467532467533,0.0876623376623377,0.595779220779221,0.0906921241050119,4,0.175
2025,E01018745,1.50808358756085,663,0.739762465518983,663,1.34492405486698,430,0.993054264060905,1.00799337658372,0.0708898944193062,0.221719457013575,0.086046511627907,0.423831070889894,0.280542986425339,0.129713423831071,0.423831070889894,0.146511627906977,1,0.261
2025,E01018746,0.818647068256908,797,0.744336403557535,797,0.828367942318399,495,0.997584756607764,1.00523224448837,0.0464240903387704,0.238393977415307,0.0606060606060606,0.421580928481807,0.17189460476788,0.06900878293601,0.421580928481807,0.0888888888888889,3,0.183
2025,E01018747,1.05169842024791,632,1.23194184222394,632,1.10359757651433,391,0.9918482582782,1.00111245661229,0.060126582278481,0.360759493670886,0.0869565217391304,0.710443037974684,0.128164556962025,0.0886075949367089,0.710443037974684,0.117647058823529,3,0.122
2025,E01018748,1.05404219362184,487,0.517158657307906,487,0.856252911733704,313,1.00044451983013,1.00632592374455,0.0574948665297741,0.164271047227926,0.0702875399361022,0.293634496919918,0.334702258726899,0.0882956878850103,0.293634496919918,0.0894568690095847,1,0.328
2025,E01018749,0.398440332412101,961,0.554698820740933,961,0.377826029095833,682,0.988207454133162,1.00248921843339,0.0239334027055151,0.162330905306972,0.032258064516129,0.317377731529657,0.119667013527575,0.0332986472424558,0.317377731529657,0.0395894428152493,6,0.116
2025,E01032505,1.65340201860142,499,1.1277782169114,499,1.84121280995064,281,1.00835107754004,1.00328538686836,0.0801603206412826,0.35871743486974,0.128113879003559,0.637274549098196,0.238476953907816,0.142284569138277,0.637274549098196,0.199288256227758,2,0.226
2025,E01032506,1.95760292059458,591,1.16617279252214,591,1.87844846134934,395,0.985279787554944,1.00036873129621,0.0998307952622674,0.32994923857868,0.134177215189873,0.671742808798646,0.252115059221658,0.16751269035533,0.671742808798646,0.20253164556962,2,0.232
2025,E01032507,1.17219816742084,578,1.37514551870461,578,1.12140499237988,392,0.970382626397622,0.99713024606783,0.069204152249135,0.342560553633218,0.086734693877551,0.806228373702422,0.121107266435986,0.0986159169550173,0.806228373702422,0.119897959183673,4,0.139
2025,E01032508,2.23381086352601,716,0.982066857248443,716,2.17586046878711,489,0.986870128493377,1.00110073343735,0.107541899441341,0.291899441340782,0.14519427402863,0.564245810055866,0.332402234636872,0.192737430167598,0.564245810055866,0.237218813905931,1,0.318
2025,E01032509,3.12079239961228,606,1.24331048215219,606,2.81733759584205,457,1.00124882255323,1.00139886832509,0.176567656765677,0.392739273927393,0.214442013129103,0.711221122112211,0.34983498349835,0.264026402640264,0.711221122112211,0.301969365426696,1,0.345
2025,E01032510,0.830100991154828,810,0.752071109041807,810,0.769946516385259,592,0.999743879054646,1.00112934510519,0.045679012345679,0.235802469135802,0.0557432432432433,0.42962962962963,0.219753086419753,0.0703703703703704,0.42962962962963,0.0827702702702703,2,0.227
2025,E01032511,1.62497104663646,534,0.988233214494367,534,1.65557509154461,279,1.01599597175187,1.00241101477789,0.0842696629213483,0.353932584269663,0.114695340501792,0.552434456928839,0.264044943820225,0.138576779026217,0.552434456928839,0.17921146953405,2,0.238
2025,E01032903,2.41322612550909,1063,0.972740693204296,1063,2.09460555259146,805,1.00096374582616,1.00401876329618,0.126058325493885,0.307619943555974,0.144099378881988,0.555032925682032,0.393226716839135,0.205079962370649,0.555032925682032,0.226086956521739,1,0.353
2025,E01032904,0.286454349551424,622,0.766412440029862,622,0.31291836809629,301,0.99771310954567,1.00017998973359,0.0176848874598071,0.254019292604502,0.026578073089701,0.435691318327974,0.0594855305466238,0.0241157556270096,0.435691318327974,0.0332225913621263,8,0.05
2025,E01032905,0.106418817237009,994,0.178215708984537,994,0.102013950330419,813,1.00063552055728,1.00167871678182,0.00603621730382294,0.0533199195171026,0.00738007380073801,0.10261569416499,0.113682092555332,0.00905432595573441,0.10261569416499,0.011070110701107,5,0.108
2025,E01032930,0.247693295532267,956,0.291601382560034,956,0.218789404730718,774,0.964897501069999,0.997245505357709,0.0094142259414226,0.0596234309623431,0.0116279069767442,0.174686192468619,0.142259414225941,0.0219665271966527,0.174686192468619,0.0245478036175711,4,0.133
2025,E01032931,0.80700201237241,533,0.832719412359631,533,0.708742366873733,393,0.961447698141757,0.992561457139791,0.050656660412758,0.195121951219512,0.0534351145038168,0.49155722326454,0.114446529080675,0.0675422138836773,0.49155722326454,0.0763358778625954,4,0.11
2025,E01033094,2.30595350797776,511,1.11250710782426,511,2.08395122346096,364,0.968363400059033,0.997244346221983,0.0587084148727984,0.250489236790607,0.0796703296703297,0.657534246575342,0.318982387475538,0.209393346379648,0.657534246575342,0.239010989010989,1,0.311
2025,E01033095,0.458588443117641,945,0.674734345811563,945,0.509561570511813,632,1.00184093323306,0.998040929167655,0.0296296296296296,0.207407407407407,0.0427215189873418,0.387301587301587,0.11005291005291,0.0380952380952381,0.387301587301587,0.0537974683544304,5,0.105
2025,E01033096,0.610534756233181,1084,0.890741838840886,1084,0.794440073149949,590,1.01529101568303,0.999967824778582,0.0396678966789668,0.331180811808118,0.0711864406779661,0.500922509225092,0.104243542435424,0.0507380073800738,0.500922509225092,0.0830508474576271,5,0.102
2025,E01033097,1.55721604661168,508,1.00488953991888,508,1.20150005656404,361,0.977189820262723,0.998544271961465,0.0708661417322835,0.291338582677165,0.07202216066482,0.580708661417323,0.25,0.135826771653543,0.580708661417323,0.132963988919668,1,0.233
2025,E01033228,0.867143039081025,1228,0.312083422469521,1228,0.700636689835929,1080,1.00579012088849,1.00111059229217,0.0447882736156352,0.107491856677524,0.0481481481481482,0.175895765472313,0.469869706840391,0.0741042345276873,0.175895765472313,0.0759259259259259,1,0.488
2025,E01033299,0.206099784543873,978,0.315757794919274,978,0.181371957074088,818,0.956803086651393,0.98665252699186,0.0132924335378323,0.0787321063394683,0.0146699266503667,0.188139059304703,0.134969325153374,0.0173824130879346,0.188139059304703,0.019559902200489,4,0.137
2025,E01033300,0.807481367031524,836,0.578640007992538,836,0.638706508953146,694,0.932007597473824,0.986890671723224,0.0322966507177034,0.0777511961722488,0.0345821325648415,0.357655502392345,0.212918660287081,0.0717703349282297,0.357655502392345,0.0720461095100865,2,0.217
2025,E01033302,0.796272651646398,806,0.560917397396259,806,0.639703636931225,563,0.967782934474448,0.988037029195973,0.0397022332506204,0.147642679900744,0.0408525754884547,0.331265508684864,0.202233250620347,0.0694789081885856,0.331265508684864,0.0710479573712256,3,0.182
2025,E01033303,1.59777607117509,494,1.25390083230521,494,1.43076564605694,348,0.961608083315565,0.989505815022295,0.0850202429149798,0.315789473684211,0.0919540229885057,0.744939271255061,0.184210526315789,0.137651821862348,0.744939271255061,0.158045977011494,3,0.175
2025,E01033372,0.140479890016921,492,0.335215688127399,492,0.153081002607665,354,0.986731959904951,0.996765791366368,0.00609756097560976,0.105691056910569,0.00847457627118644,0.193089430894309,0.040650406504065,0.0121951219512195,0.193089430894309,0.0169491525423729,9,0.042
2025,E01033373,0.802763162108957,608,0.538067906544642,608,0.672798275180874,449,1.00572634614935,1.00180216436181,0.0460526315789474,0.174342105263158,0.0534521158129176,0.305921052631579,0.180921052631579,0.0674342105263158,0.305921052631579,0.0712694877505568,4,0.168
2025,E01033375,0.125367059965308,724,0.238664120424091,724,0.104593901382634,598,0.98693444529851,0.996900823797335,0.00414364640883978,0.0704419889502762,0.00501672240802676,0.136740331491713,0.0400552486187845,0.0110497237569061,0.136740331491713,0.0117056856187291,10,0.031
2025,E01033376,0.11110349955184,303,0.518475293300363,303,0.0430963842496464,230,0.974295182934564,0.99640443545683,0.0033003300330033,0.135313531353135,0.00434782608695652,0.303630363036304,0.0264026402640264,0.0099009900990099,0.303630363036304,0.00434782608695652,10,0.021
2025,E01033378,0.100911731043016,498,1.03154626674715,498,0.0956069833442037,306,1.00187458163541,0.998952546919081,0.00803212851405622,0.329317269076305,0.00980392156862745,0.588353413654619,0.0140562248995984,0.00803212851405622,0.588353413654619,0.00980392156862745,9,0.017
2025,E01033747,0.625387012798203,714,0.267668678081565,714,0.530034482425924,629,1.00849190516288,1.00249595070204,0.0322128851540616,0.0784313725490196,0.0365659777424483,0.15266106442577,0.378151260504202,0.0532212885154062,0.15266106442577,0.0572337042925278,1,0.377
2025,E01033748,0.126194124862917,563,0.346533260085079,563,0.0930908319873449,492,0.932586115377587,0.99173346721527,0.00710479573712256,0.0621669626998224,0.00609756097560976,0.207815275310835,0.0461811722912966,0.0106571936056838,0.207815275310835,0.0101626016260163,6,0.06
2025,E01033749,0.339006608197436,104,1.13791539523565,104,0.124048713115889,65,0.919129588669903,0.992058993840081,0.0192307692307692,0.144230769230769,0,0.701923076923077,0.0288461538461538,0.0288461538461538,0.701923076923077,0.0153846153846154,6,0.038
2025,E01033750,0.0290781111317645,1061,0.127424835725576,1061,0.0174527410227983,924,0.921665273082578,0.989812672630683,0,0.0273327049952875,0,0.0763430725730443,0.0339302544769086,0.00282752120640905,0.0763430725730443,0.00216450216450216,7,0.035
2025,E01033751,0.72821860951324,668,0.427626615351035,668,0.594402164557147,472,0.942575054119177,0.994804036946717,0.032934131736527,0.094311377245509,0.0338983050847458,0.252994011976048,0.167664670658683,0.062874251497006,0.252994011976048,0.0656779661016949,2,0.155
2025,E01033752,0.0773592859723799,1199,0.444951685095018,1199,0.0597051668506292,1083,0.904713365163613,0.987815985511168,0.00417014178482068,0.0391993327773144,0.00461680517082179,0.278565471226022,0.0200166805671393,0.00667222685571309,0.278565471226022,0.00646352723915051,8,0.015
2025,E01033753,0.0793894932318575,477,0.171145268142761,477,0.0684127389329308,434,0.907588909652541,0.986870883324834,0.00628930817610063,0.0146750524109015,0.00691244239631337,0.106918238993711,0.0230607966457023,0.00628930817610063,0.106918238993711,0.00691244239631337,8,0.022
2025,E01033754,0.280154465348494,1124,0.324923880477088,1124,0.221475168425922,961,0.929163296433061,0.993193195121942,0.0106761565836299,0.0613879003558719,0.0114464099895942,0.194839857651246,0.127224199288256,0.0249110320284698,0.194839857651246,0.0249739854318418,3,0.133
2025,E01033755,0.153536015368392,526,0.601018405345621,526,0.0805105714485955,466,0.907375583839394,0.988667104753931,0.00760456273764259,0.0437262357414449,0.00643776824034335,0.376425855513308,0.0361216730038023,0.0133079847908745,0.376425855513308,0.00858369098712446,6,0.016
2025,E01033756,0.0317651232028851,777,0.309008576896048,777,0.0306196190602512,632,0.921587929097728,0.988973701415241,0.00257400257400257,0.0514800514800515,0.00316455696202532,0.187902187902188,0.0308880308880309,0.00257400257400257,0.187902187902188,0.00316455696202532,6,0.024
2025,E01033757,0.297120825400733,565,0.378520469473836,565,0.263888700104343,401,0.916525163496759,0.991156891065718,0.0106194690265487,0.0424778761061947,0.0124688279301746,0.233628318584071,0.138053097345133,0.0265486725663717,0.233628318584071,0.029925187032419,3,0.138
2025,E01033758,0.194798815617142,711,0.48666901304612,711,0.120339276366698,350,0.907143293445485,0.988675534556642,0.00281293952180028,0.0337552742616034,0.00285714285714286,0.306610407876231,0.080168776371308,0.0182841068917018,0.306610407876231,0.0142857142857143,3,0.073
2025,E01033759,0.401979653547228,1258,0.17199997619918,1258,0.336677765070137,1093,1.01237792071732,1.0009512629102,0.0182829888712242,0.0516693163751987,0.0192131747483989,0.0985691573926868,0.364864864864865,0.0349761526232114,0.0985691573926868,0.0375114364135407,1,0.348
2025,E01033760,0.0726876657584344,764,0.471092430421655,764,0.0747887893568262,345,0.888849018281409,0.986033239388042,0.00261780104712042,0.0196335078534031,0.00289855072463768,0.299738219895288,0.0235602094240838,0.00654450261780105,0.299738219895288,0.00869565217391304,4,0.024
2025,E01033761,0.0549140983665028,1021,0.189334547542858,1021,0.0311742160027703,835,0.899091627096181,0.987849666440093,0.0019588638589618,0.0166503428011753,0.00119760479041916,0.118511263467189,0.0323212536728697,0.00489715964740451,0.118511263467189,0.00359281437125749,5,0.026
2025,E01033762,0.282138795055161,825,0.567835789836666,825,0.28393794610989,461,0.913528199257262,0.990487757608183,0.00848484848484849,0.0472727272727273,0.0108459869848156,0.355151515151515,0.0715151515151515,0.0254545454545455,0.355151515151515,0.0325379609544469,5,0.081
2025,E01033763,0.914539348875813,1043,0.377920926124355,1043,0.811284285536485,760,0.978413460217048,1.00021323246426,0.0335570469798658,0.0776605944391179,0.0394736842105263,0.225311601150527,0.364333652924257,0.0814956855225312,0.225311601150527,0.0921052631578947,1,0.375
2025,E01033764,1.27284276544068,1426,0.438819802554446,1426,1.12279284222414,1147,1.00447625777709,1.00656837950753,0.0504908835904628,0.130434782608696,0.0601569311246731,0.250350631136045,0.479663394109397,0.112201963534362,0.250350631136045,0.125544899738448,1,0.47
2025,E01033765,1.53324893970868,631,0.735400959297691,631,1.28225860139121,402,0.993648143760601,1.00448967721961,0.0554675118858954,0.194928684627575,0.0671641791044776,0.421553090332805,0.339144215530903,0.134706814580032,0.421553090332805,0.141791044776119,1,0.362
2025,E01033766,0.810744473249381,338,1.39180754505593,338,0.638743139823119,234,0.981849810767986,0.997220090716147,0.0502958579881657,0.393491124260355,0.0512820512820513,0.807692307692308,0.0887573964497041,0.0680473372781065,0.807692307692308,0.0683760683760684,4,0.099
2025,E01033767,2.53113250944327,458,0.975373305452244,458,2.35315006880048,333,0.977350118775116,0.999335121838609,0.100436681222707,0.251091703056769,0.12012012012012,0.569868995633188,0.393013100436681,0.222707423580786,0.569868995633188,0.264264264264264,1,0.396
2025,E01033768,1.46851389709013,549,0.844881899975682,549,1.16244261894845,363,0.941881551154624,0.997498077318634,0.0491803278688525,0.14936247723133,0.0633608815426997,0.510018214936248,0.269581056466302,0.131147540983607,0.510018214936248,0.129476584022039,1,0.273
